age,education_num,hours_per_week,occupation_prestige,sex,income_high
54,10,65,0.328,1,1
17,16,52,0.187,1,0
52,13,40,0.346,1,1
50,12,53,0.538,1,0
46,16,24,0.401,0,0
17,13,44,0.304,0,1
42,10,35,0.753,1,1
31,11,32,0.327,0,0
22,10,58,0.606,1,0
38,14,32,0.44,0,0
49,11,35,0.562,0,1
35,14,64,0.656,1,1
32,11,43,0.335,0,0
35,7,52,0.513,1,0
29,13,15,0.429,0,1
21,13,37,0.621,1,0
37,10,35,0.223,0,0
17,8,38,0.865,1,0
52,12,43,0.621,1,0
32,9,63,0.514,1,1
32,6,25,0.81,1,1
39,7,56,0.38,1,1
69,7,46,0.2,0,0
46,13,51,0.474,1,0
25,9,32,0.62,1,0
31,6,66,0.609,1,0
25,9,43,0.563,0,0
50,10,22,0.438,0,0
38,6,37,0.443,0,0
36,16,51,0.556,1,1
48,9,42,0.539,0,0
37,14,32,0.474,1,1
48,13,36,0.356,1,1
55,11,26,0.341,0,0
56,12,32,0.498,1,0
39,11,35,0.521,1,1
38,9,47,0.487,1,0
44,11,48,0.254,0,0
27,9,33,0.273,0,0
68,13,38,0.491,1,1
23,16,29,0.425,1,1
41,9,32,0.248,1,1
39,8,52,0.802,1,1
33,8,33,0.695,1,1
37,16,51,0.34,1,0
29,8,43,0.711,0,0
52,9,32,0.687,1,0
47,9,52,0.587,1,1
43,6,24,0.328,1,1
44,12,20,0.356,0,0
30,7,43,0.392,0,0
26,12,45,0.476,1,0
33,12,49,0.183,0,1
36,13,43,0.78,1,0
35,11,47,0.515,1,1
43,8,51,0.476,1,0
33,12,47,0.522,1,0
38,12,26,0.504,0,1
48,7,46,0.466,1,0
55,11,59,0.637,1,1
47,10,50,0.336,1,1
44,6,69,0.649,1,0
55,11,19,0.609,1,1
17,11,58,0.671,1,0
42,12,37,0.361,1,0
42,12,20,0.142,0,0
34,16,18,0.89,1,0
32,11,40,0.527,0,0
52,7,46,0.329,1,0
24,14,30,0.778,1,1
17,12,36,0.208,1,1
33,10,39,0.228,0,1
38,13,39,0.607,1,0
17,10,16,0.287,0,0
34,13,34,0.435,1,1
29,5,47,0.642,1,0
38,12,40,0.711,1,1
58,13,39,0.319,0,0
49,4,20,0.489,0,0
20,11,38,0.47,1,1
17,13,23,0.109,0,0
18,9,39,0.412,1,0
25,11,36,0.567,1,1
39,12,31,0.273,0,0
42,12,57,0.502,1,0
36,10,24,0.856,0,0
21,14,41,0.126,0,1
39,5,34,0.31,0,0
58,11,30,0.459,1,0
31,7,18,0.609,0,0
54,11,33,0.363,0,0
33,9,23,0.627,0,0
25,9,14,0.507,1,0
37,9,40,0.126,0,0
59,13,21,0.591,0,1
51,8,37,0.853,0,0
33,12,22,0.553,1,0
45,13,14,0.215,0,0
37,9,46,0.402,0,1
34,13,33,0.552,0,1
54,12,41,0.431,1,1
17,12,43,0.539,1,1
36,11,27,0.644,0,0
40,12,39,0.491,0,1
45,9,25,0.836,1,1
32,14,35,0.358,1,0
49,16,41,0.494,1,1
41,8,48,0.389,0,0
17,13,34,0.787,1,1
26,8,32,0.601,0,0
18,11,52,0.538,1,1
49,10,50,0.336,1,0
32,10,50,0.507,0,1
30,12,46,0.803,1,0
32,7,32,0.506,0,0
28,16,40,0.474,1,1
27,12,39,0.183,0,1
40,14,27,0.645,1,1
21,10,42,0.397,0,0
40,10,47,0.559,1,0
41,15,45,0.613,1,0
61,12,33,0.384,1,1
29,10,36,0.3,0,0
63,12,35,0.475,1,0
75,9,45,0.265,1,1
48,13,38,0.582,1,0
31,9,44,0.294,0,0
35,11,37,0.844,1,1
37,10,41,0.327,1,0
44,7,32,0.73,1,1
27,10,31,0.377,1,1
39,13,47,0.355,1,0
31,8,43,0.129,0,1
23,15,37,0.572,1,1
30,12,34,0.516,1,0
51,8,43,0.318,1,1
50,13,43,0.153,0,1
43,11,33,0.623,1,0
21,10,40,0.441,0,0
17,13,33,0.389,1,0
45,9,39,0.694,1,0
60,12,40,0.603,1,0
35,12,38,0.096,0,1
49,11,48,0.652,1,1
43,12,50,0.368,1,1
26,9,15,0.28,0,1
36,10,41,0.685,1,1
24,10,47,0.354,0,0
36,11,51,0.419,1,1
48,9,49,0.257,0,0
34,14,39,0.467,1,1
44,10,35,0.386,1,0
50,16,43,0.231,1,0
27,10,31,0.535,1,1
48,8,32,0.485,1,0
25,8,24,0.511,0,0
80,10,36,0.092,0,0
47,9,58,0.533,1,0
40,7,45,0.165,0,0
44,9,45,0.571,1,1
19,12,48,0.279,1,0
69,16,39,0.668,1,1
22,8,40,0.461,1,0
35,11,32,0.336,0,1
49,9,36,0.311,0,0
17,10,58,0.495,1,1
47,11,50,0.373,1,0
37,11,57,0.45,0,0
47,12,32,0.481,0,0
42,12,37,0.662,1,1
61,11,48,0.37,1,0
59,11,41,0.256,0,0
42,6,50,0.799,1,0
38,11,52,0.469,1,1
48,9,31,0.278,0,0
46,8,26,0.242,0,0
36,10,46,0.724,1,1
38,7,34,0.522,0,0
17,6,52,0.105,0,0
46,9,32,0.489,0,0
38,9,30,0.728,0,0
18,11,24,0.74,1,0
27,11,46,0.657,1,1
17,5,44,0.557,0,0
17,7,43,0.391,0,0
43,8,33,0.413,1,0
29,10,39,0.775,1,0
40,8,45,0.429,0,0
30,12,41,0.823,1,0
34,12,36,0.926,1,1
43,14,61,0.217,1,1
29,12,34,0.534,1,0
51,11,43,0.626,1,1
32,4,54,0.472,1,0
52,8,41,0.496,0,1
39,7,51,0.484,1,0
24,11,51,0.605,1,0
28,15,33,0.329,0,1
53,13,37,0.154,0,1
48,5,48,0.331,1,0
17,8,39,0.481,1,0
17,15,47,0.521,1,1
36,14,14,0.501,0,1
48,12,39,0.605,1,1
17,10,40,0.67,1,0
17,12,40,0.696,1,1
34,12,18,0.264,0,0
24,10,32,0.631,1,1
32,11,50,0.454,1,1
41,9,37,0.321,0,0
39,11,50,0.612,1,0
40,11,53,0.598,1,1
34,13,27,0.591,1,0
19,10,43,0.317,0,0
62,10,41,0.563,1,1
40,15,58,0.604,1,1
17,6,18,0.407,0,0
34,11,41,0.777,1,1
52,8,58,0.331,0,0
47,14,32,0.367,0,1
31,5,36,1.0,0,1
32,12,12,0.206,1,1
33,11,59,0.579,1,0
35,13,41,0.541,1,1
46,6,40,0.292,0,0
52,12,41,0.68,1,1
40,10,47,0.331,1,1
17,9,39,0.444,1,0
58,9,49,0.504,0,1
42,13,46,0.598,1,1
46,9,51,0.578,0,1
36,13,62,0.693,1,0
24,11,62,0.852,1,1
37,13,48,0.304,0,0
49,8,32,0.752,1,1
31,16,33,0.484,1,0
59,16,38,0.803,1,1
17,12,54,0.505,0,1
36,12,47,0.909,1,1
46,10,37,0.286,0,0
23,12,75,0.586,1,0
18,10,34,0.499,0,0
22,9,40,0.4,0,0
47,10,34,0.96,1,1
34,9,15,0.006,0,0
38,11,33,0.861,1,0
75,9,33,0.64,1,0
42,11,25,0.215,0,0
49,9,54,0.855,1,1
31,7,56,0.247,0,1
31,12,61,0.701,1,0
51,7,34,0.671,1,0
66,11,50,0.531,0,0
32,10,45,0.378,0,0
17,10,51,0.676,1,0
53,11,29,0.568,1,0
49,13,35,0.63,0,1
44,12,46,0.645,1,1
20,7,14,0.274,0,0
44,13,29,0.427,0,1
30,13,20,0.427,0,0
73,11,60,0.445,1,1
31,9,46,0.45,0,0
55,10,73,0.543,1,1
45,12,34,0.792,1,1
28,11,53,0.398,1,0
28,13,50,0.567,1,0
59,11,46,0.686,1,1
20,9,28,0.452,1,0
33,8,46,0.59,1,0
31,10,49,0.446,0,0
48,11,41,0.387,0,1
45,8,41,0.563,1,0
17,8,40,0.711,0,0
50,10,30,0.453,0,0
41,11,49,0.284,0,0
17,11,38,0.75,0,1
17,10,44,0.677,1,0
53,12,32,0.675,0,1
57,9,30,0.234,0,0
59,13,60,0.456,1,1
42,5,38,0.152,0,0
60,15,21,0.301,0,0
31,16,41,0.641,1,1
41,7,57,0.45,0,1
19,8,26,0.642,0,0
27,9,26,0.477,1,0
45,8,36,0.497,0,1
59,14,28,0.254,1,0
47,13,59,0.243,1,1
42,13,55,0.551,1,0
27,6,65,0.728,1,1
36,12,52,0.748,1,1
32,11,31,0.529,1,1
58,10,39,0.445,1,1
19,11,54,0.512,1,0
32,11,51,0.58,1,1
43,10,39,0.392,0,0
41,10,40,0.347,0,0
31,6,47,0.345,0,0
37,11,51,0.262,0,0
32,9,39,0.498,1,0
28,13,37,0.862,1,1
37,10,42,0.421,0,0
17,15,40,0.645,1,0
43,12,41,0.38,0,0
48,16,34,0.577,1,1
25,13,22,0.521,0,1
30,10,37,0.507,0,1
26,10,36,0.431,1,1
31,13,63,0.668,1,1
17,13,58,0.305,1,1
39,14,38,0.486,0,1
36,10,51,0.84,1,0
37,10,50,0.708,1,1
32,15,38,0.381,1,0
21,13,44,0.365,0,0
37,7,55,0.35,1,0
43,13,27,0.737,1,0
30,11,36,0.44,0,0
46,11,23,0.396,1,1
24,14,42,0.869,1,1
52,8,34,0.58,0,1
49,12,48,0.35,1,0
17,16,31,0.476,0,0
35,14,39,0.567,1,0
51,5,55,0.751,1,1
21,10,49,0.238,0,0
42,13,42,0.651,1,0
45,13,44,0.492,1,0
39,11,35,0.298,0,1
45,9,35,0.491,1,0
36,9,42,0.676,1,0
42,12,41,0.467,1,1
37,14,47,0.794,1,1
34,11,42,0.06,0,0
42,11,48,0.333,0,0
33,10,34,0.151,1,1
25,11,41,0.481,1,0
48,10,44,0.658,1,1
50,11,37,0.603,1,1
50,16,40,0.218,0,1
39,15,43,0.708,0,1
44,12,36,0.823,1,0
50,13,35,0.698,1,1
32,12,16,0.651,1,0
50,11,43,0.741,1,1
50,9,54,0.574,1,0
60,11,18,0.519,1,1
44,9,57,0.155,0,0
39,8,31,0.108,0,0
19,15,44,0.541,1,1
20,14,47,0.713,1,1
42,14,36,0.322,0,0
26,14,37,0.365,1,1
17,13,48,0.435,1,0
22,13,33,0.576,0,0
52,11,35,0.617,0,0
26,12,43,0.52,1,0
35,10,29,0.516,1,0
49,11,39,0.478,0,1
43,12,41,0.474,1,0
45,14,44,0.698,1,1
31,16,50,0.602,1,1
46,8,50,0.481,1,0
26,11,42,0.701,1,0
54,15,43,0.376,1,1
41,10,28,0.311,1,0
29,11,39,0.199,0,0
61,12,39,0.765,1,1
34,12,27,0.466,1,0
44,10,59,0.608,1,1
28,16,26,0.275,1,1
32,11,52,0.415,0,1
29,7,25,0.572,1,0
38,16,56,0.431,0,1
35,7,31,0.526,1,0
45,10,55,0.22,1,1
35,10,52,0.766,1,1
28,16,42,0.742,1,1
29,6,62,0.439,1,0
53,12,27,0.373,1,0
17,10,47,0.419,0,0
54,10,60,0.325,1,0
22,12,37,0.181,0,1
53,11,41,0.471,0,0
17,7,33,0.695,1,0
45,11,57,0.477,1,0
39,8,35,0.762,0,0
47,9,37,0.579,0,0
41,12,37,0.204,0,0
49,8,31,0.577,0,0
27,11,34,0.302,0,0
57,7,62,0.471,0,0
20,8,24,0.386,0,1
72,11,51,0.481,1,1
29,6,37,0.495,0,0
39,11,26,0.471,1,1
27,13,62,0.491,1,1
37,14,36,0.551,1,0
22,11,66,0.684,1,1
44,9,36,0.38,0,0
41,8,23,0.331,1,0
43,12,35,0.486,1,1
54,11,42,0.715,1,1
41,9,31,0.388,0,0
46,14,42,0.489,1,0
42,11,54,0.662,0,1
30,13,58,0.657,1,1
59,15,50,0.368,1,1
56,10,53,0.516,0,1
51,14,45,0.318,0,0
21,7,31,0.586,0,0
39,10,39,0.399,1,0
30,10,42,0.617,0,0
40,12,40,0.171,0,0
35,7,43,0.469,0,0
34,12,26,0.267,0,0
42,8,42,0.636,1,0
43,8,60,0.478,1,1
46,13,57,0.484,1,0
55,15,32,0.985,1,1
75,6,29,0.278,0,0
37,9,26,0.484,1,1
60,13,44,0.513,1,1
31,16,36,0.764,1,1
24,13,29,0.427,0,0
39,8,43,0.321,0,0
48,10,21,0.246,1,1
31,8,17,0.676,1,0
25,14,30,0.331,1,0
47,11,40,1.0,1,0
42,9,41,0.435,0,0
24,9,49,0.574,1,0
44,12,31,0.354,0,0
46,9,50,1.0,1,0
42,11,47,0.746,1,1
44,14,37,0.378,1,0
44,12,40,0.574,1,1
44,12,46,0.262,0,1
50,9,56,0.643,0,0
48,8,34,0.544,1,0
55,10,27,0.493,0,1
33,9,40,0.567,0,0
35,15,21,0.328,1,0
23,12,45,0.601,0,1
32,9,30,0.575,1,0
34,7,54,0.625,1,0
25,13,52,0.694,1,1
46,13,41,0.447,1,1
32,8,44,0.306,0,0
61,6,44,0.321,0,1
44,10,33,0.362,0,0
38,11,36,0.312,1,0
41,10,70,0.289,1,1
32,14,51,0.493,1,0
57,7,46,0.464,0,1
59,16,46,0.788,1,0
51,12,28,0.209,1,0
46,10,36,0.664,0,0
33,9,40,0.568,0,0
22,10,45,0.59,1,0
33,13,48,0.539,1,1
67,13,52,0.869,1,1
29,11,32,0.517,0,0
36,10,26,0.319,1,0
44,9,30,0.404,1,0
56,15,53,0.476,1,1
49,7,34,0.551,1,1
40,10,45,0.39,0,1
61,15,38,0.673,1,1
44,10,56,0.482,1,1
29,11,41,0.257,1,0
21,9,36,0.711,1,0
26,14,21,0.664,1,1
48,13,39,0.292,0,0
66,8,42,0.424,0,0
54,11,52,0.489,1,0
35,8,41,0.457,1,0
44,9,59,0.659,1,0
17,9,34,0.556,1,0
25,14,50,0.729,1,1
59,10,48,0.601,1,1
59,15,47,0.359,1,0
30,13,55,0.609,1,1
45,12,23,0.362,0,1
72,16,28,0.44,1,1
43,11,41,0.752,1,1
43,15,25,0.699,1,0
52,13,50,0.609,1,1
28,16,46,0.21,1,1
17,13,50,0.751,1,0
17,12,43,0.689,1,0
41,9,39,0.681,1,0
24,14,39,0.685,1,0
26,6,51,0.579,1,0
53,12,40,0.5,1,1
35,12,56,0.0,0,0
32,14,54,0.18,1,1
49,11,38,0.395,0,0
53,11,45,0.385,1,0
20,13,37,0.64,0,0
60,13,31,0.419,0,1
32,14,66,0.369,1,1
42,9,35,0.27,1,1
42,10,22,0.685,1,0
40,13,33,0.667,1,0
45,10,60,0.197,0,0
28,7,36,0.762,0,0
25,10,28,0.239,0,0
37,16,40,0.607,1,0
34,13,33,0.584,1,0
30,9,35,0.295,0,0
46,14,49,0.404,1,1
37,7,29,0.516,1,0
48,6,39,0.373,0,0
48,10,42,0.213,1,0
51,15,37,0.359,0,1
43,9,61,0.489,1,0
36,16,57,0.855,1,1
23,7,39,0.521,1,1
49,11,17,0.621,1,1
42,9,39,0.741,1,1
35,13,36,0.691,1,0
19,12,35,0.768,1,1
35,12,30,0.169,0,1
39,14,37,0.356,1,1
33,12,32,0.434,1,0
44,10,26,0.463,0,0
29,8,28,0.602,1,1
35,9,33,0.111,0,0
33,8,55,0.269,0,0
49,12,42,0.311,0,0
47,13,64,0.473,1,1
21,15,39,0.759,1,0
24,11,36,0.545,1,0
40,14,51,0.567,1,0
39,10,53,0.249,1,0
33,12,45,0.604,1,1
39,11,45,0.299,0,0
61,16,19,0.529,0,1
17,15,56,0.516,1,1
30,6,47,0.542,1,0
33,8,59,0.558,1,0
35,9,39,0.201,0,0
27,14,42,0.615,1,1
29,12,50,0.596,1,0
43,9,41,0.463,0,1
34,7,39,0.874,1,0
37,12,34,0.263,0,0
46,12,45,0.935,1,1
42,10,44,0.517,1,1
51,10,40,0.61,1,1
39,12,55,0.324,1,1
17,8,49,0.794,1,1
54,10,39,0.758,1,1
18,9,15,0.195,0,1
17,14,45,0.252,1,0
51,8,52,0.376,0,0
31,8,45,0.497,1,1
42,11,63,0.543,1,1
50,11,43,0.383,0,1
52,9,23,0.348,1,1
22,10,44,0.576,1,1
59,10,52,0.763,1,1
44,10,60,0.459,1,0
19,11,36,1.0,1,1
35,12,40,0.694,1,1
17,11,34,0.025,0,0
34,12,36,0.531,1,0
45,13,41,0.524,1,1
42,12,45,0.489,1,0
25,9,39,0.476,1,0
27,14,42,0.646,1,1
47,13,34,0.645,1,1
43,11,58,0.41,1,0
31,7,27,0.04,0,0
46,15,24,0.602,1,0
35,10,43,0.453,1,0
33,12,41,0.41,1,1
45,11,70,0.55,1,1
34,5,26,0.592,1,0
49,15,44,0.491,1,1
43,8,60,0.796,1,1
55,8,43,0.6,0,0
24,11,47,0.154,0,1
21,9,38,0.374,1,1
41,13,43,0.441,1,1
17,13,50,0.369,1,1
55,10,50,0.319,1,0
40,8,41,0.632,0,0
30,14,50,0.32,1,0
49,12,36,0.541,0,0
22,15,39,0.418,1,1
47,11,33,0.172,0,1
53,13,27,0.494,1,1
43,10,46,0.202,0,0
40,8,51,0.102,1,0
49,14,48,0.624,0,0
34,10,49,0.562,1,0
34,10,46,0.723,1,1
53,7,40,0.462,0,1
52,9,42,0.597,0,0
44,10,38,0.347,1,0
38,9,44,0.633,0,0
47,4,26,0.513,1,0
47,16,59,0.408,1,0
17,16,49,0.528,1,0
31,12,26,0.639,1,1
50,13,37,0.676,1,1
25,10,47,0.331,1,0
34,11,35,0.724,1,1
55,11,59,0.571,1,1
33,15,48,0.805,1,1
66,13,56,0.521,1,1
31,15,30,0.544,1,1
59,10,33,0.426,0,0
24,13,36,0.495,1,0
35,13,41,0.89,1,1
38,6,16,0.498,0,0
37,13,23,0.43,1,0
38,11,46,0.66,1,1
36,12,42,0.606,1,1
30,11,41,0.798,1,0
30,14,42,0.523,0,1
30,9,52,0.099,1,0
39,11,45,0.603,0,1
33,16,43,0.352,1,0
25,11,25,0.32,0,1
43,11,35,0.467,0,0
58,16,53,0.564,1,1
47,12,36,0.256,0,1
23,11,54,0.473,1,0
26,13,39,0.567,1,0
38,9,43,0.344,1,0
43,12,12,0.36,0,0
53,11,56,0.29,1,0
52,13,42,0.839,1,0
24,10,52,0.779,1,0
26,4,21,0.513,0,0
50,10,41,0.829,1,1
39,13,32,0.574,1,1
36,7,33,0.125,0,0
34,16,46,0.735,1,1
37,7,21,0.257,0,1
29,5,39,0.433,1,0
32,10,53,0.647,0,1
60,13,52,0.392,1,1
51,13,55,0.598,1,0
23,16,24,0.508,1,0
42,9,46,0.427,1,0
34,9,48,0.579,1,0
46,6,24,0.084,0,1
23,11,37,0.0,1,0
52,8,30,0.175,0,0
44,15,30,0.463,0,1
30,13,43,0.389,1,0
39,9,29,0.446,1,1
45,5,43,0.865,1,1
24,14,48,0.623,1,0
50,10,40,0.346,0,0
34,10,47,0.393,1,1
32,8,46,0.574,0,0
21,9,44,1.0,1,1
57,15,65,0.525,1,1
36,14,65,0.441,1,1
34,9,35,0.567,1,0
43,10,37,0.355,1,1
41,10,35,0.055,1,0
52,13,41,0.351,1,0
21,5,18,0.459,0,0
42,7,49,0.472,1,1
43,5,51,0.566,0,0
53,10,45,0.408,1,0
34,15,63,0.735,1,1
40,11,48,0.301,1,1
25,14,25,0.192,1,0
38,13,43,0.553,1,1
48,13,54,0.425,1,1
49,11,43,0.416,0,0
48,11,48,0.732,1,1
65,12,64,0.229,1,1
37,9,46,0.388,0,1
57,10,57,0.834,1,1
42,13,33,0.465,1,0
33,13,51,0.058,1,0
60,10,26,0.467,0,1
49,11,38,0.273,0,0
51,12,46,0.161,0,1
29,12,53,0.364,1,0
24,14,36,0.496,1,0
26,14,42,0.423,1,1
26,14,42,0.713,1,0
31,7,20,0.126,0,0
43,11,21,0.661,1,0
63,13,30,0.689,1,1
60,15,55,0.369,0,1
55,13,44,0.443,1,0
38,11,36,0.434,0,1
38,9,61,0.381,1,1
43,11,26,0.717,0,0
55,12,50,0.734,1,1
17,11,34,0.582,0,1
43,15,38,0.806,1,1
44,16,39,0.473,1,1
45,11,50,0.455,1,1
33,10,39,0.313,0,0
22,13,39,0.512,1,0
42,14,37,0.456,1,1
57,9,37,0.446,1,0
23,10,56,0.078,0,0
34,15,42,0.315,1,0
26,12,25,0.234,0,0
59,12,41,0.38,1,0
29,11,33,0.457,0,0
46,6,43,0.359,0,1
17,10,43,0.39,0,1
37,7,42,0.376,0,0
59,9,27,0.19,0,0
56,6,46,0.974,1,1
23,13,33,0.617,1,1
62,8,39,0.898,1,1
35,11,46,0.771,1,1
35,12,69,0.749,1,0
43,14,47,0.517,1,1
17,12,33,0.492,0,0
40,7,37,0.528,0,0
42,11,39,0.795,1,1
50,12,52,0.578,1,1
30,16,42,0.356,1,1
33,9,25,0.018,0,0
20,7,48,0.77,1,0
40,7,17,0.33,0,0
52,14,52,1.0,1,1
57,11,35,0.816,0,1
48,12,63,0.862,1,0
49,8,35,0.361,0,0
44,12,45,0.665,1,1
43,10,33,0.403,1,0
49,14,17,0.714,0,1
27,11,46,0.683,1,1
69,8,66,0.453,1,1
26,8,28,0.446,1,0
68,10,29,0.813,1,1
53,11,10,0.848,1,1
57,8,48,0.701,0,0
43,10,39,0.48,0,1
47,13,40,0.3,1,1
34,11,49,0.42,0,1
31,12,42,0.436,1,0
28,11,34,0.68,1,0
56,8,21,0.233,0,1
52,8,33,0.405,0,0
36,9,31,0.058,0,0
37,12,27,0.329,1,0
49,8,43,0.633,0,0
32,10,35,0.886,1,0
28,11,52,0.333,1,0
39,9,26,0.644,0,1
58,13,43,0.448,0,1
45,14,51,0.637,1,1
58,16,35,0.78,1,1
33,12,14,0.601,0,1
52,13,26,0.69,0,0
41,13,51,0.81,1,1
42,8,26,0.411,0,0
34,13,36,0.464,1,0
67,12,34,0.231,0,1
20,5,28,0.702,0,0
40,12,56,0.626,1,0
20,12,42,0.308,1,0
33,13,30,0.426,1,1
52,13,55,0.55,1,0
33,13,16,0.264,0,0
41,10,40,0.485,1,0
20,10,55,0.604,1,1
51,11,36,0.203,1,0
46,8,40,0.526,1,0
56,14,25,0.697,1,1
30,11,51,0.82,1,1
53,13,45,0.606,1,0
44,16,47,0.606,1,0
31,14,49,0.197,0,0
35,10,39,0.572,1,0
58,7,30,0.469,1,0
49,12,38,0.735,1,0
33,8,59,0.994,0,0
18,14,55,0.612,1,1
42,12,25,0.781,1,0
52,13,35,0.682,1,0
27,6,44,0.278,0,0
67,11,55,0.679,1,1
75,11,67,0.67,1,1
46,14,40,0.552,1,1
27,6,37,0.624,0,0
34,12,45,0.458,1,1
19,13,46,0.672,1,1
36,13,53,0.77,1,1
37,12,26,0.613,1,0
22,13,40,0.447,0,0
17,10,34,0.075,0,0
32,12,58,0.746,1,1
31,13,32,0.739,1,0
50,9,31,0.694,0,0
34,11,30,0.066,0,1
46,12,14,0.455,1,0
17,15,59,0.494,1,0
41,11,41,0.495,1,0
48,16,60,0.741,1,0
40,9,51,0.562,1,0
40,9,44,0.521,1,0
32,7,26,0.563,1,0
45,7,53,0.229,0,0
43,10,45,0.628,1,0
23,12,29,0.465,1,0
33,16,43,0.477,1,1
37,13,41,0.522,1,0
39,6,45,0.402,0,0
34,10,25,0.781,1,1
37,5,36,0.306,0,0
37,8,41,0.576,1,0
33,10,35,0.594,1,1
42,13,35,0.768,1,0
17,8,48,0.387,0,0
25,8,43,0.58,1,0
43,14,53,0.57,1,1
27,10,36,0.749,1,0
21,10,44,0.554,1,0
42,9,44,0.335,0,0
44,11,45,0.036,1,0
39,7,51,0.238,0,0
26,9,40,0.309,0,1
17,11,53,0.71,1,1
36,14,48,0.686,1,0
49,16,50,0.744,1,1
41,12,18,0.443,0,1
41,7,47,0.365,1,0
61,11,29,0.484,1,1
29,10,61,0.423,1,0
35,11,45,0.178,0,0
38,13,51,0.458,1,0
37,11,47,0.409,1,0
21,10,32,0.195,1,1
17,14,44,0.295,1,0
61,13,38,0.718,1,1
35,11,37,0.379,0,1
22,13,32,0.406,0,0
37,5,15,0.355,0,0
53,9,45,0.91,1,0
38,10,34,0.574,0,0
35,13,45,0.327,1,1
44,6,46,0.563,1,1
17,14,37,0.293,0,0
38,10,36,0.787,1,0
24,14,27,0.663,0,1
36,12,52,0.671,1,1
24,9,30,0.5,1,0
38,13,69,0.605,1,1
23,13,50,0.61,1,0
54,12,34,0.556,1,1
27,11,53,0.443,1,0
55,16,45,0.408,1,1
46,15,49,0.294,1,1
17,12,40,0.463,1,1
26,8,58,0.355,0,0
63,8,16,0.629,0,0
43,11,41,0.502,1,1
29,12,20,0.434,0,0
43,15,47,0.791,1,1
30,14,12,0.477,0,0
18,11,33,0.35,0,0
37,12,31,0.194,0,0
69,12,24,0.77,1,1
31,13,38,0.386,1,1
31,9,34,0.502,1,0
17,12,48,0.702,1,1
32,11,29,0.621,0,1
46,9,25,0.328,0,0
36,14,43,0.82,1,1
32,9,56,0.641,1,1
48,8,32,0.499,0,0
31,13,29,0.33,0,0
55,11,52,0.531,0,0
35,8,19,0.528,0,0
34,12,32,0.449,1,0
33,7,47,0.542,1,0
35,9,53,0.361,1,0
28,12,58,0.548,0,1
17,13,37,0.246,1,0
17,11,29,0.513,0,0
67,11,32,0.722,1,1
39,10,47,0.64,1,1
48,12,43,0.736,1,0
30,10,48,0.515,1,1
34,14,46,0.727,1,0
64,14,33,0.528,0,1
43,9,38,0.416,1,0
52,13,47,0.658,1,0
40,12,61,0.644,1,1
54,11,33,0.248,0,1
54,11,17,0.407,0,0
45,15,69,0.426,1,1
20,11,41,0.56,0,0
53,11,40,0.464,1,1
29,8,44,0.653,0,0
25,9,28,0.318,0,0
43,11,45,0.555,1,1
65,13,32,0.612,1,1
27,8,51,0.588,1,1
17,16,44,0.365,1,0
50,13,24,0.343,0,0
38,9,53,0.292,1,0
30,12,30,0.549,0,1
17,14,29,0.726,1,0
33,12,39,0.574,1,0
60,9,50,0.696,1,0
57,15,51,0.324,1,0
63,11,57,0.488,1,1
35,13,49,0.246,1,1
26,7,52,0.567,1,0
54,12,42,0.597,1,1
36,8,29,0.334,1,0
27,12,48,0.565,1,0
68,11,42,0.182,1,1
39,13,42,0.558,1,0
23,12,61,0.617,1,1
55,11,51,0.301,0,0
33,11,28,0.245,0,0
48,12,62,0.659,1,1
37,12,22,0.528,0,1
40,15,44,0.547,1,0
34,8,40,0.54,0,0
56,10,43,0.552,1,1
45,10,73,0.461,1,0
38,10,55,0.581,1,0
61,12,53,1.0,1,0
60,12,51,0.643,1,1
24,12,55,0.537,1,0
22,11,53,0.434,0,0
42,15,38,0.622,0,0
34,8,28,0.246,0,0
32,7,29,0.51,0,0
27,15,44,0.566,1,1
59,10,35,0.696,1,1
59,13,36,0.325,0,0
42,13,43,0.365,1,1
35,15,44,0.472,1,1
42,15,44,0.25,1,0
39,11,45,0.462,1,1
41,11,42,0.846,1,0
19,9,26,0.11,0,0
26,10,37,0.31,1,1
34,14,48,0.43,0,0
38,12,54,0.714,1,0
55,15,31,0.838,1,0
38,7,40,0.411,0,0
37,10,47,0.827,1,1
53,9,56,0.474,1,1
42,12,51,0.352,0,1
39,15,54,0.821,1,1
26,6,36,0.434,0,0
55,13,42,0.188,1,0
24,7,40,0.242,0,1
37,14,51,0.56,1,0
35,12,43,0.595,1,1
17,12,42,0.651,1,1
39,14,31,0.441,1,1
30,13,31,0.658,0,1
46,12,27,0.286,0,1
35,11,49,0.214,0,1
47,12,38,0.721,1,0
47,11,37,0.807,1,1
32,13,39,0.846,1,0
43,11,23,0.287,0,0
28,13,56,0.397,0,0
43,12,41,0.338,1,1
46,14,41,0.79,1,1
50,9,34,0.705,0,0
51,7,49,0.534,0,0
56,13,51,0.756,1,1
35,10,29,0.751,0,0
53,10,21,0.498,0,0
31,11,20,0.412,0,1
29,11,27,0.479,1,1
46,11,50,0.742,1,0
37,11,41,0.582,0,1
48,12,60,0.573,1,1
53,16,36,0.582,1,1
43,7,17,0.279,0,0
19,10,30,0.3,0,0
21,16,48,0.821,1,0
20,16,45,0.638,1,0
41,15,47,0.482,1,1
47,10,48,0.536,1,0
58,11,57,0.435,1,0
33,16,45,0.138,0,1
30,11,40,0.513,1,0
50,13,44,0.295,1,1
50,14,49,0.71,1,1
22,12,25,0.524,1,0
42,11,41,0.473,1,0
40,8,45,0.36,0,1
23,11,53,0.33,1,0
45,10,39,0.412,1,0
39,15,52,0.423,1,1
27,7,26,0.292,0,0
39,11,68,0.47,1,0
31,13,38,0.36,1,1
64,9,33,0.68,1,1
38,12,41,0.648,1,0
17,11,37,0.71,1,0
58,11,55,0.715,1,1
27,13,40,0.453,1,1
39,9,32,0.46,1,0
43,6,53,0.436,1,1
41,11,36,0.529,0,1
65,13,42,0.529,1,1
38,12,63,0.328,1,1
26,9,23,0.46,0,0
40,12,63,0.399,1,1
37,9,25,0.507,0,1
51,11,25,0.418,1,1
36,13,56,0.777,1,1
28,13,41,0.458,0,0
41,14,53,0.384,1,1
17,14,66,0.584,1,1
73,6,27,0.346,1,0
39,11,40,0.467,1,0
31,13,17,0.567,1,0
34,12,48,0.292,1,0
46,8,30,0.744,1,1
30,13,35,0.52,1,0
54,7,36,0.12,0,1
42,10,40,0.567,1,0
55,11,46,0.432,1,1
36,13,56,0.655,1,1
68,6,48,0.161,1,1
36,11,55,0.754,1,1
25,11,41,0.4,0,0
38,13,29,0.61,1,1
30,9,35,0.679,1,1
33,12,43,0.345,1,1
45,12,48,0.569,1,1
45,11,43,0.518,1,1
24,12,44,0.564,0,1
33,14,28,0.482,1,1
51,12,29,0.407,1,1
27,11,35,0.346,1,0
37,10,51,0.595,1,0
46,13,42,0.655,1,1
48,14,33,0.373,1,0
55,12,42,0.838,1,1
50,10,44,0.695,1,1
35,16,23,0.616,0,1
26,11,61,0.49,1,1
33,11,20,0.57,0,0
56,10,50,0.636,1,1
33,9,45,0.488,0,1
40,13,27,0.546,1,1
50,9,42,0.563,0,1
41,5,35,0.591,1,0
45,13,60,0.532,1,1
40,8,19,0.348,0,0
34,10,48,0.559,1,0
27,7,49,0.531,0,0
24,11,27,0.441,0,0
38,9,41,0.139,0,0
30,9,40,0.507,1,1
17,8,44,0.272,0,0
52,13,34,0.506,1,1
32,8,45,0.691,1,1
42,10,47,0.184,0,1
20,11,43,0.388,0,0
39,12,47,0.5,1,1
49,9,44,0.473,0,0
21,14,40,0.403,1,0
23,9,44,0.575,0,0
34,10,39,0.291,1,0
57,12,44,0.434,1,0
46,10,32,0.515,0,0
28,11,48,0.498,1,1
25,12,58,0.712,1,0
36,7,21,0.193,1,0
32,13,34,0.482,0,0
34,9,11,0.269,1,0
32,11,35,0.42,1,1
37,7,45,0.548,1,1
31,10,31,0.305,0,0
41,9,45,0.697,1,0
36,16,45,0.633,0,0
37,15,63,0.467,1,1
54,11,28,0.589,0,0
40,10,45,0.538,1,1
46,10,36,0.813,0,1
33,10,51,0.622,1,0
25,11,39,0.514,1,1
17,11,44,0.496,1,0
32,11,26,0.279,0,0
38,10,46,0.64,1,1
46,16,45,0.399,1,1
41,4,44,0.335,1,0
29,12,43,0.561,1,1
32,9,34,0.716,1,0
46,11,33,0.458,1,1
46,8,45,0.332,0,0
17,11,46,0.463,1,0
17,12,61,0.918,1,1
37,14,38,0.63,1,1
52,9,58,0.662,1,1
55,13,45,0.142,1,1
36,10,29,0.494,0,1
43,13,45,0.554,1,1
17,11,45,0.244,0,0
75,11,19,0.214,0,1
39,14,64,0.85,1,1
35,10,41,0.355,1,0
45,9,43,0.905,1,0
60,10,48,0.51,1,1
41,13,39,0.38,1,0
31,8,35,0.38,0,1
50,15,55,0.459,1,1
21,12,29,0.571,1,0
62,10,26,0.638,1,0
23,10,47,0.4,0,0
60,11,37,0.315,0,0
60,13,37,0.428,0,0
50,7,39,0.45,0,0
33,10,57,0.547,1,1
34,14,61,0.525,1,1
21,8,50,0.466,0,0
38,14,54,0.338,1,0
46,10,45,0.606,0,0
35,8,40,0.576,0,0
41,9,24,0.552,0,0
41,8,40,0.449,0,0
29,13,39,0.694,1,1
17,8,34,0.767,1,0
56,12,43,0.659,1,1
36,11,37,0.296,0,1
27,12,49,0.424,0,0
39,11,66,0.607,1,1
42,14,53,0.554,1,1
44,7,37,0.511,0,0
52,10,31,0.374,0,1
58,11,43,0.147,0,0
40,9,54,0.703,0,1
31,10,36,0.686,1,0
27,11,51,0.71,1,0
17,14,43,0.524,1,1
39,11,25,0.944,0,1
39,11,46,0.872,1,0
28,5,45,0.954,1,0
51,14,34,0.339,1,1
55,15,26,0.409,1,1
51,10,37,0.272,1,0
47,9,47,0.831,1,0
49,10,56,0.671,1,1
40,12,49,0.26,1,1
48,10,52,0.573,1,1
32,13,42,0.676,1,1
41,8,36,0.917,1,1
43,7,55,0.386,0,0
26,7,51,0.767,1,0
33,9,52,0.507,1,0
25,8,47,0.322,0,0
41,12,53,0.12,0,1
34,10,41,0.257,1,0
32,9,25,0.477,0,1
32,9,36,0.598,1,0
54,12,26,0.603,0,1
49,10,24,0.345,1,0
32,11,53,0.353,0,1
35,15,33,0.232,0,0
49,13,45,0.751,0,0
53,8,34,0.026,0,0
25,10,42,0.171,1,1
26,10,31,0.301,0,0
20,11,27,0.271,1,0
55,12,38,0.152,1,1
47,11,22,0.142,1,1
29,13,62,0.503,0,0
40,15,38,0.418,1,1
20,13,45,0.645,1,0
59,10,47,0.677,1,1
45,7,31,0.414,0,0
31,12,59,0.067,1,1
52,9,33,0.429,0,0
17,14,55,0.617,1,0
40,8,45,0.742,1,0
43,11,47,0.613,0,1
21,14,34,0.771,1,1
47,11,46,0.64,1,1
42,9,38,0.375,1,0
25,8,47,0.676,0,0
39,9,37,0.062,0,0
53,13,50,0.548,1,1
34,8,21,0.392,0,0
40,11,44,0.571,1,1
24,13,33,0.484,1,1
29,14,40,0.91,1,0
17,14,38,0.539,1,0
34,8,48,0.716,1,1
51,10,37,0.376,0,1
33,14,48,0.447,1,0
40,14,27,0.55,1,0
43,13,34,0.63,1,1
38,11,16,0.397,0,0
20,6,53,0.148,1,0
49,13,36,0.777,1,1
32,9,37,0.809,1,0
39,11,44,0.573,1,0
42,8,58,0.438,0,0
57,9,43,0.83,1,1
25,11,39,0.575,1,0
25,9,32,0.62,1,0
28,12,56,0.43,1,0
23,12,55,0.604,1,1
17,6,32,0.635,1,1
57,10,56,0.584,0,1
47,14,45,0.655,1,1
36,7,49,0.762,1,0
42,14,17,0.379,1,0
52,8,28,0.363,1,0
71,10,35,0.663,1,1
32,8,41,0.495,0,0
32,9,56,0.355,0,0
42,7,34,0.451,1,1
35,13,30,0.614,0,0
28,12,61,0.262,1,1
40,12,57,0.385,1,0
27,9,52,0.437,1,1
41,13,49,0.435,1,0
37,10,29,0.614,1,0
49,9,45,0.516,1,0
45,10,26,0.34,0,0
64,10,35,0.207,0,1
51,16,43,0.396,1,1
27,13,39,0.876,1,1
41,16,39,0.978,1,1
42,12,34,0.546,1,0
43,13,58,0.438,1,1
33,9,56,0.75,1,1
27,12,32,0.67,1,0
52,12,40,0.363,1,0
20,10,40,0.519,1,0
26,14,35,0.657,1,1
41,15,46,0.504,1,1
17,8,20,0.349,0,0
35,12,49,0.39,1,1
36,10,42,0.387,1,0
44,13,52,0.631,1,1
42,14,39,0.411,1,1
50,11,25,0.117,0,1
39,14,48,0.37,1,1
38,13,35,0.501,1,1
44,11,33,0.599,1,1
27,6,26,0.079,0,0
39,7,37,0.728,1,0
17,10,33,0.563,0,0
53,14,44,0.26,0,1
45,9,50,0.972,0,0
34,10,29,0.598,1,0
55,15,42,0.729,1,1
36,9,21,0.271,0,0
47,10,51,0.196,0,1
74,14,27,0.591,0,0
43,12,71,0.416,1,1
34,16,39,0.367,1,1
63,11,46,0.333,1,1
38,7,42,0.748,1,0
42,7,30,0.469,0,0
76,12,38,0.892,1,1
18,11,19,0.617,0,0
17,13,48,0.709,1,0
48,7,32,0.646,1,0
47,13,49,0.395,1,0
17,15,46,0.551,1,1
24,10,31,0.697,1,0
57,11,27,0.557,0,1
37,14,56,0.302,1,0
52,8,20,0.102,0,0
48,8,37,0.476,0,0
28,11,27,0.441,1,1
43,10,43,0.153,0,0
56,13,38,0.212,1,0
48,10,27,0.497,1,0
53,10,35,0.181,1,1
40,11,29,0.302,0,0
35,16,53,0.683,1,1
57,14,28,0.564,1,1
39,12,42,0.477,1,0
32,11,38,0.51,1,1
42,11,54,0.613,1,1
45,8,44,0.52,0,0
48,14,27,0.341,1,1
40,15,55,0.995,1,1
40,13,51,0.709,1,1
17,9,32,0.303,0,0
49,8,8,0.507,0,0
21,8,42,0.355,0,0
43,9,42,0.181,0,1
24,8,36,0.242,1,0
36,11,56,0.556,1,1
32,13,31,0.233,0,0
41,10,27,0.964,1,0
49,11,59,0.264,1,0
41,14,38,0.663,1,0
32,11,39,0.589,1,0
32,14,52,0.705,1,1
44,14,44,0.478,1,1
41,12,32,0.639,1,0
48,6,34,0.237,0,0
39,12,38,0.775,1,0
43,15,47,0.694,1,1
33,14,38,0.504,1,0
29,11,44,0.643,1,0
54,10,47,0.595,1,1
19,11,24,0.181,1,0
45,10,60,0.595,1,1
46,14,48,0.546,1,0
50,15,35,0.422,1,1
43,11,42,0.531,1,0
36,8,28,0.266,1,1
25,13,48,0.512,1,0
40,14,33,0.55,1,1
23,16,48,0.712,1,1
41,10,41,0.537,1,0
26,13,55,0.601,1,1
54,13,55,0.641,1,1
30,9,32,0.378,0,0
37,15,65,0.708,1,1
55,11,44,0.544,1,1
32,11,48,0.476,1,0
57,10,37,1.0,1,1
33,10,55,0.593,1,0
37,10,13,0.431,0,0
38,10,45,0.623,0,0
45,13,44,0.629,1,1
34,12,37,0.656,1,1
19,16,42,0.392,1,1
27,10,26,0.434,1,1
62,13,18,0.9,1,0
28,10,49,0.546,1,0
23,5,53,0.393,0,1
53,12,44,0.498,1,0
30,14,32,0.726,1,0
40,10,42,0.641,0,1
37,13,21,0.448,1,0
36,11,53,0.401,1,1
37,11,38,0.502,1,0
31,12,32,0.494,1,0
45,11,46,0.485,1,1
46,15,26,0.725,1,1
28,12,56,0.715,1,1
17,13,43,0.522,1,0
41,10,57,0.468,1,1
41,13,47,0.557,1,1
38,9,20,0.417,0,0
25,10,47,0.527,0,0
45,8,26,0.7,1,0
44,11,26,0.624,1,0
19,5,49,0.743,0,1
35,10,43,0.739,1,1
38,15,53,0.403,1,1
34,14,37,0.513,0,1
43,5,57,0.455,0,0
48,8,34,0.626,0,0
42,14,39,0.443,1,1
27,16,33,0.363,1,1
47,8,30,0.435,0,0
24,7,38,0.393,0,0
62,10,35,0.0,0,0
44,12,40,0.638,1,0
41,12,46,0.284,0,0
36,13,42,0.594,1,0
46,7,47,0.427,1,0
32,7,30,0.526,0,0
35,16,37,0.832,1,1
17,10,38,0.293,0,0
41,14,61,0.099,1,0
36,8,31,0.607,1,1
62,16,50,0.873,1,1
23,12,11,0.33,0,1
43,10,44,0.309,0,0
52,11,50,0.339,0,1
33,10,39,0.269,0,1
37,11,52,0.188,1,0
42,10,53,0.386,1,0
62,9,31,0.304,1,0
57,5,34,0.38,0,0
33,9,35,0.433,0,0
45,10,49,0.66,1,1
25,11,37,0.216,0,0
46,15,45,0.629,1,1
36,10,17,0.257,0,0
39,12,38,0.212,0,0
44,16,39,0.576,1,0
70,9,47,0.377,0,1
21,8,24,0.55,0,0
41,15,57,0.399,0,1
43,12,47,0.565,0,0
30,11,48,0.415,1,0
46,13,35,0.647,1,1
47,15,54,0.536,1,0
31,11,43,0.304,0,0
36,12,52,0.665,1,1
21,13,53,0.471,1,0
43,13,19,0.579,0,0
17,12,42,0.488,1,0
25,8,29,0.267,0,0
40,11,45,0.643,1,0
36,12,17,0.607,0,0
17,7,52,0.356,0,0
53,9,17,0.121,0,0
45,12,41,0.635,1,1
54,7,35,0.608,0,0
35,10,45,0.505,0,1
60,11,40,0.356,0,0
26,14,61,0.645,1,0
23,9,59,0.737,1,1
26,10,48,0.93,1,0
17,8,60,0.189,1,0
31,7,15,0.402,0,0
66,9,42,0.439,0,0
46,11,45,0.659,1,0
50,12,47,0.467,0,0
33,14,38,0.654,0,0
33,12,41,0.496,1,1
48,8,33,0.348,0,0
46,12,50,0.608,1,1
57,8,42,0.886,1,0
31,15,46,0.61,1,1
54,5,14,0.229,0,1
35,10,36,0.663,1,1
18,9,51,0.401,1,0
28,11,17,0.347,1,0
28,6,21,0.274,0,0
39,11,36,0.367,1,1
32,12,31,0.518,0,0
79,13,32,0.788,1,1
41,12,19,0.55,0,1
45,11,75,0.543,1,1
47,8,54,0.658,1,1
31,8,43,0.111,0,1
70,14,68,0.52,1,0
39,10,56,0.832,1,1
49,12,58,0.537,1,1
60,12,56,0.595,1,1
42,9,53,0.735,1,0
35,14,55,0.506,1,1
46,10,21,0.105,0,0
45,16,53,0.675,1,1
29,12,46,0.431,1,0
27,8,32,0.417,1,0
43,13,64,0.355,0,1
34,10,32,0.6,1,0
37,13,37,0.052,0,0
43,12,42,0.695,1,1
54,16,42,0.595,1,1
41,11,41,0.824,1,0
62,10,62,0.624,1,1
49,10,43,0.48,0,0
54,11,36,0.646,0,1
58,13,49,0.552,1,1
17,15,46,0.278,1,0
49,8,35,0.407,0,1
42,13,40,0.371,1,1
23,8,37,0.452,0,0
55,14,31,0.663,1,1
28,9,46,0.488,1,0
46,8,21,0.924,1,0
26,6,47,0.777,0,0
31,10,42,0.745,1,0
26,12,39,0.523,1,1
32,16,44,0.398,1,1
34,9,27,0.485,0,0
28,11,24,0.36,0,0
35,7,43,0.699,1,0
33,8,50,0.566,0,0
34,8,43,0.077,0,1
36,9,58,0.294,1,0
32,12,38,0.464,1,0
31,12,55,0.633,1,1
42,16,37,0.665,1,1
38,14,53,0.595,1,1
36,11,8,0.256,0,0
50,9,57,0.544,1,1
48,14,45,1.0,1,1
24,8,57,0.223,1,0
46,16,42,0.413,1,1
39,12,39,0.594,0,1
42,9,53,0.569,1,0
20,11,64,0.52,1,0
35,10,40,0.504,0,0
32,11,55,0.527,1,0
42,11,66,0.32,0,0
46,9,32,0.455,0,0
17,3,41,0.331,0,0
17,12,49,0.233,0,0
19,11,48,0.565,1,1
49,14,60,0.447,1,1
25,7,35,0.97,1,0
58,6,58,0.478,1,0
60,9,57,0.859,1,0
54,16,30,0.751,1,1
48,12,41,0.48,1,1
38,11,45,0.497,0,1
17,9,36,0.786,1,0
19,16,32,0.855,1,1
90,15,54,0.46,1,1
38,7,31,0.403,0,0
32,11,38,0.424,1,0
24,11,47,0.359,1,0
28,10,20,0.209,0,0
26,6,42,0.212,0,0
66,13,57,0.317,0,1
53,8,21,0.482,0,0
37,13,43,0.388,1,1
53,14,24,0.655,1,1
31,5,42,0.288,0,0
33,9,47,0.644,1,0
40,11,38,0.737,1,0
28,12,38,0.748,1,1
29,9,46,0.185,1,0
40,12,47,0.294,0,1
28,8,51,0.57,0,0
38,12,48,0.542,1,0
53,11,38,0.762,1,0
18,8,41,0.743,0,1
43,12,58,0.56,1,1
26,15,47,0.658,1,1
78,16,45,0.3,1,1
48,10,42,0.706,1,0
43,7,55,0.546,1,1
51,10,38,0.399,1,0
47,10,43,0.467,0,0
28,13,38,0.406,1,0
53,9,43,0.26,0,0
42,11,43,0.545,1,0
52,9,47,0.263,0,1
29,9,51,0.581,1,0
54,10,40,0.503,1,0
46,11,33,0.559,0,0
17,11,30,0.896,1,0
36,10,25,0.384,0,1
21,11,41,0.517,1,1
29,16,43,0.598,1,1
36,14,38,0.312,0,1
54,13,44,0.767,1,1
23,11,47,0.258,1,0
47,13,45,0.686,1,1
44,12,40,0.399,1,0
41,12,44,0.641,1,1
60,13,40,0.557,1,1
35,14,22,0.485,0,1
17,10,52,0.539,1,0
49,13,22,0.672,0,1
46,12,36,0.687,1,1
47,14,41,0.379,1,1
20,8,47,0.459,0,0
46,11,32,0.607,0,0
18,9,49,0.502,1,1
17,12,45,0.935,1,1
51,10,42,0.636,1,0
33,15,49,0.542,1,1
43,8,43,0.485,0,0
51,16,23,0.3,1,1
28,13,31,0.712,0,1
44,13,35,0.589,0,1
36,14,41,0.628,1,1
45,11,44,0.13,0,1
20,7,16,0.438,0,0
24,13,38,0.663,1,0
21,13,58,0.445,1,1
51,12,66,0.534,1,1
43,15,46,0.485,1,1
34,10,21,0.887,1,1
17,9,47,0.488,1,0
41,10,19,0.349,1,0
33,12,55,0.592,1,1
38,11,41,0.517,1,1
17,8,49,0.593,0,0
18,11,33,0.451,1,0
46,8,46,0.723,1,0
36,13,38,0.485,0,0
37,10,58,0.506,1,0
48,10,31,0.107,0,1
31,11,45,0.576,1,0
24,10,31,0.517,1,0
42,10,42,0.392,1,0
23,8,53,0.179,0,0
53,9,33,0.197,0,0
26,13,34,0.6,1,1
39,8,33,0.3,0,0
48,10,32,0.434,0,0
40,12,22,0.695,1,0
32,12,63,0.491,1,1
17,7,40,0.737,0,0
44,10,40,0.796,0,0
27,16,35,0.831,1,1
40,16,67,0.306,1,1
50,11,30,0.415,0,0
50,12,37,0.769,1,1
67,13,43,0.691,1,1
53,11,47,0.145,0,1
49,14,33,0.689,1,1
37,13,54,0.38,1,0
41,12,32,0.496,1,1
32,13,41,0.434,0,1
17,10,27,0.546,0,0
17,10,25,0.456,0,0
26,7,47,0.586,0,0
55,8,26,0.818,1,1
49,6,25,0.477,0,0
42,12,43,0.587,1,1
54,10,55,0.305,1,1
42,14,34,0.858,1,1
24,16,41,0.482,1,1
61,12,22,0.383,0,0
40,11,34,0.372,1,0
43,10,27,0.719,1,1
47,11,64,0.516,1,1
40,10,42,0.597,1,0
23,12,27,0.588,1,0
28,9,37,0.753,1,0
25,11,36,0.507,1,0
21,8,38,0.44,1,0
47,14,28,0.65,1,1
39,10,48,0.452,1,0
63,12,45,0.439,1,0
55,13,51,0.594,1,1
54,9,37,0.345,1,0
43,8,49,0.019,0,0
35,8,30,0.457,0,0
53,11,54,0.853,1,0
35,14,39,0.69,1,1
48,13,54,0.584,1,1
42,16,35,0.506,1,0
25,12,16,0.417,1,1
17,12,38,0.76,1,1
57,13,40,1.0,1,1
19,15,44,0.337,1,1
20,9,47,0.479,1,0
59,14,40,0.095,0,1
30,15,48,0.566,1,1
47,10,49,0.513,1,0
62,12,48,0.0,0,0
36,13,44,0.567,0,0
39,12,45,0.391,1,1
58,9,63,0.348,0,1
23,13,46,0.562,1,1
17,16,35,0.502,1,1
27,10,32,0.703,1,0
71,10,47,0.464,1,1
44,15,18,0.028,1,0
25,10,44,0.59,0,0
55,6,47,0.431,1,1
65,10,35,0.633,0,1
36,8,24,0.424,0,0
21,6,28,0.442,0,0
45,12,48,0.38,0,1
25,13,52,0.495,1,1
29,14,49,0.576,1,0
60,14,38,0.567,0,1
46,10,48,0.195,1,0
78,9,61,0.582,1,1
17,6,41,0.337,0,0
20,10,55,0.508,1,0
31,12,50,0.45,0,1
37,10,35,0.381,0,0
42,15,26,0.639,1,0
20,14,15,0.09,0,0
29,10,42,0.409,1,1
41,13,18,0.651,1,0
38,8,34,0.625,0,0
22,14,12,1.0,1,1
33,13,56,0.702,1,1
33,13,28,0.546,1,0
49,8,10,0.513,1,0
50,13,45,0.214,1,0
43,14,32,0.514,1,1
17,13,38,0.714,1,0
23,14,49,0.593,1,1
30,13,56,0.395,1,0
44,9,37,0.424,0,0
34,12,36,0.661,1,0
38,14,46,0.39,1,1
26,11,44,0.3,1,0
37,11,38,0.278,0,0
48,13,53,0.186,1,1
28,12,31,0.325,0,0
44,10,24,0.436,1,0
19,13,34,0.76,1,1
40,12,20,0.249,0,1
36,4,59,0.672,1,0
60,14,49,0.569,1,1
66,5,36,0.485,0,0
43,11,53,0.645,1,1
34,9,23,0.617,0,0
38,14,54,0.534,1,1
32,14,38,0.466,1,0
61,11,36,0.363,1,0
35,15,36,0.479,1,0
37,12,62,0.383,1,0
32,11,16,0.41,1,1
37,13,55,0.435,1,1
30,10,27,0.553,1,0
17,12,35,0.823,1,0
50,7,46,0.582,1,0
34,11,42,0.664,0,0
34,14,46,0.276,1,1
31,11,36,0.393,0,0
49,6,38,0.749,0,0
31,10,49,0.864,1,1
38,10,53,0.845,1,0
52,8,36,0.331,0,0
32,12,36,0.521,1,1
41,14,33,0.699,1,1
28,10,59,0.349,0,1
47,10,31,0.257,0,0
54,10,34,0.357,0,1
38,9,33,0.223,1,0
39,13,52,0.598,0,0
22,14,44,0.629,1,0
40,9,39,0.532,1,1
18,14,44,0.0,0,0
56,13,36,0.093,1,0
18,9,31,0.359,0,0
59,12,57,0.637,1,1
51,11,40,0.212,1,0
50,7,37,0.755,0,0
49,12,48,0.602,1,0
44,14,44,0.582,1,1
62,16,27,0.665,1,0
47,12,43,0.691,1,0
23,6,38,0.352,0,1
37,7,48,0.683,1,0
56,11,46,0.596,1,0
28,9,52,0.53,1,0
41,11,52,0.489,1,1
29,16,44,0.699,1,0
40,7,45,0.787,0,0
25,15,66,0.582,1,0
42,11,42,0.263,1,0
43,9,43,0.0,0,1
30,10,42,0.393,0,0
38,15,49,0.62,1,1
41,11,21,0.598,1,1
64,8,49,0.637,1,0
25,11,21,0.519,0,1
28,8,38,0.637,1,0
63,7,27,0.168,0,0
44,11,49,0.322,1,0
41,9,31,0.385,0,0
50,10,38,0.716,1,1
44,8,44,0.502,1,1
50,11,46,0.731,1,1
60,13,50,0.606,0,1
24,15,51,0.704,1,0
51,16,41,0.838,1,1
28,10,40,0.605,1,1
53,10,36,0.431,1,1
45,12,38,0.271,0,1
41,11,41,0.619,1,0
27,13,42,0.367,1,1
52,4,40,0.416,0,0
31,11,36,0.607,1,0
43,12,35,0.366,0,0
45,7,65,0.457,1,1
40,8,29,0.539,0,0
36,12,22,0.63,1,0
54,16,51,0.618,1,0
21,15,50,0.39,1,0
40,14,24,0.422,1,1
32,9,32,0.499,0,0
44,11,46,0.253,0,1
28,11,58,0.669,1,0
56,6,49,0.37,0,0
49,8,31,0.338,1,0
49,13,34,0.405,0,1
20,12,12,0.539,0,1
43,7,47,0.655,1,1
34,12,43,0.705,1,1
22,11,64,0.666,1,0
61,8,29,0.47,1,1
42,16,46,0.82,1,1
17,11,49,0.683,1,1
44,6,41,0.617,1,1
51,8,59,0.27,1,0
29,16,37,0.504,0,0
40,9,39,0.699,1,0
46,12,36,0.223,0,0
37,11,59,0.933,1,0
35,5,16,0.368,0,0
45,14,42,0.679,1,0
32,9,60,0.49,1,0
44,12,45,0.7,0,0
41,12,32,0.657,1,1
34,10,33,0.731,1,0
44,15,37,0.566,1,1
37,11,46,0.935,1,1
43,14,54,0.549,1,1
52,11,34,0.577,1,0
44,14,48,0.508,1,1
30,12,48,0.311,1,1
34,10,48,0.925,1,1
41,14,44,0.222,1,0
43,12,38,0.885,1,1
33,11,49,0.238,1,0
49,13,26,0.0,0,1
24,10,35,0.52,1,0
51,9,52,0.321,1,0
32,14,21,0.283,0,0
19,12,33,0.395,1,1
30,10,27,0.668,1,0
20,12,46,0.465,1,0
28,10,39,0.453,1,0
58,15,47,0.669,1,1
45,15,51,0.6,1,0
41,9,18,0.147,0,0
32,8,42,0.567,1,1
49,16,53,0.55,1,1
27,11,25,0.034,0,1
34,12,42,0.713,1,0
45,13,55,0.524,1,0
20,8,38,0.645,1,0
44,10,37,0.101,1,1
54,12,46,0.651,1,0
54,12,37,0.483,0,1
45,12,39,0.265,0,0
51,10,44,0.708,1,0
26,11,40,0.595,1,1
41,15,46,0.641,1,1
28,15,32,0.584,1,1
38,10,51,0.639,1,1
42,10,33,0.434,1,1
54,14,36,0.432,1,0
41,13,61,0.688,1,1
31,8,41,0.564,1,1
40,8,55,0.552,1,1
42,13,34,0.562,0,1
19,13,38,0.119,0,0
26,12,39,0.405,1,1
53,12,14,0.472,0,0
32,10,57,0.356,1,1
35,13,35,0.435,0,0
28,12,36,0.508,1,0
74,7,43,0.648,1,0
27,6,40,0.396,0,0
20,6,36,0.803,1,0
44,16,49,0.682,1,1
39,11,20,0.761,1,1
26,9,36,0.537,1,0
38,11,37,0.452,1,0
47,8,55,0.669,1,1
54,4,41,0.433,1,0
50,9,40,0.539,0,0
32,9,43,0.434,0,0
32,12,30,0.502,0,0
63,6,32,0.658,1,0
25,13,67,0.646,1,1
17,12,42,0.704,1,0
41,16,35,0.103,1,1
36,10,45,0.791,1,1
39,11,29,0.371,1,1
26,9,50,0.3,1,1
27,15,66,0.543,1,1
26,6,14,0.285,0,1
39,12,24,0.0,1,0
47,13,43,0.348,0,0
49,10,32,0.579,1,0
36,10,47,0.704,1,1
24,6,25,0.626,0,0
37,9,39,0.236,1,0
51,14,48,0.482,1,1
49,11,51,0.393,1,0
17,11,29,0.547,1,0
32,14,50,0.66,1,1
36,11,33,0.419,0,0
61,7,30,0.567,1,0
19,8,35,0.41,1,0
38,10,42,0.36,0,0
59,11,44,0.799,1,0
24,10,47,0.465,1,0
39,14,20,0.404,1,0
35,14,35,0.567,1,1
31,11,49,0.588,1,1
44,14,59,0.638,1,0
32,9,49,0.314,0,0
62,13,39,0.541,1,0
65,15,45,0.539,1,1
50,12,40,0.517,1,0
46,8,46,0.63,1,0
38,10,48,0.481,1,1
21,11,50,0.45,1,0
49,15,38,0.767,1,1
43,8,52,0.48,1,1
52,16,47,0.521,1,1
40,11,55,0.933,1,0
36,11,22,0.322,1,0
47,8,39,0.47,1,0
40,9,17,0.867,1,0
37,10,28,0.499,1,0
47,13,42,0.509,1,1
50,12,15,0.322,0,0
40,15,30,0.14,1,0
55,6,30,0.45,0,1
51,14,50,0.436,0,1
42,8,37,0.0,0,0
50,15,23,0.396,0,0
19,11,20,0.394,1,0
46,12,35,0.535,0,1
68,12,33,0.276,0,0
30,16,54,0.721,1,1
33,16,45,0.702,1,1
60,10,45,0.295,1,0
35,13,26,0.427,1,1
29,10,54,0.228,0,0
39,16,35,0.41,1,0
47,11,49,0.078,0,0
26,9,65,0.779,1,0
39,13,42,0.386,0,0
35,13,50,0.504,1,0
46,13,40,0.649,1,1
52,9,58,0.582,1,0
38,12,69,0.822,1,1
43,13,38,0.583,1,1
51,11,40,0.43,1,1
41,13,37,0.528,0,0
66,15,41,0.453,0,1
19,12,38,0.451,1,0
25,14,33,0.203,0,1
38,7,54,0.065,0,0
30,9,31,0.343,0,0
54,13,60,0.931,1,1
37,11,46,0.626,1,1
50,7,44,0.532,0,1
57,11,39,0.314,0,0
26,8,39,0.728,1,0
28,9,27,0.837,1,0
54,12,43,0.427,1,1
30,7,42,0.437,1,0
38,7,34,0.443,0,0
25,12,22,0.405,0,0
51,10,50,0.226,1,0
21,12,42,0.663,1,1
17,15,48,0.488,1,1
49,10,41,0.36,0,0
27,11,27,0.315,0,0
63,13,28,0.395,1,1
43,14,51,0.426,1,0
35,13,63,0.471,1,0
18,10,24,0.602,1,0
42,10,36,0.724,1,0
25,10,28,0.626,1,0
38,9,41,0.321,1,0
20,8,45,0.846,1,0
54,10,32,0.442,0,0
19,8,45,0.673,1,1
30,10,26,0.556,1,1
37,15,34,0.446,1,1
18,8,51,0.509,1,0
37,15,37,0.496,1,1
51,9,54,0.571,1,1
35,15,49,0.509,1,0
51,9,49,0.46,0,1
28,13,57,0.748,1,1
24,10,55,0.647,1,1
31,8,38,0.354,1,0
39,9,33,0.549,1,0
47,11,35,0.451,0,1
25,9,35,0.626,0,0
43,11,36,0.49,1,0
41,8,48,0.824,1,0
31,9,31,0.185,0,0
31,15,45,0.789,1,1
45,11,32,0.719,0,0
23,12,42,0.528,1,0
43,11,69,0.227,1,0
56,13,7,0.787,1,0
40,11,63,1.0,1,1
33,10,54,0.837,1,1
67,15,39,0.522,1,1
48,12,40,0.538,1,1
41,14,42,0.435,1,1
42,8,18,0.75,1,0
40,14,30,0.692,1,1
45,7,53,0.62,1,1
36,14,37,0.488,1,1
50,11,41,0.444,0,0
35,15,46,0.43,0,0
73,11,36,0.587,1,1
30,12,33,0.677,0,0
29,11,36,0.465,1,0
39,12,56,0.4,1,0
17,9,43,0.745,1,0
25,12,47,0.295,0,1
44,13,52,0.396,1,1
26,14,33,0.291,1,1
65,12,40,0.611,1,0
32,12,34,0.233,0,0
25,11,39,0.602,1,0
39,13,47,0.171,0,1
34,8,33,0.755,1,0
32,13,43,0.211,1,1
56,13,60,0.347,1,1
34,12,4,0.503,0,0
43,13,42,0.622,1,0
38,12,53,0.396,1,1
47,10,39,0.464,1,1
66,16,22,0.696,1,1
36,8,46,0.488,1,0
38,15,34,0.479,1,1
35,9,42,0.525,1,1
43,12,36,0.78,1,0
17,9,24,0.211,0,0
27,12,41,0.051,0,0
17,11,18,0.452,0,0
50,9,27,0.471,1,1
38,8,43,0.576,0,0
32,15,46,0.347,1,1
51,8,47,0.621,0,1
37,9,45,0.802,1,0
55,9,33,0.43,0,1
26,13,45,0.654,1,1
22,8,25,0.388,0,0
32,5,25,0.687,0,0
42,11,43,0.387,0,1
29,12,41,0.649,1,0
39,13,57,0.479,0,0
53,10,57,0.543,1,0
39,11,46,0.662,1,0
65,9,17,0.401,1,0
42,13,29,0.581,1,1
60,6,40,0.335,0,0
42,12,37,0.471,1,1
17,14,48,0.535,1,1
35,14,42,0.319,1,0
17,10,50,0.684,1,0
27,11,30,0.582,1,0
39,4,30,0.254,1,0
45,15,36,0.543,1,1
49,13,43,0.679,1,0
60,9,43,0.599,1,1
40,16,37,0.658,1,0
21,11,35,0.982,1,0
55,15,36,0.564,1,1
41,11,36,0.627,1,0
32,15,65,0.812,1,0
44,9,34,0.606,0,0
52,9,50,0.55,1,1
42,11,29,0.859,1,1
19,12,44,0.483,0,0
38,9,33,0.376,0,1
60,12,42,0.535,1,0
56,15,32,0.463,1,0
55,9,48,0.396,1,1
40,13,42,0.478,1,1
17,13,33,0.65,1,0
43,12,50,0.548,1,1
35,10,33,0.53,1,0
49,9,44,0.413,1,1
45,15,31,0.849,1,0
45,8,56,0.643,1,1
40,10,34,0.615,1,0
42,10,41,0.323,0,1
38,9,54,0.841,1,1
27,10,50,0.694,1,0
17,11,46,0.371,1,1
25,9,35,0.367,1,0
44,10,40,0.689,0,0
43,9,32,0.157,1,0
42,8,53,0.424,1,0
42,6,38,0.476,0,0
57,10,39,0.557,0,0
54,12,42,0.75,1,1
17,7,40,0.724,1,0
26,10,47,0.639,1,0
44,12,31,0.265,1,0
52,11,32,0.465,0,0
45,11,44,0.425,1,1
37,14,55,0.468,1,1
40,7,31,0.529,1,0
39,7,19,0.331,0,0
31,7,44,0.394,1,1
27,8,54,0.471,1,1
41,16,63,0.534,1,0
74,13,27,0.646,1,0
39,11,35,0.481,0,1
39,13,58,0.468,1,0
69,15,50,0.704,1,1
54,7,49,0.364,1,0
21,9,45,0.547,1,0
40,12,25,0.817,0,0
17,10,40,0.758,1,0
37,7,33,0.56,1,0
34,11,34,0.318,1,0
25,6,45,0.639,1,0
61,7,24,0.334,0,0
50,14,50,0.377,1,1
32,11,56,0.46,1,0
26,11,25,0.563,1,1
38,11,26,0.463,0,0
24,11,28,0.533,1,0
34,16,39,0.657,1,1
48,13,50,0.555,1,1
40,11,49,0.399,1,1
39,11,31,0.449,1,1
49,12,40,0.518,1,1
17,8,51,0.347,0,0
44,14,33,0.523,0,0
37,10,63,0.46,1,0
41,8,44,0.742,0,0
17,11,26,0.315,0,0
23,10,45,0.501,1,1
37,8,34,0.11,0,0
73,8,41,0.644,1,1
20,9,39,0.689,1,0
33,12,45,0.817,1,0
81,11,33,0.637,1,1
42,10,39,0.458,1,1
52,14,47,0.738,1,1
36,13,27,0.352,1,0
62,10,23,0.379,0,1
45,12,37,0.242,1,1
45,13,33,0.564,1,0
54,11,34,0.461,1,1
32,13,43,0.732,1,1
37,10,34,0.492,0,0
25,6,58,0.66,1,0
57,16,35,0.749,1,1
17,8,36,0.327,0,0
37,8,18,0.978,1,0
27,11,44,0.405,1,0
36,12,43,0.454,1,0
46,12,51,0.672,1,0
47,10,52,0.337,1,0
51,9,41,0.679,1,1
18,13,62,0.568,1,0
21,15,48,0.751,0,0
50,6,35,0.472,0,0
34,13,40,0.506,1,0
45,11,25,0.898,1,1
38,7,27,0.29,0,0
63,6,54,0.439,0,0
30,10,51,0.169,1,1
53,14,47,0.395,1,0
29,12,35,0.578,0,0
45,16,38,0.407,1,1
51,11,49,0.412,1,0
39,11,58,0.361,1,1
27,10,42,0.283,1,1
29,10,34,0.536,1,0
36,10,45,0.562,1,1
23,15,34,0.478,1,0
39,11,42,0.446,0,0
40,9,30,0.735,0,0
34,10,53,0.336,1,0
52,10,41,0.336,0,0
20,9,39,0.547,1,0
37,11,46,0.3,0,0
44,13,25,0.412,1,1
17,13,33,0.542,0,0
56,13,29,0.634,1,1
21,9,23,0.342,1,0
46,16,42,0.409,1,1
33,13,50,0.546,1,1
35,10,41,0.998,1,0
48,10,28,0.383,0,1
17,15,41,0.772,1,0
40,15,32,0.657,1,1
59,14,58,0.626,1,1
17,13,23,0.517,1,0
30,16,48,0.482,1,1
56,11,62,0.627,0,0
32,9,28,0.574,0,0
38,8,37,0.588,0,1
40,9,52,0.721,1,0
37,11,58,0.426,1,1
58,9,8,0.294,0,0
55,15,37,0.666,1,1
66,9,35,0.325,0,0
33,10,58,0.636,1,1
29,10,39,0.556,0,0
32,14,48,0.329,1,0
32,8,41,0.328,0,0
71,11,44,0.173,0,0
45,10,28,0.69,1,0
32,13,55,0.457,1,0
19,16,41,0.454,1,0
47,11,45,0.679,1,1
21,11,44,0.409,1,0
55,11,32,0.568,0,0
34,7,71,0.716,1,1
54,6,38,0.476,1,0
40,8,47,0.333,0,1
46,10,52,0.84,1,1
61,10,22,0.501,1,0
35,12,34,0.364,1,0
36,7,47,0.49,0,1
36,13,54,0.728,1,0
28,10,73,0.48,1,1
42,14,27,0.783,0,1
37,10,34,0.385,1,0
24,12,45,0.375,1,0
20,12,42,0.261,1,0
33,8,32,0.406,0,0
51,13,25,0.635,1,1
58,10,53,0.601,1,0
46,11,29,0.377,0,0
55,8,49,0.426,1,0
60,11,27,0.319,0,0
18,15,35,0.959,1,0
46,6,51,0.647,1,1
49,11,36,0.329,0,0
29,10,31,0.657,0,1
38,8,46,0.218,0,0
72,9,31,0.325,1,1
43,15,40,0.363,1,0
21,13,45,0.281,1,0
37,15,33,0.374,1,0
17,8,36,0.344,1,0
47,16,45,0.629,1,1
70,15,33,0.22,0,1
42,8,48,0.493,1,1
47,9,49,0.195,1,0
34,11,43,0.335,1,1
36,6,44,0.273,1,0
50,14,41,0.713,1,1
36,12,48,0.607,1,1
32,10,31,0.53,1,0
34,13,41,0.546,1,0
31,7,41,0.654,1,1
53,9,40,0.417,1,1
32,13,44,0.181,1,1
36,7,19,0.492,1,0
51,12,33,0.224,0,1
51,9,64,0.64,1,0
51,14,33,0.624,1,1
32,9,32,0.44,1,0
44,8,32,0.505,1,0
25,10,56,0.246,1,0
24,12,31,0.381,0,1
25,10,63,0.506,0,1
65,13,60,0.15,1,1
21,11,35,1.0,1,1
36,15,43,0.985,1,1
35,7,45,0.481,1,1
48,10,32,0.665,1,0
35,13,44,0.248,0,0
36,13,69,0.635,1,0
51,12,45,1.0,1,1
56,11,33,0.702,1,1
55,13,46,0.662,1,1
53,5,42,0.811,1,0
47,11,41,0.446,0,0
29,10,47,0.823,1,0
30,11,37,0.42,0,1
20,13,35,0.57,1,1
35,9,39,0.494,1,0
22,15,39,0.403,0,0
38,10,58,0.518,1,1
47,9,59,0.684,1,0
42,11,38,0.488,0,1
55,7,34,0.195,1,0
27,10,41,0.879,1,1
38,10,42,0.341,1,0
33,12,30,0.776,1,0
39,12,36,0.236,0,1
50,10,40,0.294,0,0
40,13,60,0.685,1,1
52,15,43,0.405,1,1
46,13,40,0.573,1,0
55,9,31,0.517,0,0
44,10,44,0.452,1,0
34,16,36,0.466,1,1
25,13,37,0.74,0,1
64,12,51,0.569,1,1
47,9,62,0.265,0,1
20,10,40,0.563,1,0
21,13,54,0.468,1,0
38,9,61,0.099,0,1
35,11,40,0.64,1,0
47,8,26,0.332,0,1
32,9,29,0.464,1,0
50,8,36,0.437,1,0
38,10,53,0.453,1,1
17,13,41,0.506,1,0
20,8,40,0.413,0,0
47,14,44,0.632,1,1
38,11,29,0.407,0,0
20,12,21,0.089,0,0
53,7,33,0.905,1,0
56,8,42,0.735,1,0
54,13,48,0.515,0,0
53,14,30,0.567,1,1
43,10,41,0.552,1,1
46,9,50,0.47,1,1
40,7,42,1.0,1,1
23,15,24,0.333,1,0
28,10,21,0.392,0,0
34,5,56,0.217,0,0
28,8,49,0.178,1,0
32,9,54,0.555,1,1
36,16,47,0.334,1,1
42,10,44,0.59,0,0
24,8,31,0.559,1,0
32,10,38,0.522,1,0
53,12,46,0.281,1,0
22,12,16,0.243,0,0
36,12,50,0.432,1,1
39,14,50,0.487,1,0
27,11,39,0.304,0,0
29,8,50,0.533,1,0
28,16,67,0.399,1,1
38,12,26,0.658,1,1
41,13,45,0.708,1,1
48,10,39,0.623,1,0
19,11,49,0.509,1,1
56,10,53,0.515,1,1
51,14,48,0.511,1,1
47,11,29,0.603,1,0
33,16,37,0.607,1,1
36,7,46,0.835,1,1
55,9,53,0.789,1,1
38,9,29,0.298,0,0
31,12,33,0.37,1,1
17,10,43,0.276,0,0
31,12,44,0.539,0,1
17,14,47,0.816,1,1
27,13,39,0.497,1,0
43,11,46,0.675,1,0
51,10,38,0.408,1,1
42,10,43,0.366,0,0
23,11,29,0.355,1,0
54,11,54,0.499,0,0
22,15,43,0.354,1,1
44,13,62,0.72,1,0
28,12,43,0.672,1,1
44,10,47,0.959,1,1
63,11,41,0.479,1,1
31,12,42,0.557,1,1
36,12,43,0.541,1,1
47,10,49,0.397,1,0
35,12,66,0.302,1,1
29,11,41,0.619,1,0
55,12,41,0.388,0,1
30,12,27,0.701,0,0
37,6,40,0.313,0,0
42,9,38,0.441,0,0
33,12,50,0.709,1,1
36,7,48,0.322,0,0
46,11,29,0.526,1,0
27,10,22,0.145,0,1
35,14,38,0.249,1,1
20,9,35,0.602,0,0
59,11,52,0.529,0,0
34,13,58,0.611,1,1
57,10,50,0.738,1,1
57,7,69,0.471,1,1
18,12,3,0.466,0,0
35,15,27,0.367,0,0
46,11,29,0.361,0,0
69,12,52,0.241,0,1
57,15,28,0.741,1,1
40,6,55,0.479,1,0
58,14,32,0.253,0,1
22,10,46,0.395,1,0
44,15,51,0.868,1,1
24,13,29,0.08,0,0
25,12,52,0.757,1,1
55,9,10,0.07,0,0
35,11,37,0.151,1,1
42,14,51,0.601,1,1
29,12,32,0.658,1,1
33,8,50,0.357,0,0
27,9,53,0.551,0,1
32,10,23,0.71,1,1
44,14,35,0.551,0,0
56,12,63,0.793,1,1
42,9,32,0.655,0,0
25,11,47,0.469,0,0
24,12,39,0.591,0,0
58,12,18,0.4,1,1
55,15,44,0.213,0,1
49,6,34,0.361,0,0
25,14,44,0.517,1,1
53,8,36,0.492,1,1
35,16,46,0.644,1,1
68,11,64,0.492,1,1
57,12,63,0.449,1,1
65,12,39,0.487,1,0
42,12,45,0.421,0,0
34,13,37,0.502,0,0
52,14,39,0.432,1,1
70,15,36,0.853,1,1
30,11,48,0.141,0,0
44,12,42,0.891,1,1
40,12,37,0.772,1,0
17,13,42,0.339,1,1
33,8,28,0.37,1,0
41,16,60,0.299,1,0
35,13,49,0.96,1,0
46,10,42,0.351,0,0
38,8,48,0.77,1,0
32,10,51,0.401,0,1
25,11,42,0.59,1,0
28,11,39,0.629,0,1
25,11,39,0.264,1,0
57,11,41,0.593,1,0
48,13,44,0.821,1,1
47,10,41,0.101,1,0
23,12,37,0.231,1,0
48,9,55,0.453,1,0
17,9,36,0.517,1,0
43,13,18,0.364,0,0
21,11,37,0.362,1,0
23,10,38,0.72,1,1
50,8,38,0.444,1,1
48,12,45,0.262,0,1
42,9,50,0.758,1,1
59,10,48,0.518,0,1
31,13,49,0.254,0,0
51,11,47,0.549,1,1
38,12,32,0.487,1,1
33,10,33,0.448,0,0
47,14,25,0.565,1,0
50,11,30,0.438,1,0
28,12,28,0.599,0,1
71,15,30,0.361,1,1
49,15,48,0.731,1,1
39,6,64,0.384,0,0
28,10,37,0.444,0,0
34,14,36,0.28,0,0
47,10,37,0.113,1,0
21,11,56,0.584,1,0
17,15,48,0.248,1,0
24,10,36,0.599,0,0
80,11,69,0.776,1,1
39,14,30,0.235,1,0
50,13,27,0.76,1,1
34,13,49,0.548,1,0
61,10,35,0.438,0,0
17,10,28,0.473,0,0
22,12,52,0.674,1,0
33,9,17,0.194,0,0
28,11,47,0.482,1,0
40,16,26,0.454,0,0
36,10,30,0.589,0,0
17,9,32,0.442,0,0
40,10,27,0.441,0,0
53,9,33,0.625,0,1
26,11,43,0.502,1,1
26,13,55,0.614,1,1
56,14,29,0.631,1,1
27,12,36,0.015,0,0
33,8,36,0.251,0,0
17,8,57,0.682,1,0
45,13,46,0.416,0,1
32,12,28,0.627,0,1
47,12,36,0.625,0,0
38,12,55,0.84,1,0
23,5,38,0.721,0,1
40,10,58,0.717,1,1
25,6,48,0.485,0,0
49,10,31,0.515,1,0
56,4,46,0.408,0,0
31,14,31,0.587,1,0
37,9,35,0.549,1,0
29,12,46,0.138,1,1
44,10,33,0.418,0,1
44,9,47,0.485,1,1
36,12,41,0.524,0,1
31,16,57,0.817,1,1
56,5,37,0.257,0,1
44,9,41,0.576,1,0
41,14,36,0.651,1,1
42,14,37,0.661,1,1
42,10,48,0.969,1,0
38,7,51,0.339,1,0
32,10,32,0.661,0,0
61,14,42,0.791,1,1
26,11,43,0.396,1,1
24,12,41,0.553,1,0
30,9,22,0.136,1,0
42,12,60,0.551,1,1
47,9,27,0.0,0,0
33,12,43,0.034,0,0
39,13,27,0.437,1,1
35,7,31,0.247,0,0
44,16,37,0.652,1,1
17,8,22,0.61,1,0
63,14,67,0.357,1,1
43,9,20,0.313,0,1
36,8,40,0.511,1,1
24,10,58,0.517,0,0
53,10,35,0.853,1,1
44,7,31,0.213,0,0
29,5,56,0.414,1,0
47,7,40,0.54,1,0
51,10,30,0.298,0,1
62,9,31,0.587,1,1
46,12,36,0.536,0,0
31,12,42,0.618,1,0
52,10,23,0.439,1,1
41,11,46,0.326,1,1
48,10,36,0.499,1,0
28,10,33,0.364,0,0
39,11,45,0.571,1,1
18,14,29,0.487,1,0
56,11,35,0.378,1,0
26,15,43,0.463,1,0
38,12,56,0.115,0,0
26,14,35,0.724,1,1
57,11,31,0.595,0,0
28,9,31,0.626,0,0
54,14,44,0.65,1,1
58,13,36,0.413,1,1
56,8,27,0.418,0,0
31,9,9,0.544,1,0
42,10,32,0.731,0,0
62,7,28,0.227,0,1
42,8,38,0.752,0,0
47,12,51,0.446,0,0
30,9,54,0.573,1,0
35,15,51,0.46,1,1
41,8,39,0.6,1,0
26,12,43,0.599,1,0
36,12,51,0.687,1,1
30,13,33,0.41,1,0
41,9,56,0.509,1,1
17,12,52,0.149,1,0
48,12,54,0.711,1,1
66,8,34,0.327,0,0
60,9,40,0.409,1,0
46,15,40,0.503,1,0
30,7,37,0.496,0,0
52,15,54,0.319,1,1
29,12,49,0.449,1,1
47,11,41,0.586,1,1
60,10,69,0.556,1,0
21,14,57,0.232,1,1
35,11,59,0.36,1,0
17,11,35,0.242,1,1
27,13,34,0.558,1,1
54,12,46,0.548,1,0
44,12,59,0.408,1,1
45,6,50,0.723,1,0
17,7,33,0.411,0,0
27,9,78,0.377,1,0
36,15,30,0.381,1,0
45,9,37,0.407,1,0
42,13,29,0.337,1,0
36,16,17,0.095,0,0
51,14,54,0.495,1,1
38,15,33,0.473,0,1
51,16,43,0.773,1,1
35,12,40,0.565,1,1
17,7,56,0.533,1,0
65,8,56,0.676,1,1
31,12,47,0.73,0,1
47,13,65,0.65,1,1
47,9,43,0.594,1,0
38,13,13,0.141,0,1
31,11,32,0.605,1,0
22,14,36,0.558,1,1
47,8,41,0.529,1,1
33,11,69,0.573,1,0
45,9,37,0.547,0,0
47,10,39,0.448,0,1
46,10,36,0.601,1,1
30,10,57,0.325,1,0
28,7,52,0.56,1,0
39,12,67,0.727,1,0
48,8,40,0.233,0,0
45,9,41,0.476,1,0
34,14,30,0.572,0,1
32,11,48,0.579,1,1
31,11,33,0.666,1,0
42,8,33,0.726,1,0
51,13,38,0.174,0,1
54,11,49,0.536,1,1
17,16,11,0.247,1,1
47,11,16,0.215,0,0
20,9,36,0.206,1,0
47,14,49,0.55,1,0
22,13,34,0.384,1,0
47,12,57,0.565,1,0
61,11,55,0.908,1,1
17,10,52,0.362,0,1
50,13,58,0.905,1,1
62,12,38,0.482,1,1
25,12,41,0.645,1,1
49,11,52,0.638,1,0
43,12,47,0.283,1,1
60,14,38,0.23,0,1
43,10,54,0.519,1,0
23,11,49,0.497,1,1
34,10,36,0.083,0,1
46,13,30,0.186,0,0
31,8,42,0.363,0,0
39,8,55,0.052,0,1
29,8,38,0.776,1,1
45,12,24,0.546,1,0
28,15,44,0.278,0,0
29,14,42,0.479,0,0
31,15,42,0.303,1,0
38,7,19,0.476,1,0
63,15,38,0.657,1,0
56,7,37,0.398,0,1
33,12,24,0.797,1,1
41,12,41,0.657,0,1
19,11,25,0.295,0,0
46,8,37,0.36,0,0
59,14,39,0.543,1,1
32,15,42,0.388,1,1
60,13,52,0.829,1,1
33,13,61,0.464,1,0
35,6,36,0.489,1,0
22,14,46,0.73,1,0
29,7,42,0.767,1,0
41,11,59,0.517,1,1
47,5,23,0.269,0,0
28,11,58,0.301,0,0
59,10,38,0.353,0,0
39,14,40,0.64,1,0
55,8,27,0.429,0,0
48,10,34,0.952,1,0
52,13,37,0.512,1,0
56,12,33,0.556,1,1
49,6,7,0.211,0,0
56,11,48,0.279,0,0
45,9,35,0.639,1,0
54,12,38,0.054,0,1
45,11,34,0.688,1,1
17,8,37,0.633,0,0
47,4,27,0.547,0,0
47,11,41,0.519,1,0
27,13,20,0.593,0,0
29,12,50,0.408,0,0
41,12,15,0.314,0,0
54,13,67,0.378,1,1
20,11,44,0.637,0,1
42,10,48,0.69,1,1
53,9,60,0.612,1,1
51,12,50,0.634,1,1
45,14,53,0.713,1,0
39,9,30,0.291,0,0
19,8,20,0.466,1,0
27,9,53,0.618,1,0
45,7,32,0.489,1,0
33,12,53,0.657,1,0
57,12,28,0.491,1,1
48,11,43,0.638,1,0
34,12,39,0.485,0,0
40,14,36,0.33,1,0
26,8,39,0.314,0,0
43,14,44,0.513,1,1
34,10,47,0.485,1,0
56,11,30,0.626,1,1
17,6,31,0.396,0,0
38,7,8,0.298,0,0
27,15,30,0.654,1,1
72,16,51,0.622,1,1
44,4,37,0.583,1,0
17,7,24,0.768,0,0
36,14,51,0.397,1,0
44,13,38,0.264,1,1
37,11,57,0.328,1,1
42,9,52,0.241,1,0
44,6,32,0.546,0,0
29,13,51,0.639,1,1
23,12,28,0.345,0,0
48,13,46,0.743,1,0
64,13,51,0.527,0,1
40,12,28,0.592,1,1
37,12,54,0.695,1,1
39,8,46,0.29,1,0
53,10,50,0.798,1,0
17,8,48,0.291,1,0
47,6,36,0.403,0,1
17,11,39,0.472,1,1
54,14,35,0.398,1,1
27,12,60,0.454,0,0
51,10,42,0.768,1,1
37,14,38,0.331,1,0
42,6,66,0.625,1,0
46,14,28,0.625,1,0
28,12,58,0.591,1,1
21,12,50,0.638,1,1
51,12,39,0.354,1,0
33,12,17,0.355,0,0
68,15,38,0.614,1,1
33,10,70,0.752,1,0
35,9,43,0.593,1,1
26,9,42,0.817,1,0
48,15,57,0.528,1,1
60,12,39,0.738,1,1
33,11,32,0.642,1,0
19,11,38,0.721,1,0
27,11,52,0.556,1,0
17,14,38,0.725,1,1
76,14,44,0.819,1,0
44,8,62,0.66,1,0
49,11,54,0.612,1,1
17,16,42,0.909,1,1
50,11,37,0.872,1,1
42,11,18,0.726,0,1
31,14,51,0.268,1,0
56,9,19,0.606,1,0
36,8,46,0.478,1,0
49,7,59,0.702,1,1
67,10,32,0.42,0,1
23,13,35,0.524,1,1
83,10,42,0.598,1,0
57,9,58,0.421,1,1
43,15,44,0.296,1,1
31,9,33,0.328,0,0
25,11,38,0.488,1,1
17,6,37,0.381,0,0
31,14,41,0.839,1,1
17,11,18,0.523,0,0
34,12,22,0.284,1,0
71,12,64,0.684,1,1
31,8,29,0.399,0,0
28,12,33,0.382,1,1
32,12,44,0.507,0,0
43,9,41,0.303,1,1
67,9,50,0.359,1,0
62,11,37,0.363,0,0
34,11,40,0.601,1,1
59,6,24,0.806,1,1
58,11,38,0.46,1,0
42,12,45,0.151,0,1
36,12,44,0.786,1,1
53,16,53,0.685,1,1
35,12,35,0.446,1,0
56,5,40,0.65,0,0
51,16,35,0.697,1,1
41,10,43,0.54,1,1
48,10,31,0.193,0,0
27,10,41,0.585,1,1
26,12,36,0.272,0,0
36,13,22,0.565,1,1
49,11,41,0.188,0,0
24,13,38,0.544,1,1
18,12,47,0.246,1,0
17,11,28,0.542,1,0
17,7,34,0.243,1,0
37,10,46,0.632,1,0
32,13,24,0.456,1,1
46,14,54,0.187,1,1
56,12,47,0.446,1,0
61,10,29,0.31,0,0
30,12,42,0.67,1,0
57,11,36,0.394,1,0
47,13,3,0.231,0,0
40,11,47,0.837,1,1
45,7,51,0.356,0,0
17,6,45,0.773,1,1
39,9,36,0.704,1,1
22,12,52,0.633,1,0
36,8,43,0.865,1,1
42,11,39,0.233,0,1
56,12,41,0.434,1,0
55,8,29,0.493,0,1
39,6,48,0.089,1,0
37,12,57,0.438,1,0
23,14,27,1.0,1,0
42,11,51,0.535,0,0
33,10,37,0.447,1,1
52,10,45,0.143,0,0
61,9,45,0.615,1,1
34,16,49,0.48,1,0
49,11,45,0.331,0,1
17,9,38,0.374,0,0
54,5,46,0.471,0,0
36,11,40,0.391,1,1
60,10,52,0.475,1,0
45,12,45,0.357,1,0
34,9,38,0.392,1,0
25,11,43,0.611,1,0
39,12,45,0.573,1,1
22,15,67,0.344,1,0
49,13,55,0.204,0,0
46,15,38,0.361,1,1
35,16,48,0.469,1,1
59,8,49,0.342,1,1
36,11,63,0.511,0,1
37,12,55,0.735,1,1
17,6,41,0.378,0,0
46,13,33,0.616,1,1
40,9,46,0.503,1,0
34,12,60,0.514,1,1
35,9,24,0.629,1,0
41,10,44,0.601,1,1
35,11,36,0.412,1,1
19,9,24,0.183,0,1
30,4,42,0.278,0,0
43,15,42,0.656,1,0
49,14,45,0.833,1,0
33,16,41,0.917,1,1
41,12,37,0.46,1,1
27,10,60,0.384,1,1
55,10,54,0.27,0,0
50,9,53,0.644,1,1
38,12,30,0.457,1,0
45,16,23,0.348,0,1
17,13,46,0.481,1,0
46,10,49,0.497,1,0
43,12,27,0.398,0,0
34,6,27,0.314,0,0
17,14,43,0.736,0,1
51,12,27,0.471,0,0
33,10,33,0.8,1,1
52,11,43,0.378,1,1
55,11,47,0.344,1,0
47,8,47,0.176,0,1
39,11,52,0.587,1,1
31,13,42,0.369,0,1
24,10,50,0.458,1,0
36,14,31,0.608,1,1
17,12,39,0.333,1,0
34,11,17,0.605,1,0
35,7,12,0.394,0,0
45,13,60,0.474,1,0
48,12,25,0.0,0,0
48,7,31,0.593,1,1
17,13,34,0.479,0,0
31,15,43,0.626,1,1
21,8,14,0.282,0,0
39,8,39,0.34,0,0
17,10,54,0.471,1,1
48,15,41,0.481,1,1
70,14,29,0.437,1,1
38,15,27,0.612,1,1
61,9,41,0.252,0,1
46,7,14,0.327,0,0
59,12,41,0.256,0,0
40,8,66,0.792,1,0
52,7,33,0.279,0,0
23,9,62,0.559,1,0
37,13,58,0.78,1,1
52,13,59,0.688,1,1
49,10,37,0.725,0,1
37,10,37,0.69,1,0
28,8,52,0.713,1,0
24,9,28,0.587,0,0
33,4,21,0.073,0,0
42,13,64,0.474,0,1
40,11,42,0.431,1,0
37,12,39,0.796,0,0
41,10,31,0.448,1,0
39,10,35,0.771,1,1
40,7,28,0.602,0,0
27,15,44,0.654,1,1
42,8,33,0.404,0,0
27,12,42,0.344,0,1
27,10,36,0.473,0,1
37,12,34,0.378,1,1
55,15,32,0.581,1,0
44,6,46,0.452,0,0
24,11,56,0.611,1,1
27,13,41,0.0,0,0
42,7,26,0.509,0,0
42,13,35,0.605,1,1
29,14,42,0.684,1,1
66,10,37,0.419,0,0
40,12,30,0.621,1,1
36,16,31,0.662,1,1
17,10,56,0.779,1,1
22,9,49,0.637,1,1
41,14,39,0.335,0,0
47,14,59,0.73,1,0
47,9,61,0.664,1,1
34,12,36,0.442,1,0
23,12,48,0.405,1,0
45,14,28,0.65,1,1
46,10,33,0.681,1,0
29,11,32,0.456,0,0
50,15,59,0.723,1,1
23,13,29,0.395,1,0
44,10,45,0.561,0,1
27,13,47,0.491,1,1
32,12,37,0.497,1,1
25,8,38,0.712,0,0
31,14,36,0.467,0,1
25,12,58,0.433,1,1
34,12,19,0.23,0,0
22,8,42,0.477,1,0
60,10,48,0.85,1,1
56,5,22,0.406,1,1
38,15,33,0.686,1,1
37,10,40,0.797,1,0
24,11,34,0.404,0,0
22,8,43,0.923,1,0
49,10,21,0.463,0,1
22,10,37,0.597,1,0
31,11,29,0.183,0,0
47,15,51,0.345,0,1
25,11,57,0.504,1,1
31,9,47,0.519,1,1
23,13,44,0.3,0,0
45,9,52,0.481,1,0
28,8,60,0.422,1,0
30,8,42,0.311,0,1
56,9,20,0.333,0,1
62,15,44,0.37,1,1
28,14,19,0.568,0,0
24,9,36,0.11,0,0
40,10,43,0.721,1,1
41,12,41,0.385,1,1
36,14,46,0.405,0,1
50,12,60,0.15,0,0
44,15,41,0.362,1,1
62,13,52,0.589,1,1
54,16,39,0.513,1,1
37,11,57,0.326,0,0
43,12,58,0.619,1,0
60,7,30,0.35,0,0
34,14,38,0.583,1,0
67,13,39,0.536,1,0
43,14,44,0.82,1,0
38,11,36,0.471,0,1
47,12,18,0.261,0,0
49,12,42,0.303,1,0
46,9,41,0.673,0,1
54,13,37,0.699,1,1
37,14,57,0.535,1,1
44,12,41,0.604,1,0
28,10,54,0.281,0,0
46,10,32,0.317,0,1
45,10,55,0.634,1,0
55,10,49,0.652,0,1
39,12,56,0.527,1,0
72,11,52,0.915,1,1
36,13,17,0.795,1,1
37,6,29,0.131,0,0
24,8,54,0.701,1,0
55,10,37,0.49,1,1
38,11,36,0.474,1,1
38,7,42,0.278,0,0
41,11,39,0.805,1,0
36,9,30,0.175,0,0
31,16,42,0.106,0,1
39,8,26,0.6,0,1
25,8,55,0.782,1,1
44,15,50,0.424,1,1
38,6,59,0.713,1,0
31,6,35,0.421,1,0
43,8,60,0.641,1,0
44,12,32,0.727,1,0
36,13,38,0.671,1,0
49,13,13,0.204,1,1
56,12,53,0.541,1,1
49,6,48,0.056,0,0
46,10,53,0.812,1,0
17,10,35,0.388,0,0
35,13,50,0.275,1,1
59,9,17,0.47,1,0
40,13,41,0.388,1,0
33,9,45,0.399,1,0
41,13,19,0.618,1,1
34,11,38,0.988,1,0
45,12,26,0.701,1,0
37,10,29,0.252,0,0
56,11,43,0.558,1,0
30,8,26,0.162,0,0
23,12,32,0.382,1,1
58,12,30,0.423,0,1
26,13,43,0.746,1,0
46,9,53,0.803,1,0
24,6,25,0.254,0,0
32,6,42,0.658,0,0
23,11,58,0.703,1,1
30,14,28,0.84,1,0
21,6,32,0.383,0,0
42,11,35,0.496,1,1
42,15,36,0.268,1,1
47,12,37,0.448,1,1
48,7,25,0.359,1,1
62,11,53,0.787,1,0
35,11,56,0.282,1,0
35,13,49,0.711,1,0
45,14,45,0.259,1,0
36,13,34,0.522,0,1
52,10,30,0.607,1,0
33,12,41,0.619,1,1
36,10,17,0.612,0,1
54,12,30,0.17,0,0
19,15,42,0.5,1,0
40,10,60,0.666,1,1
58,12,59,0.391,1,1
19,9,43,0.47,1,1
50,10,44,0.236,0,0
28,7,43,0.513,1,1
45,10,52,0.154,0,0
52,10,41,0.33,1,1
56,11,31,0.611,1,1
17,8,45,0.462,1,1
17,12,58,0.437,1,0
21,5,34,0.374,0,0
42,12,33,0.691,1,1
26,13,30,0.385,1,0
43,13,51,0.659,1,0
38,11,46,0.398,0,1
40,14,49,0.599,0,1
35,12,47,0.63,1,1
32,11,31,0.728,1,1
49,15,26,0.673,1,0
33,13,30,0.594,1,0
28,8,53,0.568,1,1
63,15,49,0.408,1,1
44,7,25,0.0,0,0
42,16,49,0.512,1,0
43,12,48,0.418,1,0
30,13,65,0.681,1,1
31,11,59,0.464,1,0
44,10,31,0.603,1,0
52,10,51,0.933,0,1
43,10,40,0.296,1,1
38,10,43,0.269,1,0
33,10,37,0.834,1,0
37,13,59,0.247,1,0
42,10,29,0.35,1,0
46,8,42,0.417,0,0
37,16,46,0.682,1,1
32,14,53,0.611,1,1
39,13,33,0.615,1,1
27,8,34,0.634,0,0
42,13,53,0.381,1,1
60,14,43,0.793,1,0
47,9,30,0.644,0,0
51,11,36,0.495,1,0
41,15,55,0.654,1,1
40,14,25,0.422,0,1
41,13,43,0.364,0,0
46,8,47,0.324,0,0
37,9,57,0.762,1,0
40,9,64,0.185,1,1
38,5,38,0.276,1,0
34,16,25,0.366,1,1
46,12,51,0.65,1,1
33,8,13,0.699,0,0
28,13,52,0.751,1,0
53,15,39,0.716,0,1
37,11,55,0.505,1,1
17,9,42,0.375,1,0
39,9,24,0.219,0,1
33,10,49,0.337,0,0
50,13,27,0.505,0,0
30,8,44,0.533,1,0
41,6,29,0.816,1,0
67,16,38,0.506,1,1
48,13,43,0.437,1,0
34,8,37,0.305,0,0
26,13,49,0.568,1,0
44,14,44,0.312,1,1
67,10,56,0.094,0,0
29,10,41,0.326,0,0
42,13,33,0.857,0,1
18,16,47,0.829,1,0
46,11,54,0.469,1,1
18,8,40,0.471,0,0
46,12,48,0.259,1,1
50,12,38,0.714,1,1
54,12,46,0.83,1,1
35,13,56,0.943,1,1
18,12,44,0.326,1,0
52,8,48,0.491,1,1
70,11,18,0.39,0,0
29,12,29,0.953,1,0
46,16,43,0.409,1,1
23,12,23,0.228,1,0
40,9,62,0.485,1,0
17,12,35,0.275,0,1
40,13,42,0.329,0,0
36,13,43,0.631,0,0
22,12,29,0.759,1,0
42,15,36,0.171,1,0
52,7,30,0.312,0,0
26,12,44,0.518,1,1
40,11,35,0.424,0,0
22,12,30,0.506,1,0
38,9,28,0.501,1,1
27,11,37,0.334,1,1
41,13,28,0.268,1,1
33,9,48,0.665,1,0
61,9,48,0.634,1,1
48,16,27,0.7,1,1
24,11,20,0.689,1,1
51,8,48,0.649,1,0
28,10,42,0.027,0,1
47,15,41,0.262,1,1
27,12,39,0.668,1,1
57,6,38,0.684,1,0
57,6,28,0.558,1,1
32,12,39,0.544,1,0
51,10,38,0.575,1,0
31,13,52,0.034,0,0
24,11,47,0.612,1,0
57,13,47,0.526,1,1
38,15,46,0.523,1,1
47,12,42,0.781,1,1
53,8,51,0.792,1,0
47,10,42,0.648,0,0
51,7,36,0.505,0,0
28,13,41,0.745,1,1
44,11,49,0.52,1,0
22,14,28,0.446,1,1
54,10,29,0.446,0,1
31,12,77,0.419,1,1
39,12,41,0.463,1,1
36,8,56,0.778,1,0
35,10,39,0.605,0,0
26,10,43,0.426,0,0
52,15,26,0.23,0,0
58,13,45,0.634,1,1
49,10,48,0.378,0,0
49,16,52,0.652,1,1
34,12,31,0.688,1,1
62,8,63,0.812,1,1
31,13,55,0.337,1,0
17,11,34,0.32,0,0
44,11,18,0.189,0,0
21,10,51,0.414,1,1
37,12,47,0.275,1,0
37,10,39,0.639,1,1
43,12,50,0.486,1,0
53,11,26,0.78,1,0
23,14,40,0.422,1,1
28,11,39,0.496,1,0
58,13,50,0.508,0,1
48,12,37,0.474,1,1
46,7,53,0.422,0,0
36,5,35,0.487,0,0
46,11,36,0.622,1,1
19,16,40,0.54,1,0
38,13,63,0.397,1,1
37,14,63,0.518,1,1
47,14,49,0.647,1,1
48,9,38,0.495,0,1
29,11,47,0.664,1,0
31,12,34,0.687,0,1
42,9,18,0.524,1,0
23,13,32,0.544,1,0
17,10,41,0.647,1,0
38,16,34,0.322,1,1
51,12,33,0.48,1,1
43,13,32,0.58,1,0
40,14,63,0.612,1,1
64,13,24,0.19,0,0
44,9,43,0.576,1,0
62,15,42,0.79,1,1
52,9,29,0.511,1,0
59,11,43,0.975,1,1
27,9,61,0.417,1,0
50,3,40,0.352,0,0
17,11,25,0.558,1,1
34,11,22,0.503,1,0
17,10,38,0.587,0,0
26,9,56,0.426,1,1
25,11,43,0.383,0,0
50,14,30,0.612,1,1
37,12,44,0.652,0,0
38,12,29,0.307,0,0
54,10,19,0.43,0,1
25,9,60,0.52,1,0
30,10,42,0.487,1,0
39,8,34,0.375,1,0
32,12,43,0.559,1,1
36,10,22,0.613,0,0
44,11,49,0.418,1,0
48,14,42,0.608,1,1
48,12,36,0.274,1,0
20,8,45,0.78,1,0
39,10,52,0.311,1,0
29,11,50,0.754,1,1
25,11,59,0.714,1,0
79,10,30,0.394,0,1
24,5,24,0.665,0,0
33,10,44,0.492,1,0
58,10,34,0.37,0,0
31,14,34,0.373,1,0
64,8,35,0.667,1,0
58,13,23,0.556,1,1
54,14,53,0.478,1,1
52,10,27,0.405,0,1
54,15,41,0.64,1,1
18,11,33,0.096,0,1
34,13,45,0.494,1,0
42,12,24,0.729,0,1
61,9,51,0.546,1,1
39,15,42,0.979,1,1
34,15,31,0.539,1,1
27,13,41,0.18,0,0
41,13,20,0.452,1,0
32,12,39,0.769,1,0
30,13,16,0.563,0,0
36,10,41,0.284,1,1
41,10,42,0.632,1,1
41,10,21,0.679,1,0
38,14,41,0.522,1,1
35,11,28,0.255,0,1
66,8,25,0.584,1,1
40,7,34,0.57,1,0
43,12,34,0.631,1,1
55,10,23,0.255,0,1
17,13,45,0.271,0,0
32,15,16,0.626,1,0
35,15,38,0.585,1,0
44,8,49,0.867,1,1
29,8,60,0.701,1,1
40,14,63,0.363,1,0
44,10,23,0.531,1,0
23,12,41,0.477,1,1
32,10,46,0.688,1,1
59,11,55,0.061,0,1
33,14,62,0.632,1,0
36,15,49,0.324,1,1
32,14,56,0.425,1,1
44,13,19,0.259,0,1
28,15,33,0.665,1,0
51,9,29,0.218,0,0
39,15,48,0.537,1,1
30,9,62,0.603,1,0
28,9,39,0.869,1,0
33,8,54,0.585,1,0
17,12,28,0.435,1,0
32,13,36,0.621,1,1
39,12,33,0.623,1,0
35,6,23,0.3,0,0
31,8,29,0.2,0,0
26,13,45,0.73,1,0
42,13,17,0.592,0,1
48,9,35,0.155,1,0
33,14,54,0.58,1,1
45,14,44,0.513,0,0
54,8,45,0.694,1,1
30,12,48,0.38,1,1
38,11,21,0.256,0,0
49,11,55,0.193,0,1
21,7,36,0.595,1,0
35,14,39,0.373,1,1
48,13,33,0.565,0,0
30,9,60,0.537,1,0
55,10,60,0.563,0,1
34,14,33,0.629,1,0
41,13,48,0.695,1,1
25,14,35,0.614,1,1
43,14,32,0.591,1,0
26,10,46,0.567,1,0
32,12,46,0.452,0,0
43,13,27,0.615,1,1
65,8,11,0.299,0,0
26,9,51,0.972,1,1
33,12,33,0.444,1,1
38,10,33,0.713,0,0
19,8,26,0.351,0,0
50,12,51,0.52,1,0
47,10,61,0.319,1,1
17,10,24,0.25,0,0
45,13,38,0.641,1,0
17,16,42,0.543,1,1
44,8,42,0.497,0,1
52,13,41,1.0,1,1
23,13,38,0.503,1,0
35,15,30,0.704,1,1
29,11,61,0.756,1,0
17,15,39,0.674,1,0
17,8,38,0.623,1,1
42,7,51,0.565,0,0
26,11,39,0.728,1,1
45,11,34,0.594,0,0
51,12,54,0.451,1,0
29,5,42,0.383,0,0
38,16,51,0.568,1,1
61,12,49,0.798,1,1
33,9,32,0.307,1,0
37,15,33,0.697,1,1
46,13,54,0.336,1,1
38,11,55,0.63,1,0
72,10,29,0.821,1,1
37,15,39,0.448,1,1
54,12,46,0.361,1,0
19,13,55,0.603,0,1
30,9,40,0.446,0,0
38,12,48,0.185,0,1
52,8,45,0.575,0,1
35,14,40,0.296,1,0
44,13,30,0.659,1,1
41,10,59,0.658,1,1
41,12,35,0.322,1,0
29,11,59,0.39,1,0
50,10,48,0.773,1,1
66,8,31,0.718,0,0
31,9,28,0.679,1,0
41,13,50,0.749,1,1
17,12,36,0.346,1,0
28,11,51,0.121,0,0
52,14,29,0.32,1,0
33,5,42,0.4,0,0
27,11,58,0.56,1,1
54,12,45,0.525,1,1
36,8,34,0.454,1,0
34,7,32,0.297,0,0
49,13,40,0.447,0,0
47,11,39,0.45,1,1
21,16,34,0.504,1,0
47,16,50,0.265,1,1
17,8,34,0.488,0,0
55,11,47,0.238,0,0
19,15,34,0.474,1,1
50,13,19,0.385,0,1
40,15,53,0.594,1,1
47,10,55,0.603,1,0
52,9,35,0.207,1,0
50,9,55,0.243,1,0
29,10,31,0.235,1,0
25,14,41,0.574,1,1
39,13,37,0.785,1,1
66,13,37,0.501,1,1
27,11,41,0.563,1,1
40,13,28,0.316,1,0
47,15,52,0.05,1,1
52,8,25,0.477,1,0
17,10,38,0.484,0,0
55,16,51,0.921,1,1
24,15,21,0.573,1,0
43,9,34,0.623,1,0
19,10,26,0.392,0,0
21,16,37,0.16,0,0
47,12,40,0.537,1,0
20,10,50,0.805,1,0
45,13,25,0.582,1,0
37,11,35,0.833,1,1
48,12,31,0.412,1,0
55,14,53,0.753,1,1
36,9,23,0.514,0,0
50,13,48,0.428,1,1
17,11,52,0.315,1,1
30,13,34,0.378,0,0
50,8,23,0.453,0,0
50,4,45,0.518,0,0
43,13,45,0.29,0,0
37,9,35,0.465,0,0
54,10,34,0.692,1,0
40,16,52,0.634,1,1
42,12,38,0.122,1,0
43,13,54,0.637,1,1
42,8,42,0.385,1,0
43,14,24,0.114,0,1
19,14,60,0.359,1,1
48,13,38,0.361,1,1
40,11,40,0.583,1,0
17,12,25,0.708,1,0
33,9,37,0.657,0,0
51,13,59,0.191,1,0
62,16,18,0.578,1,0
40,12,53,0.645,1,1
21,11,44,0.94,1,1
52,15,40,0.608,1,1
56,10,46,0.353,0,0
40,6,39,0.356,0,0
34,11,29,0.601,1,1
36,12,47,0.733,1,0
44,8,36,0.699,1,0
46,13,47,0.246,0,0
31,11,31,0.489,1,0
26,16,34,0.065,0,1
50,9,46,0.296,0,0
48,11,62,0.367,0,0
44,13,42,0.325,1,0
29,15,63,0.475,1,1
60,11,43,0.595,0,1
44,8,44,0.497,0,0
41,15,43,0.385,0,1
30,15,33,0.705,1,0
50,13,38,0.679,1,1
34,12,51,0.239,1,1
28,9,50,0.37,1,1
62,9,56,0.704,1,1
17,15,41,0.508,1,1
38,10,36,0.595,0,1
43,12,33,0.72,0,1
50,11,46,0.492,1,1
59,11,43,0.68,1,1
43,9,30,0.348,0,0
47,13,40,0.391,1,0
43,16,51,0.486,1,1
44,7,27,0.478,0,0
58,12,33,0.602,0,1
35,15,56,0.852,1,0
36,7,44,0.78,1,0
36,15,49,0.717,1,1
42,12,47,0.896,1,0
34,12,66,0.415,1,0
31,13,30,0.751,1,0
43,12,26,0.049,0,0
33,10,26,0.44,0,0
36,14,38,0.275,1,0
34,13,28,0.881,1,0
58,14,65,0.666,1,1
28,10,47,0.58,1,1
33,8,27,0.209,0,0
42,15,38,0.278,0,1
35,14,43,0.661,1,0
56,10,59,0.35,1,0
35,9,41,0.487,1,0
40,10,44,0.767,1,0
21,11,38,0.821,1,1
35,11,48,0.5,0,1
38,15,55,0.578,1,1
41,14,28,0.488,0,0
35,12,31,0.462,1,1
63,7,49,0.946,1,1
51,7,42,0.384,0,1
55,10,47,0.367,1,1
37,10,44,0.501,0,0
54,9,53,0.824,1,1
19,8,36,0.401,0,0
32,14,42,0.408,0,0
42,11,63,0.51,1,0
33,13,38,0.57,1,0
36,13,56,0.902,0,1
49,10,44,0.178,0,0
44,11,46,0.801,1,1
42,13,46,0.624,1,0
48,8,37,0.446,0,0
45,12,24,0.564,0,0
37,12,39,0.509,1,0
35,12,35,0.246,0,0
28,14,52,0.346,0,1
30,13,41,0.227,0,0
42,13,64,0.781,1,1
50,11,33,0.032,0,1
17,16,26,0.431,1,1
57,14,48,0.756,1,1
53,14,22,0.665,1,1
54,11,40,0.472,0,0
44,12,54,0.782,1,0
23,12,28,0.439,1,1
20,9,34,0.489,0,1
63,12,50,0.611,1,1
20,12,63,0.956,1,1
34,12,23,0.461,1,1
63,14,40,0.439,1,1
33,12,42,0.354,1,1
46,9,24,0.386,0,1
27,13,51,0.196,1,0
46,7,46,0.726,1,1
51,10,40,0.44,1,0
21,13,63,0.165,1,1
31,12,33,0.997,1,1
40,13,41,0.446,0,0
60,8,37,0.993,1,1
35,11,42,0.678,1,1
43,10,54,0.395,1,1
44,10,43,0.61,1,1
50,9,54,0.641,1,0
33,13,34,0.427,0,0
21,12,53,0.59,1,1
32,13,40,0.608,1,1
24,8,27,0.106,0,0
34,13,58,0.511,1,0
35,6,28,0.285,0,1
29,10,49,0.811,1,1
34,8,25,0.396,0,0
44,4,46,0.042,0,0
47,11,35,0.635,0,1
39,14,31,0.534,1,1
52,14,43,0.503,1,1
42,8,37,0.497,1,0
28,12,32,0.63,1,1
24,13,50,0.747,1,1
57,7,37,0.584,0,1
17,9,38,0.443,0,1
34,16,55,0.58,1,1
32,10,41,0.327,1,0
37,13,30,0.392,0,0
43,12,16,0.383,1,0
36,12,34,0.483,0,1
38,14,30,0.284,0,0
50,10,63,0.372,1,0
51,10,31,0.262,0,0
43,11,14,0.304,0,1
39,12,54,0.231,0,0
30,8,46,0.567,0,0
37,11,43,0.558,0,0
39,12,32,0.628,0,1
47,8,31,0.285,0,0
41,10,30,0.27,1,0
17,8,21,0.444,1,1
41,12,32,0.473,0,0
34,12,55,0.39,0,0
58,12,40,0.633,0,1
43,11,32,0.25,0,1
59,13,30,0.435,1,0
17,10,36,0.467,1,1
59,12,34,0.485,1,1
43,10,52,0.737,1,1
49,9,20,0.614,0,0
54,6,44,0.539,1,1
42,10,24,0.221,0,0
20,8,53,0.631,1,0
44,12,43,0.676,0,1
24,7,27,0.637,1,0
30,11,24,0.443,1,0
44,15,43,0.712,1,0
33,12,50,0.792,1,1
37,7,27,0.379,0,0
34,13,42,0.439,1,0
43,14,51,0.398,0,0
37,14,39,0.603,1,1
47,13,46,0.671,1,1
18,11,37,0.59,0,0
58,11,33,0.543,0,0
46,9,50,0.807,1,0
28,14,54,0.82,1,1
59,5,34,0.161,0,0
31,12,16,0.536,1,0
47,11,33,0.659,1,1
30,11,37,0.436,1,0
40,13,46,0.912,1,0
61,6,50,0.189,0,0
41,10,29,0.404,1,0
32,14,31,0.416,1,0
17,7,45,0.627,0,0
38,15,52,0.827,1,1
20,11,35,0.546,1,0
26,12,60,0.838,1,1
43,14,46,0.842,1,1
69,11,58,0.514,0,1
55,16,24,0.637,1,1
36,10,27,0.466,1,0
51,9,46,0.527,1,1
31,13,55,0.64,1,1
30,15,34,0.455,1,0
53,6,46,0.235,1,0
46,16,31,0.51,0,0
50,11,35,0.271,0,1
47,15,43,0.517,1,1
47,13,41,0.791,1,1
41,14,48,0.748,1,1
38,14,55,0.488,1,0
33,16,35,0.47,1,1
46,13,36,0.355,1,0
23,10,33,0.788,1,0
51,12,43,0.504,0,1
40,12,40,0.467,0,1
44,10,33,1.0,1,1
34,11,31,0.501,1,0
48,12,60,0.762,1,1
33,13,56,0.516,1,0
40,14,27,0.208,0,0
47,10,36,0.447,0,0
17,15,60,0.673,1,1
33,15,24,0.635,1,0
34,13,42,0.269,0,0
40,11,37,0.62,1,0
50,9,37,0.936,1,0
57,7,52,0.742,1,0
41,16,45,0.387,1,0
67,12,53,0.357,1,0
50,9,21,0.363,0,1
40,10,43,0.538,1,1
18,7,37,0.368,0,0
24,5,45,0.623,1,0
55,16,50,0.406,1,1
40,10,29,0.743,0,1
36,10,36,0.501,1,1
36,10,38,0.468,0,0
34,10,48,0.842,1,0
37,11,33,0.364,0,0
34,12,40,0.646,1,1
59,13,26,0.558,1,0
26,11,43,0.695,1,1
32,12,51,0.911,1,1
37,8,39,0.417,0,0
35,13,28,0.688,1,0
53,10,57,0.68,1,0
21,11,59,0.428,1,0
47,14,19,0.198,0,1
46,10,51,0.429,0,1
56,14,55,0.729,1,1
29,10,65,0.406,1,0
26,10,53,0.401,1,0
44,10,37,0.415,0,0
51,13,40,0.539,1,1
39,12,21,0.51,1,1
36,14,56,0.307,0,0
52,12,39,0.352,0,0
39,11,26,0.6,1,0
37,9,29,0.667,0,0
30,9,34,0.539,0,0
35,13,46,0.484,1,1
50,14,24,0.673,0,0
31,10,58,0.445,0,1
41,12,29,0.848,1,1
33,11,40,0.472,1,1
23,14,45,0.572,1,1
38,13,44,0.542,1,1
26,10,50,0.406,1,0
55,10,58,0.758,1,1
35,14,41,0.481,1,1
34,12,35,0.348,0,1
47,11,39,0.746,1,0
35,11,35,0.53,1,0
40,13,48,0.554,1,1
57,10,61,0.529,1,1
64,11,49,0.66,1,1
21,11,60,0.616,1,0
50,7,57,0.55,1,1
32,10,28,0.472,0,1
39,9,47,0.64,1,1
39,9,35,0.427,0,0
56,10,17,0.592,0,1
28,11,41,0.905,1,1
44,7,45,0.947,1,1
27,8,32,0.128,0,0
57,9,53,0.467,1,0
49,13,28,0.645,1,1
32,9,46,0.63,0,0
37,3,42,0.489,1,0
33,12,74,0.742,1,0
45,12,34,0.286,0,1
31,16,44,0.552,1,0
54,12,41,0.529,1,0
32,14,53,0.612,1,1
34,12,48,0.27,0,1
35,9,39,0.08,0,0
35,11,31,0.492,1,0
19,9,37,0.787,1,0
61,11,31,0.372,1,0
27,10,34,0.499,1,0
43,11,51,0.303,1,0
31,14,53,0.597,1,1
17,12,45,0.201,0,0
37,11,33,0.57,1,0
27,10,43,0.491,1,0
23,6,42,0.34,0,0
38,12,52,0.776,1,1
36,7,28,0.42,0,0
36,10,27,0.765,0,1
53,12,28,0.546,1,1
49,15,34,0.723,1,1
21,10,28,0.866,1,0
43,9,38,0.207,1,0
50,15,22,0.723,1,1
40,7,41,0.449,1,0
69,9,36,0.63,1,1
43,12,48,0.866,1,1
50,8,34,0.317,0,1
29,12,52,0.504,0,0
62,10,50,0.422,1,1
55,15,30,0.399,0,1
24,9,47,0.667,0,0
17,9,60,0.219,0,0
48,9,53,0.67,1,1
30,12,37,0.829,1,0
31,11,26,0.76,1,0
34,8,44,0.52,0,0
48,12,43,0.505,1,0
36,8,42,0.529,1,0
33,14,56,0.499,1,0
37,11,46,0.731,1,1
46,8,31,0.311,1,0
33,14,39,0.559,1,1
48,10,39,0.531,1,1
31,12,57,0.565,1,1
21,10,36,0.213,0,0
24,14,28,0.66,1,1
55,11,42,0.379,1,1
34,11,42,0.887,1,1
43,6,26,0.651,1,1
45,11,46,0.877,1,1
52,14,50,0.45,1,1
38,13,58,0.65,1,0
49,13,44,0.726,1,1
37,13,56,0.663,1,1
48,13,66,0.47,1,1
43,13,53,0.658,1,1
45,13,44,0.497,1,1
54,9,46,0.426,1,1
27,9,61,0.864,1,0
32,9,46,0.862,1,0
34,14,52,0.79,1,1
56,9,24,0.113,0,1
32,7,34,0.431,1,0
22,11,54,0.554,1,1
50,14,39,0.506,1,1
37,14,41,0.466,1,0
35,16,53,0.4,1,0
27,9,54,0.064,1,0
26,12,51,0.573,0,1
23,13,42,0.601,1,0
64,11,53,0.626,1,1
53,9,35,0.427,1,1
26,14,60,0.387,1,1
55,10,40,0.58,1,0
32,11,23,0.708,1,1
51,13,52,0.488,1,1
41,12,40,0.237,0,0
38,11,42,0.821,1,1
39,4,20,0.091,0,0
19,11,35,0.476,1,0
39,8,28,0.682,1,0
42,8,60,0.612,1,1
43,8,54,0.519,1,0
41,9,26,0.799,1,0
49,10,40,0.405,0,0
30,13,66,0.867,1,1
33,10,46,0.418,0,1
34,11,16,1.0,1,0
50,6,62,0.841,1,1
42,13,34,0.353,0,0
35,6,59,0.207,0,0
51,8,50,0.129,0,0
67,5,44,0.48,1,0
56,16,44,0.355,1,0
34,7,32,0.492,1,0
49,11,52,0.302,1,0
29,7,41,0.791,1,0
37,14,46,0.669,1,1
33,14,50,0.242,1,1
41,13,42,0.532,1,0
38,7,37,0.364,0,0
26,12,40,0.469,1,1
48,7,32,0.068,0,0
60,13,67,0.889,1,1
49,11,31,0.004,0,0
46,13,40,0.628,1,1
36,8,25,0.136,0,0
39,12,38,0.395,1,1
40,10,40,0.345,1,1
46,10,47,0.671,1,1
66,11,53,0.186,0,1
36,15,40,0.28,1,1
20,10,38,0.543,1,0
47,12,45,0.333,1,0
64,13,41,0.357,1,0
42,7,31,0.371,0,0
43,10,54,0.526,1,0
25,9,20,0.246,1,0
31,12,30,0.3,1,0
48,16,53,0.702,1,1
17,12,35,0.678,1,0
39,11,60,0.331,1,0
41,11,30,0.84,1,1
22,14,62,0.317,0,0
39,13,31,0.542,1,1
40,13,49,0.225,1,0
34,15,27,0.482,0,1
40,11,37,0.589,1,0
37,14,52,0.501,1,1
18,12,57,0.208,1,1
32,8,22,0.423,0,0
43,16,38,0.431,1,1
56,10,37,0.316,0,0
50,16,49,0.596,1,1
31,15,41,0.506,0,1
77,10,44,0.439,1,1
34,10,38,0.751,1,0
24,10,36,0.359,0,0
24,13,53,0.427,1,0
55,14,49,0.945,1,1
17,10,44,0.497,0,1
48,11,35,0.14,0,1
28,13,61,0.319,1,1
56,4,30,0.567,0,0
23,11,61,0.255,1,0
17,13,38,0.379,0,1
47,12,52,0.451,1,1
30,7,30,0.301,1,0
25,11,33,0.172,1,0
39,10,16,0.486,0,0
25,11,44,0.112,1,0
50,6,45,0.448,0,0
30,12,19,0.61,0,0
26,12,40,0.593,1,1
17,13,37,0.185,1,0
46,14,47,0.874,1,1
45,14,51,0.463,1,1
46,10,41,0.85,1,0
21,9,33,0.0,0,0
31,11,40,0.498,1,0
50,10,41,0.331,1,1
40,11,51,0.802,1,1
56,7,44,0.592,1,1
38,9,26,0.325,0,0
44,14,32,0.665,1,0
30,11,45,0.611,1,1
37,11,46,0.559,1,1
44,13,35,0.353,0,0
34,11,43,0.357,0,0
22,10,43,0.5,1,0
42,13,24,0.173,0,0
36,14,46,0.537,1,1
36,13,50,0.525,1,0
25,15,37,0.675,1,1
17,8,33,0.348,0,0
59,12,37,0.575,0,1
35,10,56,0.493,0,0
41,13,44,0.549,1,1
46,12,39,0.616,0,1
34,12,41,0.623,1,1
26,7,27,0.509,1,1
27,10,19,0.589,0,0
56,13,23,0.687,1,1
35,16,19,0.575,1,1
43,10,65,0.518,1,1
29,8,67,0.539,1,1
54,14,54,0.622,1,1
51,11,45,0.243,0,1
20,12,60,0.296,1,0
34,11,56,0.096,0,0
58,11,41,0.422,1,1
41,13,34,0.255,0,0
43,11,50,0.677,1,1
49,10,40,0.284,0,1
35,14,39,0.406,1,1
31,11,44,0.584,0,0
59,11,44,0.397,1,1
20,10,41,0.827,0,0
40,13,67,0.62,1,1
38,7,39,0.311,1,1
39,13,51,0.605,1,1
38,11,41,0.243,0,1
56,7,42,0.665,0,1
52,14,50,0.328,0,1
30,6,44,0.205,0,0
47,2,28,0.901,0,0
56,13,31,0.236,1,0
49,8,44,0.266,0,1
52,10,36,0.18,0,1
31,10,36,0.535,1,0
33,11,45,0.32,0,0
48,15,43,0.351,1,1
53,16,28,0.243,0,1
33,11,53,0.911,1,1
38,13,51,0.582,1,1
43,13,62,0.2,0,0
27,9,29,0.644,0,0
38,13,63,0.58,1,1
38,11,54,0.432,1,1
33,15,33,0.423,1,0
36,5,52,0.416,1,0
42,10,45,0.434,1,1
46,13,53,0.498,1,1
54,12,52,0.803,1,1
51,12,42,0.229,1,1
35,13,39,0.39,0,0
33,13,20,0.222,0,0
44,8,42,0.602,1,0
43,8,17,0.56,0,0
46,10,51,0.442,1,1
27,10,39,0.289,1,0
43,12,41,0.334,1,0
44,7,51,0.844,1,1
45,13,42,0.622,1,1
25,11,23,0.0,0,0
39,8,41,0.442,0,1
35,11,44,0.0,0,0
53,7,43,0.517,1,0
56,9,59,0.527,1,0
17,12,61,0.479,1,1
25,11,74,0.42,1,1
38,11,44,0.603,1,0
47,13,46,0.567,1,0
51,9,31,0.841,1,1
17,10,40,0.966,1,1
41,7,55,0.417,1,0
28,14,41,0.557,1,0
41,9,51,0.71,1,0
48,14,54,0.626,1,0
47,8,60,0.454,0,1
54,9,31,0.271,0,0
55,8,36,0.86,0,0
34,10,42,0.443,1,0
17,11,53,0.719,0,0
32,8,27,0.164,0,0
42,15,48,0.749,1,0
49,8,53,0.453,1,0
17,11,52,0.315,1,0
27,4,51,0.422,0,0
35,9,38,0.505,0,1
31,10,53,0.657,1,1
28,15,18,0.57,1,0
37,16,43,0.513,1,1
50,7,29,0.519,0,0
48,12,68,0.361,1,0
31,11,29,0.18,1,1
32,12,47,0.699,1,0
44,8,27,0.341,0,1
41,7,49,0.437,0,0
37,13,56,0.576,1,1
47,14,36,0.711,1,1
44,8,31,0.342,0,0
65,12,36,0.812,1,1
50,7,55,0.374,1,0
38,11,48,0.338,0,1
36,14,60,0.606,1,1
60,16,38,0.517,1,1
30,12,63,0.534,1,0
48,9,26,0.295,0,0
61,10,50,0.839,1,1
44,11,26,0.07,0,0
38,10,31,0.113,0,0
26,14,44,0.551,1,0
37,11,25,0.55,1,0
53,13,40,0.601,0,1
41,12,38,0.492,1,0
49,11,47,0.629,0,1
63,6,39,0.635,0,0
31,11,57,0.396,1,0
45,11,34,0.505,1,0
72,9,43,0.484,1,0
31,16,42,0.327,1,1
52,5,24,0.619,0,0
46,7,34,0.726,1,0
36,11,42,0.484,1,1
38,13,34,0.563,1,0
27,12,53,0.152,1,0
56,7,51,0.637,0,1
56,10,57,0.966,1,1
33,15,54,0.316,1,0
47,12,60,0.436,1,1
52,10,37,0.292,0,0
26,7,41,0.45,0,0
17,11,61,0.46,1,1
33,8,50,0.534,0,0
53,10,27,0.746,1,1
50,10,55,0.518,1,1
34,9,52,0.061,0,0
32,11,58,0.471,1,1
46,11,50,0.715,1,1
49,15,29,0.148,0,0
36,13,60,1.0,1,1
50,12,51,0.664,1,0
43,12,44,0.483,0,0
41,9,27,0.578,0,0
18,11,31,0.321,1,0
56,8,50,0.659,1,0
45,10,37,0.722,1,0
31,8,47,0.412,1,1
45,9,49,0.589,1,0
37,11,35,0.662,1,0
54,9,35,0.733,1,1
32,16,28,0.16,0,0
31,11,57,0.303,0,0
33,5,39,0.746,1,0
33,7,47,0.724,1,0
53,11,40,0.812,1,1
18,11,45,0.353,0,0
32,16,32,0.781,1,1
39,8,39,0.896,1,1
38,8,43,0.195,0,0
62,10,49,0.69,0,1
43,12,33,0.449,1,0
17,10,43,0.395,1,1
25,12,32,0.278,1,0
32,7,49,0.67,1,1
36,11,20,0.177,0,0
34,9,38,0.126,1,0
42,12,42,0.314,1,1
47,14,39,0.686,1,1
34,12,42,0.331,1,1
27,11,30,0.629,0,0
38,11,11,0.456,1,0
39,10,47,0.367,0,0
41,13,38,0.703,1,1
38,11,41,0.401,1,1
85,10,51,0.271,1,1
48,12,16,0.251,0,0
17,12,48,0.401,0,0
23,12,33,0.76,1,0
32,11,41,0.542,1,1
45,10,28,0.287,1,0
31,11,48,0.427,0,0
37,12,36,0.448,0,0
43,7,46,0.563,1,1
41,9,38,0.365,1,0
48,10,39,0.438,1,1
37,13,43,0.489,1,0
49,6,48,0.363,0,1
33,11,53,0.486,1,1
42,8,58,0.403,0,1
29,8,43,0.355,1,1
55,13,50,0.7,1,1
60,12,40,0.0,0,1
36,14,31,0.673,1,0
39,12,35,0.618,0,0
19,14,26,0.854,1,0
35,12,48,0.479,1,0
42,9,46,0.581,1,0
37,15,58,0.457,1,1
23,12,36,0.0,0,0
53,11,47,0.467,0,0
40,9,44,0.816,1,0
17,14,46,0.618,1,0
26,11,48,0.557,1,0
22,13,55,0.664,1,1
20,13,57,0.405,1,0
35,8,34,0.297,0,1
25,9,30,0.349,0,0
21,11,48,0.824,1,1
40,9,59,0.365,1,0
32,15,36,0.396,1,1
31,12,41,0.496,1,1
27,9,45,0.458,0,1
36,11,44,0.498,1,1
29,11,36,0.325,0,0
45,6,47,0.55,1,0
34,11,32,0.303,0,0
37,12,38,0.543,1,0
59,8,58,0.497,1,0
18,10,57,0.329,1,1
51,8,31,0.147,0,0
38,11,65,0.267,1,1
51,11,19,0.357,0,1
46,16,67,0.729,1,1
47,11,39,0.531,1,1
66,11,48,0.712,1,0
43,13,32,0.57,1,1
17,14,37,0.793,1,1
62,12,28,0.723,1,0
27,6,27,0.218,0,0
40,11,52,0.66,1,1
42,15,43,0.878,1,1
44,10,57,0.92,1,1
42,10,49,0.237,0,1
24,10,34,0.65,1,0
42,13,33,0.692,1,1
17,9,41,0.163,0,1
59,10,35,0.473,1,1
40,16,39,0.832,1,1
17,9,22,0.756,1,0
33,11,10,0.408,0,0
38,11,55,0.429,0,1
41,8,37,0.127,0,0
37,13,36,0.831,1,0
43,11,34,0.526,1,1
18,6,40,0.77,1,0
34,13,41,0.654,1,0
33,12,55,0.596,1,0
38,10,42,0.55,0,1
24,4,30,0.042,0,0
46,12,47,0.304,0,0
51,5,36,0.471,1,1
46,7,61,0.446,1,0
27,9,49,0.442,1,0
40,15,50,0.726,1,1
29,10,38,0.331,1,0
19,16,35,0.723,0,0
56,10,43,0.36,1,1
17,13,29,0.492,1,0
43,8,55,0.549,1,0
45,13,50,0.253,1,1
26,8,20,0.402,0,0
41,16,24,0.535,0,1
22,9,62,0.651,1,0
35,11,44,0.609,1,0
35,11,51,0.654,1,1
36,5,51,0.371,0,0
27,15,30,0.499,1,1
17,8,36,0.675,0,0
56,11,37,0.27,0,0
39,14,42,0.297,1,0
56,9,54,0.626,1,1
46,12,49,0.736,0,1
50,7,18,0.49,1,0
42,13,58,0.679,1,1
29,16,50,0.575,1,1
35,11,33,0.689,1,1
17,11,58,0.726,1,1
36,12,29,0.769,1,1
38,12,41,0.167,0,0
35,8,36,0.391,1,0
77,10,37,0.513,1,0
46,16,28,0.569,0,1
40,9,46,0.806,1,0
49,9,47,0.734,1,0
48,13,50,0.0,0,0
36,10,32,0.553,0,0
32,12,49,0.206,1,0
47,9,38,0.613,1,0
30,11,43,0.58,1,0
42,12,44,0.628,0,0
40,14,42,0.462,1,0
25,10,22,0.504,1,0
49,16,22,0.498,1,0
48,10,50,0.534,1,0
48,8,33,0.453,0,1
41,12,41,0.26,1,0
35,12,60,0.984,1,1
35,16,42,0.875,1,1
37,12,44,0.653,1,0
40,11,51,0.495,1,1
54,13,68,0.377,1,0
24,7,15,0.561,0,0
50,12,9,0.65,0,0
24,16,48,0.677,1,0
62,11,41,0.508,1,0
35,4,64,0.6,1,0
52,11,28,0.396,1,1
60,12,56,0.434,1,1
29,12,27,0.522,0,0
40,13,36,0.458,1,1
31,8,58,0.83,1,1
70,15,26,0.514,1,1
26,6,41,0.453,1,0
17,12,21,0.484,0,0
52,10,49,0.408,1,0
36,14,32,0.714,1,1
42,12,31,0.72,1,1
30,10,33,0.706,1,0
41,13,43,0.32,1,1
44,10,42,0.6,1,0
46,9,37,0.758,1,1
57,7,12,0.358,0,0
56,10,49,0.211,1,0
50,10,40,0.025,0,0
40,9,51,0.704,1,0
35,12,16,0.386,0,0
48,11,46,0.669,1,1
43,8,45,0.328,1,1
44,5,21,0.527,0,0
53,6,26,0.623,0,1
30,10,37,0.504,1,0
34,7,38,0.362,0,0
24,11,64,0.451,1,0
39,11,37,0.372,0,0
43,13,58,0.317,1,1
44,13,23,0.475,0,0
27,14,50,0.83,1,1
32,12,46,0.342,1,1
58,9,36,0.306,0,1
48,10,35,0.636,1,0
20,9,41,0.496,1,0
45,16,26,0.667,1,1
54,11,81,0.557,1,1
54,12,35,0.493,1,1
48,10,31,0.219,0,0
39,8,43,0.21,0,0
39,4,49,0.126,1,0
29,12,37,0.843,1,1
28,11,27,0.528,0,0
40,13,59,0.737,1,1
50,12,44,0.518,1,0
34,12,51,0.321,1,1
66,13,39,0.54,1,0
44,9,46,0.451,0,1
43,10,22,0.536,0,0
37,10,39,0.453,0,0
17,9,45,0.793,0,0
48,14,35,0.865,1,1
48,12,31,0.535,1,1
17,12,54,0.632,1,0
57,16,51,0.682,1,1
28,12,55,0.42,0,0
34,8,44,0.538,1,0
45,14,56,0.675,1,0
23,11,39,0.353,0,0
49,10,48,0.644,1,0
57,10,20,0.614,1,0
42,12,41,0.488,1,1
44,8,51,0.746,1,0
65,8,47,0.662,1,1
44,10,49,0.361,1,1
46,8,38,0.318,0,1
74,10,33,0.525,0,0
28,7,20,0.0,0,0
42,9,15,0.447,0,0
55,10,40,0.533,1,0
31,9,31,0.639,1,0
17,13,47,0.459,0,1
27,13,53,0.158,1,0
44,9,57,0.73,1,1
52,14,32,0.816,1,1
43,11,50,0.32,1,1
38,10,36,0.525,1,0
51,13,26,0.605,1,1
38,15,50,0.63,1,0
52,14,64,0.59,1,1
37,10,51,0.226,0,0
32,14,57,0.905,1,1
48,8,19,0.618,0,0
64,10,21,0.401,0,1
49,12,30,0.316,1,1
30,13,30,0.655,1,1
38,10,62,0.735,1,1
22,12,48,0.631,1,1
34,10,38,0.364,0,0
40,11,46,0.519,1,0
34,12,37,0.208,0,0
25,15,44,0.409,1,0
42,6,18,0.503,0,0
39,10,52,0.491,0,1
62,7,41,0.572,0,1
30,11,32,0.338,0,0
18,12,52,0.683,1,0
23,16,44,0.72,1,1
61,12,52,0.15,1,1
26,16,45,0.452,1,1
40,15,14,0.751,1,1
34,14,49,0.821,1,1
27,11,69,0.746,1,0
47,6,59,0.592,1,1
28,11,51,0.517,1,1
18,12,47,0.306,1,1
39,12,30,0.67,1,1
20,10,37,0.518,1,0
25,14,46,0.369,1,0
52,11,36,0.783,1,0
51,13,25,0.288,0,1
31,16,30,0.431,0,1
60,12,54,0.373,1,1
45,10,32,0.147,0,1
17,14,51,0.491,1,1
47,12,45,0.399,0,1
33,12,27,0.362,1,0
25,12,52,0.726,1,0
36,11,39,0.325,0,1
42,13,63,0.443,0,1
56,9,55,0.571,1,0
69,10,44,0.606,1,1
45,16,34,0.547,1,1
56,11,31,0.431,1,0
45,9,50,0.346,0,0
42,9,45,0.675,1,0
44,7,41,0.576,1,0
29,12,51,0.702,1,1
41,12,57,0.721,1,1
38,9,37,0.055,0,0
30,8,55,0.536,0,1
55,8,37,0.601,1,1
36,12,19,0.277,0,0
35,9,51,0.46,1,0
64,16,51,0.381,1,1
29,10,41,0.589,0,1
32,10,63,0.276,1,1
32,12,47,0.308,0,1
63,12,52,0.416,1,1
27,8,50,0.847,1,1
34,8,37,0.243,0,1
36,10,34,0.008,0,1
26,8,44,0.572,0,0
49,15,53,0.258,1,1
40,10,46,0.505,1,1
65,10,60,0.818,1,1
36,8,53,0.616,1,0
53,7,70,0.577,0,1
36,14,29,0.701,0,1
29,9,36,0.122,0,0
29,14,45,0.463,0,1
27,12,48,0.792,1,0
53,7,3,0.168,0,0
38,12,28,0.503,0,1
19,14,45,1.0,1,0
37,15,42,0.7,1,1
34,12,62,0.483,1,0
41,14,42,0.546,1,1
28,11,45,0.053,0,0
72,12,22,0.448,0,1
52,9,54,0.509,1,1
17,10,30,0.509,1,0
53,8,43,0.392,0,0
39,15,29,0.524,0,1
47,16,33,0.92,1,1
23,10,27,0.645,0,0
18,11,60,0.721,1,1
36,12,55,0.816,1,0
27,13,63,0.63,1,1
63,15,42,0.853,1,1
43,9,44,0.72,1,1
46,7,41,0.502,0,0
46,9,24,0.353,0,0
47,11,38,0.25,0,0
38,8,33,0.41,0,1
23,8,30,0.509,0,0
32,10,26,0.336,0,1
35,5,39,0.375,1,0
28,9,31,0.331,0,0
17,13,24,0.798,0,1
30,13,43,0.706,1,0
44,11,49,0.496,1,0
39,11,43,0.412,1,0
38,13,29,0.268,0,0
51,13,44,0.381,1,0
47,11,36,0.447,1,0
25,8,38,0.53,0,0
32,9,20,0.509,1,0
51,11,31,0.434,1,1
38,9,23,0.441,1,0
40,15,55,0.466,1,1
27,14,14,0.287,0,0
54,10,23,0.616,0,0
59,13,54,0.729,1,0
30,15,34,0.424,1,1
62,9,41,0.737,0,1
53,11,31,0.493,0,0
48,11,58,0.486,0,0
18,8,42,0.199,0,0
52,16,45,0.669,1,1
52,12,53,0.409,1,0
40,16,37,0.563,1,1
65,12,18,0.481,0,0
41,13,42,0.547,1,1
60,6,30,0.491,0,0
51,13,13,0.442,0,0
52,7,33,0.382,0,0
22,16,31,0.566,1,1
45,12,50,0.67,1,1
27,12,37,0.342,1,1
22,10,43,0.138,0,0
17,7,38,0.221,1,1
41,11,52,0.301,0,0
17,11,44,0.53,1,1
46,10,41,0.132,0,0
58,11,53,0.326,1,0
23,15,48,0.826,1,1
62,14,43,0.464,1,1
53,15,50,0.765,1,0
24,11,32,0.295,1,0
22,12,47,0.428,1,0
48,10,33,0.653,1,1
29,11,47,0.624,1,1
53,9,43,0.226,0,0
46,8,32,0.59,0,0
33,15,31,0.728,1,0
38,4,28,0.62,1,0
37,11,24,0.807,1,0
48,14,53,0.879,1,1
63,11,46,0.901,1,1
28,10,30,0.29,0,0
23,8,51,0.49,0,0
45,15,49,0.345,1,0
34,16,51,0.34,1,1
17,8,50,0.464,0,0
44,9,14,0.72,1,0
30,11,59,0.509,1,0
25,13,26,0.411,1,0
22,8,50,0.676,1,0
42,11,43,0.172,0,1
24,11,33,0.57,0,0
25,5,41,0.568,0,0
35,12,39,0.769,1,0
59,12,42,0.846,1,1
42,9,46,0.69,1,0
36,9,41,0.594,1,0
51,12,62,0.603,1,0
60,11,40,0.02,0,1
21,16,35,0.502,1,0
44,10,49,0.49,0,1
53,9,48,0.033,1,0
17,10,51,0.44,0,0
47,9,37,0.413,0,0
42,15,50,0.638,1,1
46,9,37,0.591,1,0
19,10,40,0.456,1,0
24,11,49,0.135,0,0
41,13,53,0.234,1,0
17,8,40,0.065,0,0
48,9,53,0.625,1,0
47,11,38,0.794,1,1
26,8,52,0.373,0,0
58,11,47,0.517,1,1
37,12,34,0.533,0,1
29,9,38,0.608,0,0
17,11,41,0.703,0,1
45,10,38,0.683,1,1
17,11,37,0.291,0,0
34,8,45,0.379,1,0
34,9,22,0.681,1,0
66,8,31,0.559,0,0
37,13,43,0.554,1,1
43,8,52,0.315,1,0
61,11,36,0.702,1,0
39,14,43,0.495,1,1
36,12,56,0.588,1,1
33,11,47,0.456,1,1
17,12,43,0.621,1,0
30,14,38,0.353,1,1
53,9,47,0.399,1,0
45,16,59,0.34,0,1
31,15,48,0.471,1,1
33,14,44,0.415,0,1
17,4,46,0.459,0,0
56,9,33,0.199,0,0
37,13,45,0.736,1,0
51,14,47,0.761,1,1
59,7,47,0.892,1,1
60,16,61,0.558,0,1
62,7,43,0.584,0,0
44,15,52,0.641,1,0
22,13,33,0.493,0,0
45,14,29,0.753,1,1
57,8,34,0.237,0,0
20,14,42,0.704,1,0
41,12,52,0.618,1,0
33,7,42,0.499,0,1
44,11,64,1.0,1,1
42,14,42,0.349,1,1
29,12,43,0.568,1,0
57,13,65,0.274,1,1
48,16,26,0.408,1,1
32,11,46,0.624,1,1
20,12,54,0.722,1,1
37,6,43,0.297,0,1
21,10,40,0.607,0,0
43,14,35,0.604,1,0
24,15,40,0.54,1,0
26,8,44,0.53,0,0
44,13,30,0.778,1,1
47,13,50,0.239,1,1
48,13,27,0.395,0,1
55,14,42,0.523,0,0
33,13,61,0.349,1,1
44,9,31,0.358,0,0
56,12,50,0.66,1,1
51,12,39,0.847,1,0
32,12,52,1.0,1,1
45,8,29,0.644,1,1
72,12,42,0.62,1,0
44,10,30,0.131,1,0
43,11,61,0.437,1,0
37,11,66,0.407,1,1
35,13,21,0.395,0,1
34,9,38,0.511,0,0
26,9,24,0.088,0,0
51,7,41,0.4,1,0
38,13,48,0.585,1,1
36,16,37,0.617,1,1
17,13,39,1.0,0,1
24,13,43,0.713,0,0
56,12,44,0.47,0,1
55,12,30,0.495,0,0
17,13,44,0.719,1,1
52,13,37,0.471,0,0
42,6,51,0.861,1,0
17,5,22,0.519,0,0
50,10,53,0.67,1,1
42,12,50,0.569,1,1
37,10,24,0.409,0,0
29,9,45,0.377,1,1
54,8,45,0.914,1,1
17,9,52,0.269,0,1
24,10,43,0.688,1,1
70,12,24,0.507,1,1
29,9,40,0.348,0,0
27,7,32,0.356,0,0
35,11,51,0.613,1,0
38,13,33,0.528,1,1
52,16,39,0.782,1,1
20,12,46,0.55,1,1
29,15,36,0.854,1,0
28,9,54,0.553,0,0
64,9,46,0.52,0,0
51,11,52,0.402,1,1
55,10,28,0.332,0,1
17,10,48,0.388,1,1
28,6,31,0.553,0,1
50,13,62,0.5,1,1
23,11,35,0.364,1,1
34,13,22,0.568,1,0
37,11,37,0.265,1,0
40,8,21,0.572,0,0
22,9,36,0.598,1,1
35,14,50,0.346,1,1
24,12,56,0.478,1,1
45,9,48,0.365,0,0
55,9,27,0.284,0,0
57,11,18,0.658,0,0
64,10,36,0.301,1,0
34,11,44,0.685,1,0
43,10,22,0.04,1,0
63,15,36,0.427,1,0
17,7,44,0.334,0,0
42,16,35,0.548,1,1
24,11,40,0.367,1,0
42,10,40,0.441,1,0
34,11,26,0.653,0,0
37,15,37,0.627,1,0
37,12,37,0.647,1,0
50,11,35,0.553,1,0
38,11,50,0.541,1,1
48,13,36,0.774,1,1
38,9,47,0.58,1,1
35,13,27,0.107,0,1
48,13,36,0.453,1,0
48,13,49,0.512,1,1
32,7,36,0.764,0,0
46,8,43,0.574,1,0
49,11,33,0.7,1,0
43,16,44,0.587,1,0
30,6,52,0.304,0,0
19,10,45,0.833,1,0
52,14,32,0.152,1,1
33,13,47,0.76,1,1
34,11,34,0.332,0,1
34,12,54,0.676,1,0
21,11,26,0.453,0,0
42,13,45,0.363,0,0
35,13,45,0.649,0,1
65,9,56,0.587,1,1
41,10,45,0.621,1,0
34,11,36,0.505,0,0
43,13,33,0.745,0,0
29,10,49,0.46,0,0
35,10,38,0.503,0,0
33,9,21,0.504,1,0
57,11,39,0.478,1,0
25,9,59,0.556,1,1
53,7,36,0.196,0,0
73,13,25,0.301,0,1
38,11,53,0.903,1,0
40,13,47,0.315,1,0
33,6,41,0.417,1,0
45,14,58,0.479,1,1
45,11,50,0.551,1,1
31,13,45,0.838,1,1
48,12,20,0.281,0,1
46,12,31,0.501,0,0
35,8,43,0.571,1,0
47,10,66,0.543,1,1
38,8,23,0.35,0,0
46,12,49,0.649,1,0
33,10,30,0.746,0,1
40,8,56,0.443,1,1
38,10,35,0.419,1,0
41,13,43,0.536,1,0
28,10,48,0.521,1,1
30,15,35,0.374,0,0
34,9,23,0.611,0,0
76,10,48,0.532,0,1
54,10,29,0.447,0,0
40,12,42,0.529,0,0
48,5,20,0.598,0,0
30,8,41,0.167,0,0
41,11,52,0.776,1,1
19,13,51,0.527,1,1
28,8,50,0.189,0,0
38,11,24,0.483,0,1
36,10,46,0.376,0,0
41,13,24,0.544,0,0
45,12,31,0.233,1,0
26,7,37,0.711,1,1
42,12,40,0.566,0,1
46,7,50,0.675,1,1
50,11,37,0.589,1,1
17,10,54,0.557,1,1
53,10,50,0.578,1,1
32,8,37,0.293,1,0
56,7,41,0.394,0,0
57,12,51,0.565,1,1
32,11,30,0.605,1,0
51,14,44,0.575,1,1
48,10,53,0.441,0,1
40,10,51,0.63,1,0
23,9,40,0.423,0,0
36,11,50,0.457,0,0
35,13,50,0.605,1,0
30,12,23,0.354,0,0
38,11,37,0.354,0,0
53,13,29,0.591,0,0
51,7,33,0.261,0,0
23,12,41,0.511,1,1
31,3,27,0.193,0,0
35,9,48,0.754,1,0
38,16,34,0.663,1,0
17,14,43,0.939,1,0
64,11,26,0.411,1,0
37,10,42,0.733,0,1
39,7,28,0.099,1,1
58,10,54,0.578,0,1
44,10,60,0.499,1,0
20,11,32,0.178,0,0
17,12,44,0.552,1,0
69,7,40,0.345,0,0
29,12,50,0.509,1,1
37,12,28,0.446,1,1
37,12,29,0.285,1,1
61,11,31,0.708,1,0
52,6,50,0.643,1,0
40,16,57,0.869,1,1
55,15,54,0.576,1,1
48,8,44,0.223,0,0
31,9,38,0.656,0,0
32,11,49,0.414,1,0
54,13,54,0.621,1,1
58,8,67,0.624,1,1
63,16,52,0.622,1,1
45,6,35,0.429,1,1
50,11,44,0.629,0,0
32,9,20,0.741,0,0
46,11,43,0.709,1,1
44,13,38,0.292,1,1
41,8,50,0.358,0,0
39,10,57,0.789,1,0
40,10,32,0.602,1,0
46,7,38,0.35,0,0
32,10,23,0.551,0,0
44,9,40,0.448,1,0
30,14,51,0.715,1,1
65,12,34,0.057,1,1
39,8,33,0.451,0,0
46,14,30,0.355,0,1
42,7,38,0.296,1,0
68,14,35,0.384,1,1
33,11,30,0.739,1,0
17,10,38,0.776,0,1
31,13,37,0.369,0,0
41,11,42,0.546,1,0
42,16,35,0.21,1,1
17,11,42,0.41,1,0
52,14,45,0.613,1,0
28,13,28,0.09,0,0
30,12,38,0.834,1,0
44,14,37,0.273,1,0
50,11,48,0.861,1,1
35,8,41,0.665,1,0
38,14,50,0.448,1,0
26,10,42,0.683,1,0
23,9,40,0.509,0,0
29,10,38,0.392,0,0
66,10,34,0.462,1,1
38,10,32,0.367,0,1
50,13,48,0.519,1,0
35,9,42,0.72,1,0
37,9,58,0.558,0,0
21,8,19,0.319,0,1
42,10,39,0.66,1,1
34,14,45,0.596,1,1
21,12,37,0.451,1,0
50,14,28,0.403,0,1
35,9,32,0.634,1,0
24,8,19,0.356,0,0
27,5,45,0.4,0,0
45,13,61,0.873,1,1
30,15,38,0.479,1,1
17,5,36,0.749,1,0
61,13,44,0.522,1,1
19,6,43,0.515,1,0
46,13,11,0.652,0,0
47,13,54,0.477,0,1
57,8,43,0.425,1,0
32,11,32,0.472,1,1
34,15,45,0.44,1,1
55,14,63,0.35,1,1
53,10,24,1.0,1,1
54,13,36,0.672,1,0
42,15,57,0.582,1,1
40,13,32,0.48,1,1
42,15,50,0.927,1,1
58,15,38,0.513,1,0
28,13,24,0.804,0,0
26,12,17,0.577,1,0
53,11,43,0.404,1,0
41,10,54,0.578,1,0
33,12,25,0.85,1,0
43,11,55,0.372,1,0
45,9,36,0.829,1,1
52,11,55,0.157,1,0
44,10,43,0.489,0,0
43,10,45,0.764,1,0
79,4,28,0.0,0,1
37,10,65,0.608,1,1
17,9,48,0.452,1,0
37,9,53,0.575,1,0
40,14,47,0.649,1,1
44,12,18,0.526,1,0
41,13,50,0.637,1,0
50,10,32,0.34,1,0
44,14,45,0.748,1,1
47,8,42,0.149,0,0
34,10,27,0.426,1,0
47,10,48,0.536,1,1
43,10,41,0.475,1,1
35,10,27,0.975,1,0
37,10,35,0.405,0,0
58,11,64,0.546,0,1
45,11,51,0.385,1,0
37,13,44,0.667,1,1
30,11,43,0.428,1,1
40,9,58,0.118,1,1
21,8,45,0.312,0,0
47,13,33,0.333,1,0
19,10,31,0.507,1,0
29,14,55,0.77,1,1
18,14,61,0.74,1,1
53,6,30,0.496,1,0
17,10,12,0.497,0,0
17,8,25,0.467,0,1
37,11,33,0.414,1,0
41,12,34,0.853,1,0
32,9,40,0.471,1,0
52,9,44,0.484,1,0
49,8,34,0.556,0,0
47,10,20,0.423,0,0
49,14,38,0.367,1,1
35,9,34,0.512,1,0
39,9,42,0.12,1,0
59,12,52,0.545,1,1
54,7,33,0.582,1,0
46,15,20,0.545,0,0
33,9,61,0.626,1,0
54,12,38,0.657,0,0
36,12,48,0.465,1,0
25,10,34,0.59,0,0
44,11,31,0.559,1,0
68,11,40,0.567,1,1
74,10,54,0.283,1,1
38,7,41,0.569,1,1
48,16,28,0.44,1,1
23,13,32,0.624,1,0
55,8,44,0.392,1,1
52,13,58,0.507,1,0
21,14,12,0.499,0,0
40,11,66,0.168,0,1
46,13,50,0.753,0,0
48,11,42,0.637,1,1
37,11,51,0.514,0,0
40,13,49,0.373,0,1
65,13,47,0.51,1,1
37,14,29,0.887,1,1
50,16,46,0.807,1,1
48,6,49,0.427,0,0
34,16,52,0.476,1,1
32,13,47,0.751,0,1
30,11,52,0.377,1,1
40,12,25,0.421,1,0
59,10,34,0.504,1,1
32,6,60,0.945,1,0
31,10,31,0.537,1,0
38,8,52,0.705,1,0
35,14,48,0.663,1,1
34,11,53,0.403,0,0
61,9,46,0.328,0,0
57,9,35,0.127,0,0
30,14,28,0.382,1,0
63,10,47,0.372,0,1
64,10,34,0.886,1,1
22,14,44,0.818,1,0
54,8,35,0.227,1,0
46,10,50,0.231,1,0
47,9,35,0.27,0,0
34,13,36,0.376,0,0
22,7,33,0.497,0,1
38,9,40,0.343,0,0
54,11,42,0.287,1,1
23,12,32,0.236,0,0
45,12,44,0.314,1,0
42,9,71,0.58,1,0
17,9,15,0.324,0,0
51,7,37,0.58,0,0
26,10,49,0.143,0,0
17,14,32,0.499,1,0
58,15,30,0.305,0,1
41,10,24,0.496,1,0
63,16,48,0.695,1,1
26,7,26,0.538,0,0
30,10,41,0.787,1,1
25,10,40,0.749,1,0
20,10,52,0.693,1,1
41,12,52,0.4,0,0
34,11,43,0.628,1,0
51,6,37,0.349,0,0
43,15,51,1.0,1,1
52,12,42,0.507,0,0
59,12,49,0.446,1,1
48,12,36,0.535,1,1
47,10,35,0.689,1,0
39,12,35,0.626,1,0
34,12,44,0.516,0,0
29,13,44,0.271,1,0
51,11,51,0.159,1,1
55,13,29,0.67,1,0
33,13,32,0.042,0,0
60,8,41,0.588,0,1
47,14,32,0.576,1,1
23,8,14,0.558,1,0
54,13,37,0.803,1,1
34,10,43,0.408,0,0
64,8,49,0.642,1,1
44,6,37,0.499,0,0
43,13,56,0.831,1,1
18,13,51,0.257,1,1
55,9,54,0.58,1,1
61,10,17,0.597,1,1
30,16,42,0.538,1,1
46,13,18,0.6,1,1
48,10,29,0.518,0,0
34,9,42,0.461,0,0
33,9,48,0.423,1,1
31,9,17,0.804,1,1
43,14,51,0.478,1,1
39,15,43,0.497,1,1
52,11,28,0.459,0,0
53,3,27,0.82,1,0
17,10,45,0.19,0,0
35,11,32,0.301,0,0
37,12,33,0.815,1,1
51,9,39,0.238,0,1
38,13,18,0.854,1,0
53,8,11,0.295,0,0
32,11,27,0.414,0,0
29,12,60,0.58,1,1
45,13,33,0.688,1,1
22,10,35,0.635,1,0
41,14,52,0.358,1,1
37,11,45,0.324,1,1
27,13,44,0.416,1,0
34,6,27,0.415,0,1
53,11,56,0.533,1,0
22,10,44,0.696,1,0
79,9,42,0.28,0,1
35,10,37,0.178,0,0
39,11,51,0.166,1,0
55,12,37,0.699,1,0
55,12,56,0.621,1,1
28,9,22,0.323,0,0
63,13,27,0.23,0,0
50,9,36,0.447,1,1
43,13,40,0.236,0,0
20,6,28,0.405,0,1
29,12,48,0.533,1,1
39,7,26,0.308,0,0
30,12,44,0.571,1,0
31,13,36,0.944,1,1
46,7,25,0.313,0,0
17,12,59,0.429,1,0
40,9,47,0.693,1,0
42,9,17,0.13,0,0
33,9,24,0.69,1,0
33,14,32,0.326,1,1
26,11,29,0.627,1,1
48,16,22,0.835,1,1
41,10,43,0.483,0,1
30,14,24,0.36,1,0
32,10,16,0.667,0,0
37,9,33,0.654,0,1
47,10,69,0.648,1,1
23,14,42,0.721,1,0
50,12,40,0.433,1,1
52,12,41,0.429,1,0
43,10,29,0.709,1,0
49,11,38,0.324,0,0
39,16,35,0.837,1,1
30,9,36,0.583,0,1
27,10,26,0.435,1,0
20,13,65,0.352,0,0
48,16,64,0.488,1,1
46,16,66,0.629,1,1
38,8,39,0.595,0,0
28,10,35,0.363,0,0
37,10,43,0.632,1,1
30,9,44,0.482,0,0
26,10,30,0.64,0,1
39,13,36,0.377,1,1
41,11,35,0.45,1,1
24,12,36,0.242,1,1
56,11,37,0.95,1,1
55,12,45,0.981,1,1
26,12,57,0.325,1,1
19,12,33,0.177,1,0
17,10,44,0.286,1,0
53,13,43,0.377,1,0
33,9,28,0.48,0,0
42,9,31,0.29,1,0
46,10,45,0.507,0,0
24,13,30,0.099,0,1
44,9,32,0.462,1,1
48,16,44,0.561,1,1
51,16,51,0.808,1,1
43,11,52,0.405,1,0
57,11,38,0.653,1,1
46,13,48,0.543,0,0
37,12,52,0.46,1,0
40,11,39,0.474,0,0
41,12,44,0.931,1,0
38,13,45,0.365,0,1
25,11,33,0.402,0,1
42,11,56,0.57,1,1
19,10,42,0.406,1,0
44,13,31,0.586,1,1
29,9,27,0.518,1,0
34,15,26,0.816,0,0
26,11,49,0.795,1,0
45,12,47,0.649,1,1
32,10,22,0.219,1,1
39,11,61,0.809,1,1
34,14,43,0.725,1,1
17,8,32,0.363,0,0
44,16,42,0.581,1,1
40,13,41,0.309,1,1
26,14,53,0.43,1,1
35,9,34,0.513,0,0
34,9,41,0.652,1,1
41,13,57,0.333,0,1
63,11,47,0.642,1,0
50,12,42,0.466,1,1
24,14,35,0.515,0,0
31,11,39,0.185,0,0
21,10,51,0.591,1,0
17,12,47,0.575,1,1
47,12,43,0.628,1,1
38,10,25,0.581,1,1
60,11,38,0.537,1,1
53,11,10,0.572,0,0
48,8,24,0.481,0,0
49,12,44,0.226,0,0
55,9,41,0.52,0,1
25,8,39,0.642,0,0
48,10,16,0.551,0,0
35,5,49,0.815,0,0
17,10,53,0.795,1,1
40,16,41,0.713,1,0
40,6,40,0.32,1,0
35,9,33,0.737,1,0
50,12,52,0.484,1,0
48,9,23,0.454,1,0
45,12,63,0.602,1,1
25,10,40,0.329,1,1
58,9,27,0.56,0,0
38,9,40,0.76,1,1
17,10,55,0.546,1,1
20,14,41,0.357,1,0
45,9,47,0.918,1,0
49,14,60,0.485,1,1
42,12,38,0.775,1,1
38,10,30,0.33,0,1
55,11,35,0.422,1,0
43,13,47,0.384,1,0
32,13,29,0.599,1,0
62,11,44,0.317,1,1
56,10,36,0.526,1,1
45,8,50,0.577,0,0
43,6,43,0.159,0,0
39,11,24,0.448,0,0
46,15,36,0.79,1,1
30,15,42,0.712,1,0
17,11,43,0.735,1,0
45,14,43,0.439,1,1
38,11,49,0.291,1,0
40,16,56,0.392,1,1
47,9,45,0.728,1,1
33,12,30,0.851,1,0
39,15,52,0.557,1,1
48,9,41,0.812,1,1
25,8,29,0.462,0,0
17,13,34,0.207,1,0
32,16,39,0.356,1,1
31,15,40,0.196,1,1
20,9,47,0.27,0,0
28,9,29,0.576,1,1
41,15,51,0.818,1,1
28,9,37,0.648,1,1
25,10,31,0.574,1,1
48,14,20,0.466,0,0
57,12,37,0.383,1,1
51,10,55,0.47,1,1
22,13,39,0.564,1,0
52,14,62,0.57,1,1
24,11,57,0.594,1,0
41,10,30,0.295,0,0
28,8,28,0.39,0,0
55,10,38,0.723,1,1
74,13,55,0.287,0,0
35,14,35,0.651,1,1
46,9,54,0.375,0,1
27,8,46,0.675,1,1
31,11,56,0.533,1,1
18,9,51,0.53,1,0
42,7,37,0.213,0,0
52,16,51,0.76,1,1
45,8,38,0.169,0,1
53,13,36,0.752,1,1
45,15,58,0.546,1,1
29,13,43,0.531,1,1
28,8,57,0.745,1,1
27,15,61,0.773,1,1
31,12,42,0.495,1,1
24,10,37,0.67,1,0
40,10,29,0.523,0,1
42,15,32,0.46,1,1
52,13,11,0.524,1,1
17,9,37,0.641,1,0
18,7,22,0.881,1,0
31,11,39,0.351,1,0
52,7,23,0.433,0,0
31,12,44,0.454,0,0
22,11,47,0.632,0,0
52,7,37,0.644,1,1
49,12,44,0.548,1,0
57,11,35,0.541,1,0
56,13,25,0.649,0,1
42,9,37,0.534,1,0
54,9,36,0.635,0,1
52,15,34,0.736,1,0
45,11,36,0.15,0,0
40,7,41,0.716,0,0
46,15,42,0.513,0,0
56,7,36,0.636,1,0
29,8,46,0.546,0,1
54,13,41,0.71,0,0
20,12,44,0.315,1,1
33,7,28,0.273,0,0
52,9,29,0.351,1,0
35,12,43,0.831,1,0
39,9,54,0.694,1,1
25,8,29,0.237,0,0
17,10,44,0.384,1,0
44,7,14,0.609,1,0
46,13,32,0.523,1,1
25,8,49,0.561,1,0
60,11,63,0.557,1,1
49,9,33,0.738,1,1
39,11,51,0.611,1,0
40,11,60,0.685,1,1
26,9,46,0.801,1,0
22,8,45,0.514,0,1
52,11,44,0.917,0,0
25,6,49,0.302,1,1
56,14,21,0.606,0,1
67,11,32,0.388,1,0
31,10,51,0.743,1,0
52,12,36,0.611,1,0
36,6,33,0.202,0,0
45,13,24,0.131,0,0
17,9,37,0.336,0,0
34,13,54,0.498,1,1
46,11,30,0.401,0,0
44,6,38,0.856,1,0
21,11,46,0.289,1,0
28,5,25,0.208,0,0
44,13,45,0.57,1,1
35,11,35,0.493,0,1
27,8,43,0.596,1,1
32,7,52,0.444,1,1
29,11,62,0.428,0,0
45,16,33,1.0,1,1
42,11,52,0.239,1,1
46,14,28,0.513,1,0
45,12,35,0.699,1,0
59,11,47,0.33,1,1
44,10,44,0.738,1,0
33,11,43,0.661,0,0
66,11,39,0.712,1,1
41,11,34,0.646,1,0
52,10,35,0.13,1,0
17,12,45,0.364,1,0
41,9,40,0.824,1,1
46,14,47,0.523,1,1
17,8,36,0.555,0,1
40,8,36,0.235,1,0
46,11,49,0.677,0,1
43,10,26,0.291,0,0
17,9,25,0.764,1,0
42,8,49,0.177,0,0
48,12,52,0.582,1,0
54,9,43,0.42,0,0
30,12,41,0.28,0,0
41,15,40,0.511,1,1
50,12,47,0.202,0,1
52,11,50,0.567,1,1
56,12,36,0.66,1,0
43,14,41,0.411,1,1
47,9,37,0.745,1,0
27,14,50,0.0,1,0
43,13,53,0.674,1,0
31,10,42,0.633,0,0
49,7,47,0.271,1,1
40,10,30,0.621,1,1
39,9,40,0.287,0,0
42,10,43,0.0,0,1
33,6,26,0.351,0,0
44,8,37,0.411,0,1
58,9,38,0.716,1,0
37,8,51,0.635,0,0
54,11,49,0.476,0,1
35,9,53,0.572,1,1
28,10,26,0.356,0,1
37,8,43,0.859,1,0
62,12,35,0.459,0,1
24,12,50,0.566,1,0
34,11,50,0.371,1,1
67,9,41,0.449,1,1
18,9,51,0.535,1,1
47,14,38,0.313,0,0
39,8,44,0.312,0,0
51,15,44,0.483,1,1
25,14,44,0.442,1,0
61,12,51,0.518,1,0
32,11,30,0.839,1,1
17,11,22,0.179,1,0
36,7,58,0.276,1,0
40,9,46,0.702,1,1
37,12,70,0.486,1,1
58,10,56,0.924,1,1
38,8,14,0.355,0,0
39,12,62,0.764,1,0
17,15,44,0.53,1,1
35,14,50,0.323,0,1
42,8,49,0.709,1,0
37,11,29,0.61,0,1
27,10,44,0.544,1,1
28,9,30,0.822,1,0
42,13,55,0.622,1,1
62,16,33,0.605,1,1
40,12,58,0.522,1,1
43,13,46,0.894,1,1
45,9,51,0.83,1,1
38,10,41,0.712,1,0
40,9,52,0.408,0,0
29,8,50,0.957,1,0
29,8,26,0.636,1,0
47,9,48,0.452,1,1
35,10,52,0.612,1,0
40,9,66,0.658,1,1
17,12,50,0.291,0,0
39,10,52,0.862,1,1
57,10,43,0.111,0,1
51,7,44,0.235,1,0
27,4,59,0.266,0,0
48,11,51,0.464,1,0
44,10,29,0.411,1,0
50,8,48,0.467,1,0
28,9,36,0.265,1,0
25,10,28,0.674,1,1
45,15,60,0.824,1,1
52,11,45,0.538,0,1
44,9,35,0.469,0,0
17,10,43,0.426,0,0
54,12,39,0.542,1,1
59,11,41,0.256,1,0
55,12,34,0.311,0,0
23,13,36,0.814,1,1
29,13,42,0.567,1,1
22,15,46,0.895,1,1
46,12,44,0.685,1,0
39,9,36,0.241,0,0
41,15,43,0.527,0,1
47,7,38,0.282,0,1
44,10,42,0.267,1,0
43,10,27,0.745,1,1
58,14,34,0.381,0,1
45,15,21,0.802,1,0
55,10,52,0.305,0,1
37,13,61,0.707,1,1
45,7,46,0.723,1,0
36,16,53,0.789,1,1
49,6,51,0.404,0,0
52,14,47,0.62,1,1
47,15,45,0.718,1,1
47,9,20,0.477,0,1
32,10,41,0.208,0,0
44,12,44,0.537,1,1
59,16,27,0.676,1,1
23,10,49,0.778,1,0
48,5,44,0.656,1,1
40,12,39,0.394,1,1
54,8,44,0.456,1,0
46,13,34,0.584,1,0
44,10,50,0.08,0,1
48,11,54,0.489,1,0
39,10,55,0.59,1,1
38,10,37,0.851,1,1
51,8,22,0.301,0,1
50,12,37,0.689,1,0
32,7,17,0.548,1,0
69,7,41,0.733,1,0
47,11,51,0.563,1,0
19,11,15,0.646,1,0
25,13,31,0.273,1,0
36,8,48,0.682,0,0
39,7,52,0.563,1,0
59,9,69,0.58,1,1
37,9,42,0.656,1,1
66,9,44,0.0,1,0
41,9,52,0.626,1,1
66,8,49,0.15,1,0
35,10,40,0.502,1,1
48,10,46,0.136,0,0
17,16,51,0.445,1,0
25,10,39,0.238,0,0
30,12,30,0.385,0,0
44,12,41,0.6,1,1
47,13,39,0.47,1,1
41,11,32,0.543,1,0
53,11,30,0.605,1,1
38,13,73,0.693,1,1
37,12,58,0.458,1,1
63,12,25,0.042,1,1
36,11,52,0.589,1,1
42,14,35,0.69,1,1
27,11,61,0.685,1,0
34,11,48,0.606,1,0
23,12,18,0.46,0,0
47,11,37,0.674,1,1
17,14,42,0.436,1,0
20,11,44,0.635,1,0
38,16,37,0.582,1,1
57,9,35,0.476,1,0
34,10,52,0.51,0,0
35,5,32,0.368,0,0
49,15,30,0.636,1,0
23,14,36,0.419,0,0
55,12,54,0.414,0,0
45,12,41,0.764,1,1
21,8,28,0.385,0,0
31,14,50,0.518,1,0
40,9,47,0.52,1,0
70,10,37,0.643,1,1
29,8,45,0.328,1,0
43,11,35,0.524,0,0
28,12,40,0.373,1,0
25,16,49,0.448,1,1
31,12,38,0.421,1,1
35,12,46,0.593,1,1
23,13,56,0.633,1,0
40,10,44,0.923,1,0
51,11,48,0.554,0,1
49,14,30,0.611,1,1
46,9,21,0.526,0,0
77,9,46,0.666,1,1
55,10,34,0.387,0,1
54,7,35,0.613,1,1
44,16,42,0.627,0,1
24,12,40,0.418,0,0
41,13,37,0.69,1,1
17,10,51,0.771,1,1
60,7,29,0.88,1,0
53,14,37,0.67,1,0
30,12,26,0.528,0,0
61,8,42,0.41,0,0
40,9,45,0.355,0,0
28,12,58,0.828,1,0
41,7,29,0.0,0,0
36,9,51,0.531,0,1
26,13,46,0.45,1,1
56,16,34,0.787,1,1
70,13,35,0.342,1,0
17,9,34,0.38,0,0
42,6,30,0.445,0,0
57,9,45,0.19,0,0
35,11,43,0.58,1,0
34,7,24,0.384,0,0
37,11,32,0.536,1,0
17,13,43,0.665,1,0
17,9,61,0.513,0,0
61,11,47,0.647,1,1
29,12,29,0.052,0,0
57,13,63,0.554,1,1
17,13,43,0.79,0,1
46,15,23,0.518,1,1
35,10,63,0.658,1,0
39,11,57,0.747,1,0
41,16,38,0.434,1,1
42,7,27,0.422,0,0
44,13,37,0.473,1,1
37,14,59,0.239,1,0
33,5,36,0.448,0,0
39,10,44,0.367,0,0
43,10,37,0.647,0,1
24,11,25,0.519,1,1
26,11,54,0.245,1,1
36,8,28,0.399,0,0
47,11,38,0.712,1,1
59,9,33,0.552,0,0
71,11,46,0.08,0,1
42,8,48,0.533,1,0
27,9,34,0.103,0,0
17,8,18,0.143,0,0
40,8,51,0.607,1,0
45,16,38,0.0,0,0
19,16,29,0.876,1,1
32,10,28,0.93,1,0
28,14,43,0.63,1,1
41,10,37,0.5,0,1
26,8,30,0.353,1,0
53,12,45,0.601,0,1
27,14,47,0.503,1,0
38,11,43,0.413,0,0
34,9,34,0.375,1,0
53,11,30,0.52,0,1
30,10,41,0.388,0,0
52,11,58,0.655,1,1
48,9,39,0.373,0,0
36,14,11,0.623,0,0
44,9,44,0.991,1,1
44,9,46,0.613,1,0
55,10,45,0.425,0,0
32,5,60,0.508,0,0
35,14,60,0.447,1,1
41,15,42,0.555,1,1
30,13,53,0.704,1,1
40,9,21,0.123,0,0
25,12,51,0.368,1,0
48,15,32,0.416,0,1
32,12,34,0.657,1,0
60,15,41,0.696,1,1
39,10,24,0.124,0,1
41,12,48,0.679,0,1
42,12,41,0.394,1,0
24,11,50,0.213,1,0
29,6,53,0.321,0,0
32,10,46,0.635,1,1
43,16,30,0.543,1,0
42,15,45,0.294,1,1
44,11,31,0.465,0,1
29,6,39,0.703,0,1
27,11,40,0.421,1,1
36,10,43,0.888,1,0
52,10,18,0.0,0,1
41,12,41,0.301,1,1
44,10,46,0.941,1,0
38,9,50,0.728,1,0
40,13,30,0.318,0,0
18,13,43,0.39,0,0
47,10,23,0.171,1,0
32,13,41,0.251,1,1
43,9,57,0.17,1,1
51,12,58,0.418,1,1
44,7,77,0.529,0,1
37,14,30,0.648,1,0
45,11,56,0.339,1,1
44,10,54,0.789,1,1
52,10,39,0.67,1,1
34,10,24,0.177,1,0
23,11,47,0.632,1,1
47,12,49,0.217,1,0
17,8,29,0.315,0,0
55,12,59,0.463,1,1
20,12,69,0.542,1,1
24,9,35,0.259,0,0
55,13,35,0.7,1,1
50,10,34,0.488,1,1
33,9,37,0.476,1,0
48,11,33,0.523,0,0
50,11,50,0.573,1,1
47,9,39,0.744,1,0
59,16,51,0.737,1,1
38,15,29,0.407,0,0
23,11,42,0.283,0,0
52,15,41,0.327,0,1
17,11,58,0.648,1,0
61,12,64,0.228,1,1
28,14,52,0.59,1,0
48,12,50,0.32,0,1
44,11,49,0.449,0,0
36,13,38,0.504,1,1
41,8,42,0.405,0,0
65,8,37,0.643,1,1
29,12,33,0.565,0,0
37,14,47,0.306,0,0
29,13,38,0.106,0,0
25,14,60,0.477,0,1
43,11,62,0.589,1,1
36,10,55,0.775,1,0
31,9,28,0.163,0,0
49,13,28,0.406,1,1
17,13,50,0.639,1,0
42,9,26,0.711,1,0
43,11,33,0.842,1,0
24,9,56,0.908,1,0
38,12,41,0.703,0,1
27,8,37,0.331,1,0
23,15,44,0.424,1,0
31,8,29,0.549,0,0
61,15,32,0.813,1,1
60,7,51,0.68,1,0
43,9,22,0.55,0,1
46,9,46,0.683,1,1
42,16,37,0.567,1,1
41,14,35,0.372,1,1
57,13,52,0.368,1,1
45,10,31,0.879,0,1
49,14,49,0.503,1,1
44,10,41,0.624,1,1
29,9,38,0.097,0,0
54,12,33,0.491,0,1
35,12,41,0.914,1,1
17,10,16,0.895,1,0
35,13,29,0.459,0,0
49,14,36,0.804,1,1
31,12,37,0.652,1,0
59,6,43,0.084,0,0
55,15,52,0.394,1,1
56,10,32,0.637,1,1
17,12,39,0.167,1,0
64,10,55,0.648,1,0
44,15,51,0.756,1,1
18,12,32,0.55,1,0
41,7,60,0.609,1,0
62,8,52,0.391,0,0
49,11,14,0.389,0,0
49,9,52,0.4,0,0
35,9,47,0.507,1,0
17,10,58,0.524,1,1
57,9,30,0.505,0,0
31,7,49,0.737,1,0
25,8,29,0.356,1,0
29,8,37,0.18,0,0
46,11,28,0.38,0,0
32,13,54,0.401,1,1
39,13,39,0.697,1,1
33,14,44,0.279,0,0
44,7,36,0.191,0,0
33,10,59,0.421,1,0
56,12,46,0.774,1,1
27,12,56,0.352,1,0
30,11,33,0.328,1,0
30,8,28,0.477,0,1
30,6,30,0.575,0,0
54,7,41,0.446,1,0
32,8,37,0.451,0,0
44,15,21,0.425,1,1
44,13,40,0.099,0,0
48,10,36,0.518,1,0
43,16,46,0.646,1,1
28,8,41,0.691,1,0
47,15,38,0.439,1,0
52,9,69,0.478,1,0
50,7,51,0.628,1,1
28,12,50,0.553,1,1
60,13,55,0.412,1,1
37,7,44,0.565,0,0
29,10,48,0.662,1,1
37,9,45,0.511,0,1
42,7,44,0.722,1,0
39,10,46,0.661,1,0
43,10,51,0.697,1,1
42,10,29,0.219,0,0
63,14,36,0.142,0,0
34,10,19,0.911,1,1
26,5,42,0.614,0,0
45,9,42,0.381,1,1
25,9,39,0.433,0,0
17,5,55,0.695,0,0
56,8,30,0.723,0,0
17,10,30,0.214,0,0
35,8,60,0.262,0,0
44,14,48,0.488,1,1
34,12,51,0.215,1,0
32,10,39,0.436,0,0
50,9,44,0.531,1,1
22,6,56,0.742,1,1
39,15,39,0.527,0,0
31,9,62,0.224,0,0
52,10,31,0.202,1,0
37,8,64,0.543,1,1
56,11,41,0.591,1,1
39,11,41,0.738,1,1
61,11,41,0.489,0,0
52,12,38,0.596,1,1
29,12,41,0.394,0,0
27,13,50,0.547,1,1
33,11,49,0.564,0,1
66,11,26,0.055,0,0
43,13,43,0.898,1,0
31,9,37,0.599,0,0
26,12,34,0.479,0,1
39,5,41,0.809,1,0
60,12,20,0.391,0,1
33,5,52,0.77,1,0
43,11,42,0.656,1,1
34,9,22,0.648,1,1
62,5,70,0.407,0,1
32,10,37,0.338,1,0
46,10,51,0.683,1,1
33,8,51,0.638,0,1
23,13,15,0.411,0,0
39,15,43,0.556,1,0
23,11,27,0.275,0,0
66,9,41,0.474,1,1
41,12,50,0.781,1,0
29,7,25,0.547,0,0
38,16,42,0.602,1,0
35,13,49,0.379,1,1
54,11,23,0.634,1,0
25,13,52,0.766,1,0
61,8,35,0.537,1,0
17,13,40,0.515,1,0
25,6,39,0.528,1,1
70,12,41,0.512,1,1
50,10,44,0.62,1,1
47,8,41,0.438,1,0
48,12,46,0.741,1,1
31,9,36,0.684,1,0
52,15,40,0.733,1,1
41,12,42,0.567,0,1
51,11,35,0.675,0,0
56,10,41,0.666,1,1
69,13,25,0.219,1,0
31,14,59,0.762,1,1
42,13,33,0.389,1,1
48,8,46,0.378,1,0
44,12,38,0.508,1,1
30,13,31,0.435,1,0
30,12,37,0.771,1,1
43,8,28,0.479,0,0
28,15,51,0.227,1,0
30,9,64,0.633,1,0
39,11,59,0.409,1,1
68,10,32,0.484,1,0
54,15,47,0.571,1,1
33,12,63,0.755,1,1
68,12,49,0.444,1,1
51,14,44,0.678,1,1
34,16,36,0.475,1,1
49,13,47,0.597,1,0
23,14,28,0.345,1,0
43,13,57,0.59,1,1
46,11,47,0.272,1,1
42,12,27,0.358,0,1
38,12,55,0.517,1,1
59,7,61,0.66,0,1
32,13,52,0.647,0,1
55,10,36,0.326,0,1
37,12,24,0.595,0,0
48,8,29,0.133,0,0
37,11,45,0.467,1,0
46,13,59,0.742,1,1
43,9,18,0.51,0,0
36,11,27,0.355,0,0
32,9,19,0.477,0,0
34,7,31,0.598,1,0
46,13,59,0.318,1,1
42,8,51,0.215,1,0
49,7,55,0.415,1,0
29,9,31,0.411,1,0
60,14,37,0.776,1,1
33,9,38,0.698,0,0
22,8,15,0.474,0,0
52,11,25,0.298,0,1
49,10,44,0.594,1,1
37,14,40,0.617,1,1
51,7,33,0.521,0,1
20,7,15,0.95,0,0
37,16,48,0.47,1,1
35,8,36,0.465,1,1
23,6,24,0.378,0,0
55,5,38,0.372,0,0
35,12,46,0.674,1,1
23,8,38,0.794,1,0
36,10,50,0.516,0,0
49,10,42,0.364,1,0
49,8,53,0.351,0,0
42,8,57,0.584,1,0
23,9,54,0.562,1,0
20,14,42,0.276,0,0
55,13,53,0.495,1,1
34,11,52,0.807,1,0
35,11,46,0.618,1,0
39,14,63,0.696,1,1
45,12,37,0.72,1,1
28,11,28,0.309,1,0
35,13,55,0.496,1,0
38,8,41,0.574,1,1
68,9,60,0.081,1,0
36,12,45,0.618,1,0
17,11,55,0.551,1,0
40,8,40,0.472,1,0
66,10,49,0.583,1,0
55,14,54,0.855,1,1
42,5,41,0.527,0,0
26,9,35,0.666,1,0
35,16,24,0.422,1,0
35,8,57,0.728,1,1
20,8,51,0.532,0,0
23,6,33,0.589,0,0
59,10,53,0.618,1,1
17,15,47,0.573,1,0
34,15,36,0.645,1,0
30,12,39,0.61,1,1
45,10,34,0.42,0,0
56,11,48,0.593,1,1
33,9,20,0.286,0,0
53,16,25,0.129,1,0
37,12,48,0.342,1,0
19,15,31,0.739,1,0
39,9,46,0.394,0,1
47,16,32,0.928,1,1
38,4,37,0.329,0,0
40,11,43,0.404,0,1
48,11,15,0.391,0,1
19,12,35,0.704,1,1
51,14,47,0.542,1,0
41,14,71,0.629,1,1
38,6,53,0.471,1,1
26,11,25,0.11,0,0
31,7,45,0.472,0,0
36,13,38,0.449,1,0
47,9,45,0.551,0,0
46,11,56,0.598,1,1
31,9,37,0.54,0,0
23,13,47,0.674,1,0
39,11,46,0.584,1,0
20,12,42,0.568,1,1
24,15,50,0.522,1,1
50,9,44,0.518,1,1
30,12,60,0.546,1,0
48,14,55,0.231,1,1
32,11,43,0.496,1,0
37,10,43,0.293,0,1
17,13,51,0.264,1,0
35,9,33,0.149,0,0
49,9,54,0.586,1,1
51,11,42,0.828,1,0
21,5,40,0.545,0,0
61,11,45,0.291,1,1
40,12,48,0.068,1,1
38,9,68,0.7,1,0
43,11,35,0.583,0,0
32,8,27,0.227,0,0
24,8,18,0.246,1,1
48,11,65,0.331,1,1
33,10,34,0.29,1,0
37,10,47,0.222,1,0
27,14,39,0.39,0,0
58,13,30,0.604,1,1
20,13,23,0.526,1,1
27,10,30,0.429,0,0
17,9,55,0.432,0,1
34,12,31,0.712,0,0
34,13,58,0.793,1,1
28,11,46,0.476,0,0
35,12,26,0.443,1,0
62,10,61,0.558,1,1
34,9,35,0.495,1,0
44,9,57,0.657,0,0
26,3,48,0.705,0,0
39,6,36,0.389,0,0
71,16,58,0.559,1,1
58,7,24,0.596,0,0
41,7,37,0.222,1,0
35,12,40,0.565,1,1
47,11,56,0.43,1,1
42,9,53,0.622,1,1
57,10,47,0.579,1,1
40,9,54,0.555,1,1
29,12,44,0.759,1,1
27,7,42,0.356,0,0
32,10,29,0.406,1,0
32,13,60,0.889,1,1
21,13,39,0.794,1,0
49,15,59,0.584,1,1
35,11,40,0.428,1,1
17,13,41,0.219,0,1
33,16,49,0.419,1,1
34,9,42,0.734,1,1
39,10,39,0.59,1,0
36,9,19,0.586,0,1
32,9,56,0.675,1,0
24,14,50,0.546,0,1
54,8,35,0.251,0,0
43,9,46,0.386,1,1
37,11,35,0.416,0,0
36,14,42,0.45,1,1
37,7,38,0.573,0,0
22,12,48,0.669,1,1
48,9,36,0.151,1,0
34,12,41,0.679,1,0
44,12,60,0.26,1,1
43,15,54,0.699,1,1
63,14,40,0.385,1,1
36,5,31,0.455,0,0
61,9,43,0.839,1,1
29,10,57,0.385,1,1
62,10,41,0.566,1,0
38,11,43,0.702,1,1
60,13,50,0.264,1,1
39,13,42,0.468,1,0
41,10,52,0.742,1,1
57,16,66,0.714,1,1
20,5,40,1.0,1,0
32,9,52,0.741,1,0
26,7,36,0.628,0,0
38,12,46,0.656,1,0
37,13,36,0.284,0,0
40,10,55,0.554,1,1
50,14,52,0.544,1,0
19,11,36,0.187,1,0
41,14,49,0.762,1,1
29,11,59,0.362,1,0
26,9,41,0.358,0,0
37,9,39,0.553,1,1
43,15,39,0.568,1,0
38,12,39,0.966,1,1
26,14,33,0.427,1,0
23,6,19,0.36,1,0
45,14,31,0.651,1,1
32,10,39,0.35,1,1
52,9,41,0.786,1,0
30,11,16,0.332,0,0
52,10,62,0.472,1,1
39,8,46,0.45,0,0
34,5,40,0.355,0,0
36,14,36,0.876,1,1
38,14,44,0.455,1,0
65,13,56,0.783,1,1
41,15,44,0.568,1,1
18,14,53,1.0,1,0
17,12,37,0.229,1,0
33,15,39,0.43,1,0
45,14,57,0.516,1,1
46,11,47,0.678,1,1
56,15,29,0.47,1,1
42,10,63,0.319,0,1
37,14,51,0.542,0,1
46,11,38,0.572,1,1
60,8,35,0.433,0,0
31,12,34,0.401,1,0
62,11,39,0.429,1,1
17,9,46,0.341,0,0
17,14,37,0.657,1,1
59,9,40,0.483,1,1
40,6,45,0.573,0,0
48,13,35,0.555,0,0
32,9,29,0.664,1,0
49,8,46,0.563,1,0
36,10,27,0.392,0,0
51,9,59,0.452,1,0
21,16,44,0.76,1,0
52,14,39,0.643,1,1
50,13,44,0.951,1,0
48,9,45,0.687,1,0
37,7,16,0.409,0,0
56,15,50,0.617,1,1
47,14,35,0.632,1,0
42,12,35,0.544,1,1
45,11,38,0.39,1,0
17,10,30,0.391,1,0
46,10,59,0.423,1,0
37,10,37,0.603,1,1
23,12,44,0.514,1,1
45,10,27,0.758,1,1
36,11,61,0.245,1,1
34,12,39,0.765,1,0
28,12,46,0.503,1,0
30,11,42,0.75,1,0
24,16,58,0.495,1,1
44,16,44,0.632,1,1
23,11,40,0.433,1,1
64,5,39,0.496,0,0
42,4,26,0.656,0,0
37,10,24,0.501,0,1
37,9,23,0.542,0,0
24,7,69,0.443,0,0
29,16,54,0.761,1,1
60,6,47,0.6,0,0
34,11,39,0.687,1,1
17,7,32,0.542,1,0
31,11,46,0.611,1,0
49,14,25,0.0,1,1
38,10,33,0.551,1,1
48,14,53,0.955,1,1
22,8,59,0.663,1,1
25,9,32,0.258,0,0
46,10,37,0.0,0,0
46,13,44,0.664,1,0
60,12,49,0.754,1,1
39,9,28,0.425,1,0
48,6,35,0.502,1,0
36,16,29,0.449,0,1
33,16,31,0.305,1,0
52,11,52,0.106,0,0
46,9,32,0.609,1,1
46,11,52,0.14,1,1
47,10,57,0.546,0,0
37,10,47,0.553,1,0
36,9,22,0.294,0,1
30,12,39,0.322,1,0
35,14,43,0.358,1,1
40,10,31,0.756,0,0
28,9,18,0.584,0,0
35,10,26,0.021,0,0
65,9,44,1.0,1,0
50,10,31,0.899,1,1
71,12,43,0.361,1,0
17,10,35,0.0,0,0
31,11,49,0.421,1,0
51,14,27,0.41,1,0
38,12,48,0.431,1,1
22,13,43,0.392,1,0
38,10,25,0.411,0,1
43,15,24,0.708,1,0
21,12,42,0.433,1,1
42,10,62,0.535,1,1
49,11,30,0.561,1,0
44,16,53,0.632,1,1
34,10,43,0.584,1,0
50,11,51,0.583,1,1
41,12,26,0.761,1,0
19,7,41,0.612,1,0
18,8,50,0.704,1,1
32,8,35,0.28,0,0
40,11,56,0.739,1,0
52,14,60,0.777,1,1
41,11,45,0.639,1,0
48,13,37,0.55,1,1
38,13,38,0.649,1,1
38,8,24,0.922,1,1
56,13,55,0.216,1,0
46,10,38,0.467,1,0
20,10,31,0.293,0,0
59,9,37,0.29,0,1
39,8,54,0.726,1,0
50,9,32,0.534,0,1
38,11,48,0.343,0,0
39,12,59,0.273,1,1
33,14,26,0.691,1,1
27,11,61,0.326,1,0
52,15,58,0.476,1,0
24,10,52,0.213,1,0
26,11,30,0.393,1,1
37,13,57,0.424,1,1
37,9,60,0.3,0,1
24,8,55,0.198,1,0
29,12,44,0.33,1,0
34,16,56,0.695,1,1
43,12,34,0.264,1,1
44,11,47,0.56,1,1
37,8,33,0.146,0,0
53,12,49,0.728,1,1
43,11,40,0.654,1,1
47,12,42,0.789,1,1
35,5,20,0.45,0,0
46,9,43,0.744,1,1
35,16,46,0.838,1,1
56,12,50,0.478,1,0
59,11,43,0.602,1,1
30,14,46,0.645,1,0
33,11,53,0.454,1,0
58,9,37,0.006,0,0
39,12,24,0.253,0,0
42,14,49,0.537,1,1
34,11,25,0.722,1,1
35,13,41,0.689,1,0
58,7,30,0.267,0,0
38,15,36,0.826,1,1
35,16,45,0.562,1,0
44,4,29,0.345,0,0
17,13,53,0.774,1,0
38,14,58,0.862,1,1
53,8,70,0.517,0,1
43,16,36,0.674,1,1
37,8,49,0.556,1,0
59,9,31,0.232,0,1
30,15,41,0.901,1,1
17,14,34,0.374,1,0
28,14,51,1.0,1,1
41,13,40,0.441,0,1
43,14,40,0.281,1,1
44,10,13,0.342,0,0
41,6,48,0.454,0,0
35,14,45,0.537,1,1
17,8,22,0.325,1,0
40,5,46,0.613,1,0
20,10,42,0.433,1,0
32,10,42,0.474,0,1
44,10,29,0.549,1,1
36,11,38,0.367,0,0
31,11,34,0.601,1,1
17,12,43,0.552,1,0
51,14,34,0.694,1,1
47,11,49,0.3,0,1
33,14,27,0.559,1,0
42,9,44,0.745,0,1
34,12,35,0.355,0,0
26,10,45,0.513,1,0
41,14,33,0.639,1,1
26,11,27,0.506,1,0
51,10,36,0.751,1,1
55,10,40,0.593,0,1
17,10,23,0.435,1,1
46,11,52,0.441,1,1
17,11,37,0.564,1,0
38,9,41,0.317,0,0
30,9,47,0.537,1,0
36,6,27,0.525,0,0
31,13,60,0.295,1,1
46,10,47,0.481,1,1
40,9,50,0.571,1,0
55,10,38,0.345,0,1
46,14,51,0.319,1,1
38,6,49,0.482,1,0
28,13,47,0.668,1,0
45,13,25,0.193,1,0
37,10,46,0.197,0,0
29,13,42,0.479,1,0
28,11,68,0.436,1,0
17,14,44,0.399,1,1
53,10,34,0.531,1,1
49,9,66,0.377,0,1
50,12,65,0.485,1,1
30,16,33,0.694,1,1
27,12,46,0.726,1,0
24,13,8,0.508,1,0
23,10,41,0.33,0,0
34,7,28,0.264,0,1
27,13,56,0.631,1,0
57,10,44,0.478,1,0
62,11,40,0.719,1,1
47,15,44,0.458,1,1
25,7,25,0.205,0,0
42,10,56,0.414,1,0
49,13,24,0.517,0,1
32,13,42,0.537,1,0
37,8,35,0.473,0,1
68,11,35,0.61,1,1
30,9,43,0.522,0,0
33,10,39,0.622,1,1
47,10,36,0.777,1,0
28,7,32,0.534,1,1
65,8,42,0.357,0,0
45,14,21,0.404,1,0
34,12,31,0.47,1,0
40,12,37,0.702,1,1
31,14,52,0.882,1,1
40,9,21,0.37,0,0
58,8,42,0.795,1,1
40,11,35,0.562,1,0
28,11,54,0.392,1,1
49,9,49,0.491,1,0
25,9,19,0.461,1,1
36,7,40,0.428,0,0
53,11,53,0.671,1,1
33,9,57,0.527,1,0
27,7,32,0.458,0,0
59,13,28,0.262,0,0
51,10,34,0.679,0,0
45,12,35,0.267,0,1
41,7,49,0.383,0,0
43,11,29,0.627,1,1
49,11,38,0.496,1,0
39,9,28,0.493,0,0
24,10,46,0.451,1,1
51,14,42,0.587,1,1
44,9,35,0.372,0,0
28,15,35,0.792,1,1
50,16,63,0.498,1,1
34,12,36,0.405,1,0
38,12,24,0.0,1,0
32,10,58,0.591,1,1
30,9,42,0.467,1,1
30,12,21,0.665,1,0
59,13,44,0.413,1,1
32,6,30,0.578,1,0
68,10,48,0.444,0,0
38,15,28,0.47,1,0
46,12,57,0.617,1,1
27,16,42,0.473,1,1
29,13,37,0.594,1,0
40,10,31,0.73,0,0
29,14,28,0.522,1,0
26,12,38,0.508,0,0
50,12,15,0.453,0,1
22,9,21,0.795,0,0
39,12,47,0.33,0,1
54,7,32,0.1,0,0
23,9,28,0.285,0,0
38,12,26,0.592,1,0
27,10,21,0.626,1,0
54,12,54,0.437,0,1
37,13,33,0.809,1,1
30,10,34,0.497,1,0
36,14,51,0.782,1,1
42,8,46,0.132,1,1
51,15,48,0.391,1,1
56,11,56,0.535,1,1
55,10,31,0.437,0,0
42,11,26,0.458,0,1
63,10,31,0.379,1,0
35,12,35,0.714,1,0
34,14,32,0.618,1,1
18,11,53,0.403,1,0
59,11,25,0.689,1,1
20,7,16,0.561,0,0
27,12,44,0.907,1,0
57,14,38,0.795,1,1
30,12,51,0.484,1,1
60,10,44,0.554,0,0
30,10,37,0.566,1,0
36,12,33,0.632,1,1
29,11,52,0.518,1,0
49,15,30,0.401,0,1
43,12,34,0.512,1,1
17,8,64,0.493,1,0
34,9,45,0.551,1,0
46,14,62,0.405,1,1
54,7,50,0.0,0,0
40,10,10,0.411,0,0
49,8,16,0.297,0,0
29,11,28,0.376,0,1
26,11,56,0.54,1,1
17,11,44,0.124,0,0
49,9,40,0.726,1,1
25,11,33,0.644,1,0
36,8,11,0.826,0,0
39,13,50,0.468,1,0
51,10,42,0.452,0,0
50,14,46,0.47,1,1
65,12,26,0.517,1,1
50,9,23,0.118,0,0
33,12,27,0.441,0,0
38,14,55,0.175,1,1
28,6,32,0.853,1,0
50,12,46,0.736,1,1
42,10,45,0.697,1,1
24,11,44,0.458,1,1
58,16,32,0.474,1,1
30,15,35,0.694,1,1
43,11,44,0.448,0,0
45,9,47,0.513,1,1
41,9,33,0.542,0,0
48,14,48,0.474,1,1
40,9,41,0.375,0,1
56,8,44,0.93,1,1
36,10,28,0.418,0,0
42,13,27,0.629,1,1
39,10,47,0.531,1,1
33,13,33,0.397,1,1
27,9,53,0.346,0,0
45,9,25,0.473,1,1
33,9,55,0.508,0,1
27,9,50,0.493,0,1
37,12,44,0.429,1,0
21,12,25,0.556,1,0
17,9,28,0.311,0,0
26,8,43,0.645,1,0
17,13,49,0.376,1,1
22,11,9,0.554,1,0
56,10,48,0.593,1,1
45,12,53,0.515,1,1
20,16,56,0.473,1,0
28,11,43,0.309,0,0
19,9,36,0.425,1,0
44,12,28,0.452,1,0
62,15,51,0.429,1,1
25,14,51,0.617,0,0
44,7,53,0.408,1,0
55,11,42,0.706,1,0
48,8,40,0.162,0,0
42,9,19,0.108,0,0
36,9,30,0.659,1,1
51,13,26,0.535,1,1
49,13,43,0.681,1,1
17,8,52,0.327,1,0
19,5,23,0.583,0,0
47,11,37,0.278,1,1
41,13,43,0.51,1,0
43,10,42,0.564,1,1
57,8,41,0.822,1,0
36,10,54,0.556,1,0
54,9,30,0.287,1,0
41,11,36,0.57,1,1
64,11,49,0.614,1,1
28,10,29,0.382,1,0
52,13,41,0.757,1,1
41,11,37,0.629,1,1
30,8,31,0.438,1,0
21,11,61,0.344,1,0
86,12,17,0.391,0,1
36,10,34,0.33,0,0
42,13,31,0.703,1,1
40,12,24,0.389,1,0
53,12,52,0.615,1,1
37,14,56,0.436,1,0
49,10,44,0.653,1,1
34,10,23,0.108,0,0
35,9,24,0.754,1,1
19,11,30,0.325,1,1
31,10,18,0.438,1,0
35,9,26,0.788,1,1
55,12,32,0.331,0,1
38,13,64,0.327,1,1
42,12,46,0.927,0,0
66,11,39,0.572,1,0
20,14,52,0.864,1,0
50,10,44,0.601,1,0
24,14,43,0.66,1,1
33,10,50,0.579,1,0
55,14,32,0.526,0,1
69,14,63,0.322,1,1
33,10,60,0.775,1,0
39,9,50,0.56,1,0
33,12,29,0.462,1,0
17,10,46,0.537,1,0
65,13,30,0.222,0,0
44,11,29,0.667,1,0
58,14,48,0.642,1,1
36,16,44,0.128,0,1
40,10,48,0.339,0,0
32,10,42,0.654,1,0
41,8,14,0.415,0,0
30,10,25,0.689,0,0
17,7,33,0.213,0,0
33,14,50,0.773,1,1
22,9,32,0.262,1,0
21,9,28,0.373,0,0
28,4,35,0.611,0,0
31,13,49,0.547,1,1
58,11,30,0.167,0,1
25,12,53,0.849,1,1
47,13,50,0.412,1,0
36,13,45,0.529,0,1
43,9,58,0.742,1,1
49,13,51,0.54,0,1
26,10,29,0.547,0,0
44,9,54,0.59,0,0
54,12,18,0.068,0,0
37,10,32,0.675,1,0
50,9,33,0.542,0,1
44,3,18,0.802,0,0
36,7,30,0.43,1,0
48,14,29,0.866,1,1
17,11,44,0.642,1,0
29,14,36,0.453,1,0
32,11,52,0.933,1,1
22,12,47,0.42,1,0
27,11,45,0.302,1,0
34,6,39,0.759,0,0
35,10,40,0.391,1,1
39,7,40,0.48,0,1
46,15,46,0.7,1,1
39,13,46,0.267,0,0
32,13,26,0.807,1,0
61,15,49,0.264,1,1
57,10,35,0.664,1,1
43,8,35,0.491,0,0
32,11,43,0.641,1,1
35,9,52,0.714,1,1
52,12,49,0.561,1,1
68,7,30,0.325,0,0
55,7,29,0.165,1,0
39,14,29,0.727,1,1
36,12,38,0.75,1,0
43,10,56,0.314,0,0
24,16,31,0.202,1,0
36,8,45,0.459,0,1
31,14,39,0.483,1,0
44,12,53,0.481,1,0
34,15,54,0.533,1,0
44,5,35,0.638,0,0
43,11,31,0.371,0,0
30,13,50,0.525,1,1
50,14,73,0.578,1,1
42,13,52,0.635,1,1
40,11,59,0.566,1,1
17,13,53,0.445,1,0
44,16,49,0.517,0,1
56,9,43,0.282,0,0
46,10,40,0.597,1,0
37,13,41,0.237,0,0
41,11,48,0.734,1,1
53,8,33,0.178,0,0
40,12,46,0.604,1,1
33,9,34,0.512,1,0
48,6,39,0.49,1,0
24,12,26,0.43,0,0
47,15,30,0.37,1,1
41,12,50,1.0,1,1
35,7,53,0.589,0,0
45,9,30,0.678,1,0
58,10,26,0.63,1,1
30,12,41,0.365,1,0
33,10,48,0.699,1,0
48,11,53,0.373,1,0
72,10,45,0.783,0,1
41,10,42,0.581,0,0
46,12,38,0.221,0,0
63,13,45,0.535,1,1
29,7,44,0.358,1,0
17,9,30,0.686,1,1
38,8,63,0.095,0,0
33,12,52,0.674,1,1
21,12,56,0.737,1,1
17,9,36,0.552,0,0
34,8,47,0.557,1,0
45,8,47,0.111,1,0
19,9,44,0.782,1,1
41,10,50,0.482,1,1
47,7,58,0.214,0,1
23,5,30,0.667,0,0
29,14,36,0.567,1,0
50,10,46,0.618,1,1
33,6,34,0.533,1,0
23,11,52,0.535,1,0
38,14,50,0.546,1,1
37,13,33,0.368,1,1
46,7,31,0.356,0,0
30,7,29,0.086,0,0
44,12,44,0.757,1,1
25,10,55,0.44,1,0
64,10,47,0.25,0,1
31,12,55,0.201,1,0
17,12,59,0.714,1,1
34,11,40,0.518,0,0
28,10,53,0.883,0,0
46,4,37,0.659,1,1
34,10,48,0.435,1,0
31,12,43,0.319,1,0
37,11,32,0.679,0,0
49,15,42,0.172,0,0
37,16,31,0.578,1,1
30,12,36,0.425,1,0
47,9,27,0.261,0,0
25,11,48,1.0,1,0
23,15,57,0.799,1,1
24,15,7,0.499,1,0
50,13,34,0.468,1,1
31,14,48,0.801,1,1
26,10,40,0.637,1,0
51,12,36,0.658,1,1
48,12,28,0.551,1,1
33,12,42,0.647,1,0
47,15,27,0.344,0,1
44,13,46,0.451,0,0
46,12,51,0.829,1,1
30,8,41,0.277,1,0
53,14,46,0.448,1,0
40,6,40,0.389,0,0
25,13,50,0.692,1,1
37,10,45,0.108,1,0
31,14,27,0.366,0,1
49,10,60,0.238,0,1
37,12,57,0.152,0,0
35,9,39,0.225,0,0
31,5,20,0.211,0,0
54,13,54,0.68,1,0
34,12,31,0.447,0,0
40,10,42,0.431,0,0
27,12,27,0.434,1,0
39,15,30,0.502,1,0
41,11,32,0.636,1,1
47,13,54,0.577,1,1
49,11,37,0.245,0,0
17,10,35,0.661,1,1
32,10,26,0.708,1,1
30,8,36,0.331,0,0
42,11,43,0.324,1,0
42,14,53,0.543,1,0
43,9,39,0.482,0,0
17,11,57,0.422,1,0
44,12,40,0.66,1,0
34,11,59,0.573,1,1
34,15,43,0.226,1,1
47,16,35,0.417,1,1
25,13,38,0.677,1,0
27,9,26,0.211,0,0
17,12,22,0.818,1,0
65,13,50,0.223,1,1
29,11,52,0.561,1,1
43,12,22,0.505,0,1
31,7,37,0.895,1,1
20,7,52,0.466,1,1
43,11,42,0.299,0,0
25,7,23,0.538,0,0
20,9,33,0.508,0,0
25,15,29,0.465,1,1
28,9,39,0.472,1,0
21,9,47,0.235,1,0
42,12,57,0.436,1,1
24,9,43,0.24,0,0
43,14,61,0.631,1,0
31,9,20,0.405,0,0
50,11,54,0.651,0,1
70,10,40,0.519,0,0
33,10,31,0.288,0,1
45,8,34,0.397,0,0
26,13,49,0.594,1,0
53,10,21,0.277,1,0
17,15,49,0.601,1,1
29,7,55,0.666,1,1
33,8,43,0.158,0,0
49,9,22,0.518,1,0
50,12,41,0.724,1,0
43,15,55,0.391,1,1
17,10,35,0.936,1,0
32,9,37,0.453,0,1
19,7,68,0.32,1,0
21,10,34,0.492,1,0
48,10,47,0.354,0,1
22,14,56,0.487,1,0
27,14,45,0.277,1,1
37,12,37,0.531,1,0
52,12,50,0.397,1,1
52,13,48,0.733,1,1
48,8,33,0.66,1,0
38,11,41,0.571,1,1
40,9,41,0.593,1,0
75,3,38,0.687,0,0
63,15,43,0.591,1,1
62,5,22,0.491,1,1
30,8,46,0.161,0,0
49,12,34,0.697,1,0
76,13,39,0.666,1,0
41,11,34,0.448,1,1
43,14,42,0.261,0,1
42,9,50,0.711,1,0
38,15,28,0.625,1,0
19,15,46,0.59,1,1
18,5,41,0.826,1,0
59,10,13,0.164,0,0
39,12,36,0.837,1,0
17,9,45,0.755,1,0
33,10,27,0.283,0,0
36,11,41,0.533,1,1
44,16,33,0.482,0,1
33,13,40,0.482,1,1
53,11,58,0.68,1,0
31,8,25,0.601,0,0
32,11,32,0.545,1,1
42,14,37,0.383,1,1
31,12,48,0.643,1,1
36,13,55,0.6,1,1
33,16,28,1.0,1,1
17,9,62,0.444,1,0
24,15,45,0.371,1,0
49,12,47,0.35,1,1
17,15,21,0.483,1,1
28,16,32,0.531,1,1
66,11,45,0.472,1,0
45,11,38,0.258,0,0
39,10,34,0.59,1,1
40,14,41,0.443,1,1
26,12,21,0.409,0,0
38,8,26,0.435,0,0
41,16,44,0.364,0,1
41,16,37,0.385,1,1
47,10,34,1.0,1,1
31,14,37,0.779,1,1
47,12,22,0.061,0,1
47,11,43,0.667,0,1
18,11,15,0.297,1,0
54,11,44,0.409,0,0
68,9,50,0.652,1,1
44,12,37,0.046,0,0
43,8,54,0.321,1,0
31,12,56,0.591,1,0
54,10,42,0.69,1,0
44,14,38,0.26,1,1
22,9,34,0.946,1,1
30,10,24,0.518,0,1
40,11,54,0.673,1,1
49,11,44,0.524,1,1
40,12,34,0.606,1,0
57,13,31,0.55,1,1
58,12,41,0.743,1,1
42,10,59,0.443,1,0
39,7,38,0.636,1,1
29,15,54,0.307,1,1
43,16,54,0.692,1,0
20,12,52,0.195,1,0
27,11,24,0.716,0,1
45,11,41,0.473,1,1
51,13,38,0.152,1,1
27,11,36,0.71,0,0
32,11,42,0.43,1,0
24,9,60,0.502,1,0
31,15,37,0.187,1,0
51,7,47,0.253,1,0
31,16,44,0.715,1,1
43,11,58,0.352,1,1
30,14,32,0.374,1,0
17,14,59,0.668,1,1
52,12,46,0.565,1,1
23,14,41,0.541,1,1
32,11,34,0.519,0,1
43,6,42,0.401,0,0
30,11,30,0.696,0,0
49,14,47,0.567,1,1
45,15,31,0.467,1,1
32,9,42,0.536,1,1
37,12,37,0.582,1,0
30,10,31,0.526,0,0
43,16,45,0.837,1,1
26,12,57,0.61,1,0
68,13,54,0.25,1,0
72,13,51,0.515,1,1
66,14,31,0.373,1,1
20,6,39,0.618,1,0
40,15,48,0.475,1,1
40,13,29,0.253,0,1
52,8,30,0.278,0,1
40,11,51,0.54,1,1
63,13,46,0.548,1,0
37,9,38,0.075,0,0
47,11,28,0.513,1,0
46,13,29,0.621,1,1
42,8,34,0.387,0,1
18,14,34,0.587,1,1
49,12,39,0.232,0,0
34,8,34,0.37,0,0
25,10,23,0.773,1,0
54,13,30,0.517,1,1
40,8,45,0.331,0,0
71,14,30,0.363,1,1
41,15,50,0.715,1,0
39,7,51,0.369,0,0
39,14,41,0.299,1,1
60,13,43,0.364,0,0
18,11,53,0.425,1,0
27,12,42,0.32,1,0
17,7,33,0.217,0,0
38,12,52,0.598,1,1
26,15,45,0.477,1,0
36,8,43,0.824,0,0
46,7,48,0.683,0,1
28,11,42,0.33,1,0
35,7,48,0.266,0,0
30,14,36,0.329,1,1
41,10,28,0.644,1,0
31,6,53,0.515,1,0
63,10,43,0.784,1,1
30,10,36,0.273,0,0
36,12,53,0.554,1,0
42,9,45,0.529,1,1
34,11,26,0.557,0,1
37,10,49,0.471,1,1
56,13,46,0.157,0,1
26,12,61,0.521,1,1
31,11,42,0.543,1,1
74,8,34,0.603,1,1
46,13,52,0.784,1,1
27,12,44,0.652,0,0
47,12,29,0.189,1,0
19,10,38,0.635,1,1
22,9,48,0.324,1,1
44,12,34,0.833,1,1
33,11,34,0.685,1,1
50,10,41,0.487,1,0
39,15,52,0.863,1,1
47,12,54,0.185,1,1
51,9,27,0.761,0,0
38,14,30,0.371,1,0
41,8,27,0.534,0,1
32,11,40,0.512,1,0
49,16,51,0.643,1,1
38,8,28,0.59,1,0
39,14,42,0.359,1,1
42,13,36,0.192,1,0
57,15,55,0.248,1,1
44,7,43,0.555,1,0
62,16,39,0.543,1,1
17,11,34,0.369,0,0
64,10,59,0.482,1,1
26,13,57,0.544,1,0
31,7,33,0.416,0,0
31,10,35,0.363,1,0
28,10,25,0.75,1,1
31,8,36,0.498,0,0
23,12,30,0.323,1,1
20,14,41,0.606,1,0
39,10,28,0.361,0,0
34,11,46,0.534,1,0
40,7,31,0.627,0,0
40,10,51,0.542,1,1
52,11,48,0.693,1,1
26,15,26,0.146,0,1
23,12,37,0.626,1,0
17,8,26,0.552,0,1
29,11,21,0.767,1,1
34,10,43,0.785,1,1
62,13,43,0.923,1,1
36,15,31,0.401,1,1
45,16,45,0.63,1,1
56,16,52,0.606,1,1
52,12,43,0.646,1,0
43,13,53,0.829,1,1
59,6,42,0.335,0,0
41,11,52,0.647,1,0
67,10,31,0.312,0,0
40,11,57,0.384,1,0
26,9,44,0.756,1,0
48,12,49,0.288,1,1
26,14,30,0.679,1,1
31,12,65,0.603,1,0
35,10,35,0.386,0,0
45,10,23,0.411,0,0
63,8,51,0.459,0,0
31,10,62,0.866,1,0
50,13,44,0.333,1,1
40,8,50,0.384,1,0
57,9,39,0.245,0,1
31,7,48,0.166,0,0
46,11,55,0.712,1,0
59,12,30,0.639,1,0
31,12,26,0.32,1,0
23,12,31,0.221,1,0
21,10,51,0.533,1,0
33,14,35,0.511,1,0
18,12,44,0.684,1,0
32,13,50,0.412,1,0
45,15,58,0.559,1,1
36,9,41,0.506,0,0
52,13,48,0.512,1,1
19,7,34,0.068,0,0
48,8,21,0.07,0,0
17,10,60,0.538,1,0
24,13,59,0.742,1,0
53,11,32,0.333,1,0
45,10,40,0.621,1,0
19,13,55,0.86,1,1
21,10,57,0.487,0,1
37,10,53,0.612,1,1
43,11,49,0.736,1,1
64,8,57,0.814,1,1
36,8,25,0.617,0,0
17,14,46,0.119,1,1
39,10,15,0.645,1,1
35,11,47,0.772,1,0
25,12,37,0.512,1,1
28,14,55,0.623,1,1
38,9,34,0.59,0,0
49,16,60,0.873,1,1
39,12,35,0.633,1,1
42,9,47,0.551,1,1
41,11,23,0.312,0,1
25,14,50,0.442,1,1
42,14,40,0.516,0,0
29,10,39,0.526,0,1
75,10,39,0.577,1,1
58,14,40,0.635,1,0
45,13,51,0.25,1,1
36,15,33,0.587,1,1
66,16,37,0.573,1,1
47,7,40,0.464,0,0
58,9,56,0.599,1,0
46,9,36,0.403,1,0
46,12,26,0.021,0,0
44,14,56,0.598,1,1
28,14,57,0.591,1,1
26,12,47,0.442,0,0
35,12,55,0.532,1,1
61,14,35,0.603,1,1
23,13,31,0.593,1,0
49,13,22,0.537,1,1
45,11,42,0.767,0,0
33,8,30,0.644,1,1
55,14,38,0.616,0,1
54,13,40,0.743,1,1
41,10,39,0.357,0,0
26,13,32,0.412,1,0
39,11,53,0.555,1,1
41,10,40,0.515,1,0
28,14,39,0.605,1,1
32,10,34,0.5,0,0
28,14,43,0.558,1,1
49,10,42,0.306,1,0
31,13,37,0.423,0,0
38,11,29,0.327,0,0
21,15,58,0.36,1,1
34,10,63,0.971,1,1
75,10,45,0.796,1,1
25,11,33,0.87,1,0
62,15,32,0.465,1,1
39,14,45,0.866,1,1
57,11,31,0.735,1,1
55,15,24,0.567,0,1
34,10,46,0.571,0,0
32,15,51,0.525,1,1
47,13,28,0.523,1,1
55,11,47,0.711,1,1
28,14,50,0.404,1,1
48,12,32,0.385,1,1
37,9,54,0.527,1,1
57,13,52,0.433,1,1
40,14,68,0.317,1,1
54,9,41,0.54,1,0
38,10,46,0.627,1,0
25,12,40,0.529,1,1
48,14,41,0.38,1,0
37,15,42,0.665,1,1
25,14,23,0.863,1,0
36,8,65,0.663,1,1
17,13,46,0.408,0,1
66,10,62,0.424,1,1
17,11,41,0.799,1,1
28,9,51,0.687,1,0
53,10,46,0.14,0,1
36,12,57,0.559,1,0
44,12,45,0.699,1,1
21,10,64,0.65,1,0
61,11,38,0.4,1,0
53,8,33,0.357,0,0
63,16,50,0.554,1,0
43,7,37,0.141,0,0
25,12,20,0.204,0,0
30,11,39,0.0,0,0
31,12,53,0.219,1,0
46,16,39,0.547,1,1
34,11,21,0.442,1,0
31,8,41,0.633,0,1
50,16,64,0.827,1,1
25,13,44,0.385,1,0
35,14,47,0.289,1,0
34,12,54,0.462,1,1
31,14,32,0.815,1,1
26,8,42,0.344,0,0
37,12,42,0.637,1,1
40,14,47,0.296,1,0
36,13,35,0.741,1,1
38,10,32,0.537,1,0
38,9,28,0.127,0,1
41,9,62,0.973,1,0
30,10,41,0.555,1,0
32,15,35,0.573,1,1
53,14,32,0.502,1,1
48,13,23,0.748,0,0
35,8,20,0.226,0,0
18,12,34,0.624,1,1
48,11,57,0.815,1,1
40,11,58,0.214,0,0
17,12,19,0.146,0,0
37,10,45,0.527,1,0
50,10,59,0.542,1,1
65,16,51,0.769,1,1
37,12,25,0.129,0,0
39,9,48,0.867,1,0
31,13,46,0.752,1,0
47,12,28,0.197,1,0
47,16,18,0.31,0,1
21,14,55,0.657,1,1
34,12,20,0.65,1,1
32,10,41,1.0,1,1
56,8,35,0.376,0,1
49,10,31,0.774,1,1
34,9,38,0.491,0,0
45,9,41,0.585,0,0
53,8,47,0.43,1,1
30,8,43,0.39,0,1
32,11,51,0.31,0,0
51,8,29,0.585,0,1
49,11,55,0.308,1,1
34,6,40,0.197,0,0
41,16,45,0.383,1,1
35,8,23,0.475,0,1
31,10,41,0.509,1,1
51,12,41,0.371,1,1
26,10,64,0.529,1,1
58,15,51,0.326,1,1
42,11,36,0.333,0,0
43,10,31,0.469,0,0
32,12,45,0.513,1,0
37,12,50,0.588,1,0
22,12,56,0.555,1,1
27,15,62,0.403,1,0
44,12,39,0.534,0,1
55,14,47,0.983,1,1
37,10,65,0.57,1,1
31,16,49,0.18,1,1
36,13,49,0.866,0,1
45,14,35,0.354,1,1
32,14,27,0.429,0,1
50,12,30,0.208,0,1
47,8,25,0.104,0,0
38,12,29,0.554,0,1
51,12,22,0.331,0,0
30,13,59,0.605,1,1
17,12,35,0.693,1,1
31,9,42,0.291,0,0
43,14,29,0.597,0,1
30,8,34,0.456,0,0
22,10,28,0.526,1,0
43,15,49,0.679,1,1
22,11,25,0.52,1,0
43,11,53,0.616,1,1
47,7,31,0.489,1,0
46,16,45,0.367,1,1
35,8,15,0.448,0,0
35,8,22,0.35,0,0
27,10,45,0.242,0,0
30,10,29,0.139,0,1
34,10,44,0.572,1,1
42,9,43,0.008,0,0
25,12,36,0.713,1,0
49,12,40,0.547,1,1
60,9,17,0.707,0,0
33,12,37,0.364,1,1
54,14,28,0.244,1,1
38,11,39,0.345,1,0
47,7,33,0.259,0,1
57,11,34,0.306,1,0
30,10,43,0.54,1,1
30,13,46,0.778,1,0
54,11,24,0.302,0,1
25,14,34,0.448,0,1
37,9,49,0.314,0,0
26,12,36,0.48,1,0
17,12,48,0.579,1,1
37,10,32,0.519,1,1
50,8,32,0.588,0,0
46,16,42,0.47,1,0
33,8,50,0.463,1,0
43,9,27,0.324,0,1
39,11,28,0.701,1,1
19,11,27,0.387,0,0
17,10,48,0.5,0,0
58,11,62,0.575,1,1
25,14,39,0.505,0,1
46,6,42,0.482,0,0
44,8,42,0.318,0,0
17,13,39,0.565,1,0
43,12,58,0.0,0,1
44,11,40,0.472,1,0
39,14,28,0.611,1,1
52,13,45,0.536,1,1
25,13,28,0.208,0,1
50,8,40,0.742,1,0
45,9,42,0.735,1,1
40,7,41,0.63,1,1
41,9,45,0.57,1,1
53,12,34,0.889,0,1
17,11,42,0.44,1,0
40,11,50,0.446,1,0
22,11,25,0.559,1,1
41,11,29,0.732,1,0
43,16,40,0.77,1,1
49,13,54,0.56,1,1
40,9,54,0.448,1,0
25,12,30,0.469,1,0
34,15,37,0.595,1,1
49,10,21,0.173,0,0
44,10,41,0.632,1,1
37,8,33,0.488,0,1
17,12,54,0.445,1,0
27,12,44,0.255,1,0
44,12,50,0.49,1,0
27,13,35,0.571,1,0
43,8,55,0.48,1,0
50,10,44,0.53,1,1
47,11,31,0.51,0,0
43,13,35,0.712,1,1
44,9,36,0.184,0,0
23,11,40,0.74,1,1
28,12,43,0.308,1,0
17,10,33,0.213,1,0
29,12,60,0.626,1,0
51,10,47,0.282,1,0
22,8,30,0.389,0,0
44,12,50,0.435,1,1
35,12,37,0.457,1,0
63,11,35,0.646,1,1
35,6,43,0.267,0,0
23,9,19,0.543,0,0
58,12,68,0.6,1,1
42,7,57,0.513,1,0
50,5,35,0.466,0,1
37,11,32,0.652,0,0
26,14,36,0.401,1,1
53,12,48,0.39,1,1
25,12,32,0.439,0,0
54,11,45,0.351,1,1
43,10,46,0.244,1,1
62,10,36,0.657,0,1
36,14,47,0.39,1,0
30,13,33,0.259,0,1
30,16,30,0.432,1,1
31,11,25,0.565,0,1
41,8,38,0.575,0,0
40,16,49,0.57,1,1
22,10,41,0.549,0,0
31,14,50,0.792,1,1
38,14,34,0.724,1,0
22,15,46,0.618,1,0
21,11,43,0.322,1,0
44,12,51,0.479,0,0
30,13,50,0.0,1,0
39,14,41,0.358,1,0
30,16,20,0.502,1,1
40,12,34,0.425,0,1
17,13,35,0.201,0,0
31,12,46,0.332,1,0
50,12,59,0.539,1,0
53,12,56,0.729,0,1
39,8,54,0.388,1,0
33,9,41,0.353,0,0
36,11,73,0.684,1,1
48,10,61,0.256,0,0
17,9,43,0.512,0,0
38,7,56,0.41,0,0
60,5,25,0.353,0,0
17,9,65,0.656,1,0
33,7,25,0.374,0,0
37,9,23,0.463,0,0
34,14,36,0.45,0,1
46,12,33,0.28,1,1
24,13,45,0.524,1,0
45,9,36,0.483,0,0
38,10,24,0.308,0,0
36,14,35,0.565,1,1
25,9,45,0.885,1,1
39,6,21,0.421,0,0
37,13,55,0.373,1,0
46,12,40,0.559,1,1
34,11,50,0.601,1,0
21,9,37,0.508,1,0
17,14,44,0.449,1,0
73,11,40,0.501,1,0
42,12,49,0.529,1,1
39,10,32,0.566,1,0
26,11,4,0.223,0,0
43,14,42,0.33,0,1
33,9,38,0.38,0,0
45,12,47,0.542,1,0
51,11,36,0.531,1,1
45,12,16,0.65,1,0
38,15,43,0.483,1,1
24,15,50,0.548,1,1
18,11,18,0.579,0,0
52,12,52,0.675,1,0
24,9,42,0.792,1,1
17,10,40,0.59,1,1
58,11,42,0.324,1,1
41,15,50,0.373,1,1
42,11,34,0.382,1,0
49,9,39,0.518,1,1
53,6,39,0.099,0,0
56,12,56,0.499,1,1
17,16,51,0.699,1,1
67,10,38,0.557,0,0
30,11,37,0.65,1,0
33,13,43,0.364,0,0
59,13,34,0.759,1,0
44,10,41,0.486,0,0
46,8,39,0.337,0,0
59,11,49,0.472,1,0
31,9,45,0.673,1,0
45,13,41,0.39,1,0
46,10,51,0.302,1,1
59,11,39,0.705,1,0
50,13,46,0.506,1,0
42,11,52,0.45,1,0
44,10,30,0.704,1,0
40,12,39,0.321,1,1
35,10,21,0.355,0,0
50,10,30,0.369,1,0
23,15,38,0.248,0,1
38,15,44,0.901,1,1
29,14,46,0.291,1,1
31,10,27,0.161,1,0
38,16,40,0.513,1,1
54,10,34,0.346,0,0
41,11,63,0.469,1,1
32,14,49,0.356,1,1
58,8,17,0.441,0,1
27,10,10,0.642,0,0
45,13,44,0.187,1,1
65,7,47,0.365,0,0
61,12,39,0.357,0,0
50,12,37,0.532,1,1
42,11,42,0.49,1,1
42,12,61,0.486,1,0
25,10,26,0.141,0,0
54,6,46,0.377,0,1
24,14,51,0.516,1,1
27,11,41,0.649,1,1
53,15,46,0.575,1,1
34,16,52,0.0,1,0
33,9,44,0.567,1,1
26,10,41,0.649,1,1
38,10,48,0.625,1,1
51,11,42,0.459,0,1
51,9,53,0.788,1,0
52,7,30,0.584,0,0
36,15,35,0.73,1,1
41,13,51,0.347,1,1
17,8,38,0.476,1,1
46,11,17,0.0,0,1
51,12,45,0.726,1,1
22,12,54,0.248,1,0
40,12,41,0.633,1,1
51,10,44,0.434,0,0
55,15,30,0.683,1,1
17,8,35,0.497,0,0
59,11,35,0.705,1,1
41,8,43,0.184,1,0
37,12,69,0.806,1,1
50,10,54,0.61,1,0
44,12,43,0.603,1,1
58,12,48,0.491,1,1
30,12,37,0.554,1,0
34,7,46,0.423,1,0
19,9,46,0.364,1,0
32,9,73,0.339,1,0
35,11,31,0.071,0,0
54,12,17,0.504,1,0
57,12,54,1.0,1,1
43,14,32,0.718,1,1
42,12,45,0.388,1,0
46,7,32,0.215,1,0
42,8,27,0.451,0,1
17,6,21,0.159,0,0
30,7,48,0.471,0,1
52,16,22,0.7,1,1
30,15,33,0.467,1,1
42,12,57,0.756,1,0
45,13,36,0.523,0,1
40,8,43,0.543,1,0
19,9,29,0.4,0,0
42,15,34,0.659,1,0
37,6,28,0.323,0,0
50,9,31,0.472,1,0
24,10,45,0.423,0,0
25,12,45,0.45,1,0
34,11,19,0.721,1,0
45,13,23,0.18,0,0
39,14,43,0.465,0,1
35,9,33,0.249,1,0
61,12,46,0.438,1,0
35,14,21,0.62,1,1
41,14,36,0.656,1,1
30,4,58,0.57,1,1
22,10,42,0.354,1,0
17,10,28,0.52,0,0
37,11,64,0.568,1,1
46,9,50,0.885,1,0
20,10,34,0.651,1,0
39,9,41,0.443,0,0
34,11,48,0.7,1,1
50,8,56,0.497,1,1
52,13,22,0.587,1,0
26,13,33,0.668,1,1
32,11,55,0.248,0,0
54,6,32,0.673,0,0
40,13,33,0.333,1,1
30,10,54,0.525,1,0
17,9,50,0.35,1,0
31,10,35,0.266,0,0
19,12,32,0.663,1,0
55,12,44,0.882,1,1
57,9,20,0.475,1,0
43,15,39,0.64,1,1
17,14,41,0.506,1,0
21,5,30,0.397,1,0
20,9,32,0.615,0,0
44,8,32,0.631,0,0
44,12,33,0.654,0,0
38,6,37,0.249,0,0
40,11,37,0.587,0,1
36,13,45,0.381,1,1
42,7,18,0.413,0,1
40,11,49,0.236,0,1
47,10,34,0.333,0,1
58,7,30,0.319,0,0
61,11,48,0.816,1,1
52,5,29,0.268,0,0
40,11,20,0.333,0,0
28,11,41,0.196,0,0
52,11,36,0.599,0,0
44,10,42,0.584,1,0
38,11,41,0.524,1,0
34,11,48,0.611,1,1
39,13,57,0.591,1,0
36,14,24,0.585,1,0
17,11,46,0.741,1,1
38,12,28,0.662,1,0
20,11,35,0.669,1,1
53,13,65,0.52,1,1
24,10,13,0.147,0,1
39,11,55,0.162,1,0
37,12,61,0.08,1,1
27,9,31,0.426,1,0
17,11,49,0.653,0,0
48,9,45,0.698,0,0
39,11,60,0.634,1,1
37,14,59,0.614,1,1
43,11,49,0.533,0,1
21,9,38,0.318,0,0
62,13,42,0.784,1,1
41,13,35,0.764,1,0
46,6,33,0.151,0,0
25,9,41,0.494,0,1
29,11,32,0.478,0,0
42,14,66,0.522,1,1
28,11,42,0.451,0,0
47,13,42,0.853,1,1
51,12,47,0.582,0,1
17,10,32,0.476,1,1
42,6,35,0.62,0,0
23,15,47,0.708,1,0
51,4,34,0.392,0,0
32,16,30,0.701,1,1
38,10,34,0.609,1,1
53,12,17,0.134,0,0
64,14,28,0.507,1,1
27,16,45,0.696,1,1
49,8,43,0.602,1,0
27,10,38,0.452,1,0
36,11,52,0.256,0,0
27,11,44,0.719,1,1
37,15,37,0.765,1,1
17,10,33,0.636,0,0
30,10,53,0.044,0,0
44,12,40,0.384,0,0
39,9,46,0.526,1,1
26,10,52,0.676,1,0
53,11,31,0.498,1,1
30,15,18,0.512,1,1
24,9,24,0.423,0,1
38,11,56,0.176,0,1
20,10,43,0.452,0,0
50,9,37,0.628,1,0
45,13,40,0.61,1,1
17,10,41,0.735,1,1
30,9,51,0.55,1,0
17,16,67,0.746,1,1
38,12,50,0.443,1,1
19,9,19,0.451,0,0
44,11,44,0.58,1,0
50,13,32,0.335,0,0
17,10,47,0.693,1,1
17,6,23,0.482,0,0
49,9,37,0.659,1,0
17,10,58,0.353,1,0
22,13,45,0.719,1,1
35,15,70,0.396,1,1
27,10,47,0.626,1,0
52,16,40,0.439,0,1
63,14,33,0.635,0,1
54,11,55,0.475,1,1
64,10,47,0.736,0,1
47,14,49,0.254,1,0
31,12,42,0.392,1,1
28,10,63,0.572,1,1
44,12,52,0.624,1,0
43,12,52,0.491,1,1
48,12,47,0.575,0,1
17,10,41,0.747,1,1
35,14,38,0.743,1,1
48,12,44,0.306,1,0
54,10,30,0.368,1,1
18,15,30,0.421,0,0
27,16,56,0.776,1,0
33,9,44,0.093,0,0
20,13,33,0.503,1,1
44,11,54,0.425,1,1
36,8,58,0.493,1,0
48,10,27,0.583,1,0
38,16,35,0.559,1,1
44,10,66,0.335,1,0
17,14,21,0.595,1,1
41,12,15,0.51,0,1
47,12,42,0.841,1,1
43,6,40,0.744,1,0
32,11,57,0.584,1,0
17,14,46,0.753,1,1
47,12,24,0.475,0,1
40,12,29,0.587,1,0
49,13,41,0.443,1,1
57,10,49,0.382,0,0
41,12,39,0.452,1,1
41,12,49,0.535,0,1
23,11,32,0.427,0,0
25,11,41,0.488,1,1
30,10,48,0.442,1,1
46,16,25,0.745,0,1
28,10,34,0.491,0,0
49,10,34,0.149,0,0
45,12,42,0.632,1,1
39,16,46,0.581,1,0
37,14,21,0.232,0,0
43,12,41,0.705,1,1
40,9,41,0.343,0,0
42,5,55,0.783,1,1
43,6,43,0.217,0,0
32,12,45,0.703,1,0
45,16,50,0.568,0,1
31,12,39,0.525,1,1
39,13,44,0.548,1,1
28,12,26,0.276,0,0
46,9,42,0.153,0,0
17,11,29,0.432,0,0
28,10,32,0.303,0,1
46,13,18,0.627,1,1
46,12,54,0.331,1,1
47,15,58,0.537,1,1
30,9,39,0.366,0,0
27,9,37,0.101,0,0
32,9,28,0.178,0,0
55,8,28,0.622,0,0
44,9,48,0.293,0,0
62,11,52,0.429,1,1
46,12,45,0.43,1,0
52,8,34,0.542,1,0
44,14,22,0.477,1,1
53,12,25,0.325,0,0
23,4,10,0.395,0,0
23,11,52,0.588,1,1
25,12,34,0.324,0,0
29,8,5,0.21,0,0
46,12,36,0.36,1,1
37,10,36,0.801,1,0
40,6,45,0.685,0,1
24,9,16,0.345,0,1
20,12,40,0.658,0,0
48,6,65,0.334,1,0
48,12,44,0.331,0,0
30,14,40,0.04,0,0
51,12,45,0.481,1,1
41,13,52,0.0,1,1
37,15,77,0.647,1,1
46,12,41,0.669,1,1
36,10,37,0.92,1,1
57,14,49,0.487,0,0
24,10,44,0.698,0,0
55,9,49,0.718,1,0
30,12,41,0.762,1,1
54,12,62,0.102,0,0
17,15,44,0.81,1,1
30,11,37,0.338,1,0
41,13,44,0.325,0,0
33,10,22,0.775,1,1
17,4,14,0.374,0,0
39,11,38,0.108,1,0
35,11,53,0.79,1,0
61,13,70,0.36,1,1
21,7,55,0.889,1,1
33,13,62,0.737,1,1
36,12,51,0.265,1,0
38,12,19,0.413,0,1
46,8,44,0.376,1,1
31,12,46,0.649,0,0
34,10,38,0.731,1,1
27,12,16,0.157,0,0
39,13,43,0.449,1,1
60,11,34,0.623,1,1
36,12,37,0.546,1,1
35,11,40,0.619,1,1
47,13,63,0.575,1,1
26,11,75,0.322,1,1
61,11,66,0.942,1,1
53,6,40,0.076,0,0
56,10,18,0.328,0,0
45,9,48,0.646,0,0
59,9,40,0.453,1,0
46,9,34,0.692,0,0
51,11,39,0.657,1,1
39,8,41,0.25,1,0
17,14,31,0.664,1,1
48,14,41,0.713,1,1
39,7,61,0.791,1,0
41,8,43,0.288,0,0
47,9,42,0.549,1,0
37,10,44,0.288,0,1
57,8,46,0.601,1,1
36,4,32,0.772,1,0
29,8,55,0.517,1,0
33,10,44,0.341,1,0
26,13,52,0.869,1,0
40,8,48,0.744,0,1
66,9,24,0.389,0,0
39,16,25,0.687,1,1
44,13,36,0.217,0,0
47,9,27,0.871,1,0
48,6,52,0.652,0,0
35,11,39,0.288,1,0
67,8,45,0.042,0,0
48,11,45,0.374,1,1
18,10,15,0.798,1,0
47,11,32,0.0,0,1
40,16,59,0.497,1,1
48,11,26,0.499,0,0
49,8,28,0.905,1,0
31,9,33,0.364,0,1
49,8,27,0.531,0,1
50,11,35,0.778,1,0
34,9,42,0.036,0,1
37,10,53,0.477,0,0
29,13,43,0.224,1,1
28,12,46,0.861,1,1
49,6,41,0.55,0,0
39,5,47,0.301,0,0
41,11,11,0.801,1,1
28,9,35,0.572,1,0
52,11,35,0.281,0,1
37,13,43,0.358,1,0
49,10,64,0.46,1,1
17,13,33,0.514,1,1
18,12,30,0.637,1,1
52,10,41,0.342,0,0
44,13,28,0.464,0,1
32,9,42,0.418,1,0
25,11,52,0.561,1,0
66,10,31,0.416,1,0
28,16,48,0.594,1,1
43,10,55,0.681,1,1
24,12,31,0.265,0,0
21,14,59,0.36,0,1
17,16,48,0.44,1,1
40,11,32,0.481,0,1
55,8,38,0.494,0,1
32,14,55,0.685,1,0
46,8,30,0.681,1,0
50,11,42,0.597,1,1
52,12,52,0.435,1,1
43,13,41,0.183,1,0
21,6,33,0.343,0,0
27,13,59,0.365,1,0
21,11,14,0.613,1,0
18,16,55,0.519,1,1
37,11,29,0.58,1,0
43,13,58,0.752,1,1
52,12,33,0.712,1,1
17,12,41,0.574,1,0
81,12,41,0.718,1,1
35,12,36,0.752,1,0
42,12,52,0.605,1,0
51,11,42,0.778,1,1
38,7,55,0.515,1,0
21,15,39,0.215,1,0
34,10,51,0.593,1,0
26,13,65,0.651,1,0
44,10,52,0.776,1,1
36,11,32,0.219,0,0
53,9,39,0.756,1,0
18,9,32,0.839,1,0
41,14,14,0.884,1,0
18,8,8,0.439,0,0
17,10,22,0.317,0,0
57,10,51,0.213,1,1
53,11,30,0.276,0,0
38,10,35,0.475,0,1
28,10,36,0.546,1,0
26,10,19,0.118,0,0
26,14,35,0.354,1,0
22,14,49,0.432,1,1
17,11,50,0.55,1,0
25,12,52,0.606,1,1
56,16,38,0.724,1,1
39,13,35,0.494,1,0
30,12,41,0.508,1,1
51,15,39,0.114,1,0
45,13,45,0.484,0,0
23,12,19,0.329,0,1
30,15,41,0.258,1,0
25,11,38,0.341,1,0
30,7,37,0.36,1,0
39,14,42,0.576,1,1
53,13,60,0.768,1,1
59,9,35,0.51,0,1
41,9,35,0.421,0,0
25,10,46,0.508,1,0
29,10,50,0.464,0,0
41,14,21,0.396,0,0
32,11,56,0.645,1,0
39,8,29,0.702,0,1
31,14,31,0.545,1,1
61,14,31,0.413,1,1
54,7,51,0.372,1,1
35,10,50,0.118,0,0
18,8,43,0.514,1,0
40,9,60,0.729,1,1
41,10,57,0.79,1,0
32,16,46,0.813,1,1
32,12,38,0.831,1,0
51,14,47,0.78,1,1
17,9,38,0.685,1,1
43,15,62,0.282,1,1
43,15,51,0.579,1,1
32,11,27,0.467,1,0
55,13,47,0.695,1,1
26,11,50,0.77,1,1
39,10,50,0.311,1,1
32,11,30,0.452,1,0
20,11,59,0.49,0,0
57,11,4,0.219,0,0
48,11,51,0.816,1,1
45,15,40,0.734,1,1
32,13,57,0.503,1,1
36,10,33,0.677,1,1
26,11,36,0.557,1,0
24,11,24,0.187,1,0
28,13,43,0.319,1,0
27,11,61,0.492,1,1
49,11,44,0.435,1,0
47,13,28,0.448,0,0
30,12,28,0.0,0,0
34,12,33,0.682,1,0
27,10,51,0.701,1,1
41,11,37,0.0,0,0
38,10,41,0.416,0,1
42,5,39,0.154,0,0
22,10,28,0.301,0,0
32,16,42,0.603,1,1
42,7,40,0.064,0,0
24,13,33,0.463,1,1
32,11,41,0.574,1,0
53,7,26,0.234,0,1
33,13,52,0.872,1,1
20,14,34,0.366,1,1
65,6,25,0.584,1,1
33,7,53,0.364,1,0
39,13,27,0.464,0,0
23,11,28,0.559,0,0
17,11,46,0.579,1,0
39,13,32,0.574,0,1
51,11,38,0.351,0,0
48,10,24,0.467,1,1
35,9,32,0.597,0,0
54,8,58,0.361,1,1
60,10,45,0.591,1,0
35,12,51,0.415,1,1
41,15,72,0.414,1,1
35,9,44,0.534,0,1
47,12,34,0.238,1,1
31,15,39,0.662,1,1
50,9,44,0.249,0,0
41,12,53,0.273,1,1
33,6,12,0.418,0,0
17,9,51,0.726,0,1
59,8,44,0.408,1,0
47,9,29,0.315,0,0
17,10,37,0.307,0,0
46,10,37,0.963,1,1
17,7,36,0.154,0,1
31,12,40,0.264,1,0
36,13,38,0.74,1,0
53,16,54,0.259,0,1
60,14,49,0.28,1,1
19,6,46,0.243,0,0
51,6,31,0.596,1,0
36,11,59,0.396,1,1
42,11,43,0.62,1,0
59,15,63,0.953,1,1
48,10,39,0.352,1,0
46,12,34,0.874,1,1
27,9,46,0.572,1,0
24,7,47,0.624,1,0
34,15,32,0.393,1,1
49,11,50,0.625,1,1
57,12,38,0.486,1,1
26,14,47,0.589,1,0
54,7,33,0.589,0,1
36,15,49,0.197,0,1
42,16,30,0.989,1,1
31,13,28,0.305,1,1
39,14,84,0.438,1,0
28,12,32,0.667,1,1
48,11,27,0.85,1,1
31,10,37,0.61,1,1
33,11,21,0.68,0,0
43,15,29,0.463,0,1
53,13,27,0.409,0,1
27,13,53,0.427,1,0
53,12,50,0.818,1,1
52,11,37,0.539,1,1
53,10,46,0.34,1,0
40,11,41,0.452,0,1
35,8,39,0.337,1,0
40,10,29,0.581,0,0
36,12,40,0.375,0,0
64,8,41,0.39,1,1
17,11,17,0.392,1,1
47,9,41,0.333,0,1
72,10,54,0.714,1,0
35,12,48,0.846,1,0
36,9,28,0.732,0,0
49,12,37,0.422,1,0
45,13,52,0.309,0,0
39,8,28,0.515,0,0
24,12,63,0.672,1,0
51,12,29,0.746,1,1
38,11,52,0.186,1,0
45,10,39,0.434,1,0
47,14,26,0.4,1,1
27,6,31,0.259,0,0
52,9,53,0.696,1,1
36,10,48,0.6,1,1
26,10,33,0.569,0,0
40,10,34,0.668,0,1
24,12,35,0.374,0,0
47,12,27,0.413,0,1
29,11,26,0.946,0,1
44,13,53,0.77,1,1
40,7,53,0.552,1,1
44,14,53,0.52,1,1
39,5,36,0.329,0,0
26,9,26,0.319,0,0
59,12,58,0.385,1,1
28,16,47,0.446,0,1
54,14,60,0.719,1,1
62,10,52,0.726,1,1
47,9,40,0.754,1,1
53,11,51,0.642,1,1
60,10,47,0.571,1,1
56,9,39,0.434,1,0
26,11,42,1.0,1,1
23,10,45,0.509,0,1
42,14,38,0.483,1,1
41,13,21,0.59,0,0
44,12,34,0.679,1,1
37,14,43,0.516,1,1
44,7,49,0.68,1,0
29,15,40,0.762,1,0
42,7,53,0.78,1,1
43,13,41,0.197,0,0
47,11,18,0.063,0,0
39,2,38,0.413,0,0
53,12,47,0.458,1,0
39,16,38,0.823,1,1
50,14,46,0.325,1,0
20,7,31,0.442,0,0
49,12,68,0.513,1,1
45,7,32,0.713,1,0
39,9,33,0.554,1,0
45,7,43,0.414,1,0
39,11,43,0.322,1,0
46,12,53,0.406,1,0
33,9,51,0.425,1,1
36,12,40,0.604,1,0
33,9,39,0.138,0,0
26,14,41,0.504,1,0
50,10,43,0.445,1,1
35,8,56,0.451,1,0
36,12,28,0.752,1,1
57,9,47,0.268,1,0
41,7,44,0.38,0,0
46,7,18,0.708,0,0
36,16,45,0.318,1,1
44,10,46,0.436,1,0
63,10,57,0.716,1,1
45,9,31,0.25,0,0
64,13,41,0.681,1,1
46,13,30,0.757,1,1
50,15,46,0.501,1,0
26,13,45,0.754,1,0
45,10,44,0.257,0,1
46,13,75,0.801,1,1
51,8,24,0.434,0,0
17,9,46,0.639,0,0
25,16,56,0.683,1,1
43,10,41,0.57,1,1
50,12,30,0.489,1,1
43,8,39,0.476,1,1
17,13,41,0.672,1,1
34,7,38,0.798,1,1
44,10,41,0.26,0,0
52,12,38,0.493,0,0
39,13,49,0.532,1,1
43,14,30,0.976,1,0
29,12,67,0.52,1,1
33,12,25,0.403,0,0
47,11,15,0.594,0,0
44,8,46,0.136,0,0
47,14,32,0.383,1,1
45,10,47,0.566,1,0
32,12,45,0.821,1,1
51,10,56,0.509,1,1
36,13,55,0.531,1,1
45,11,32,0.217,0,0
33,9,52,0.58,1,1
55,9,9,0.485,0,1
30,8,61,0.514,1,1
40,11,49,0.302,1,0
50,11,49,0.465,1,1
55,15,25,0.585,1,1
46,10,36,0.718,1,1
54,12,58,0.604,1,1
49,15,53,0.634,1,1
35,10,44,0.363,1,0
49,8,41,0.627,1,1
40,15,53,0.998,1,1
24,11,49,0.512,0,0
30,10,44,0.623,1,1
45,12,37,0.628,1,0
29,9,38,0.057,0,0
59,13,51,0.396,0,1
29,14,27,0.804,1,0
24,9,30,0.486,0,0
47,7,36,0.254,0,0
31,9,47,0.596,0,1
74,11,33,0.367,1,1
35,14,48,0.739,1,0
54,5,44,0.476,0,0
49,15,31,0.458,1,1
35,9,46,0.685,1,1
27,12,43,0.423,1,1
42,8,50,0.712,1,1
28,13,37,0.473,1,0
39,12,25,0.553,1,1
30,13,44,0.719,1,1
40,8,58,0.656,1,0
35,9,48,0.351,1,1
77,11,43,0.753,1,1
34,14,23,0.542,1,1
36,14,73,0.693,1,0
41,14,51,0.459,1,1
37,9,38,0.38,1,1
32,12,40,0.206,1,1
19,10,39,0.337,1,0
38,9,40,0.602,0,0
35,14,26,0.282,1,0
35,12,50,0.187,0,0
30,7,54,0.782,1,1
48,14,29,0.381,0,1
24,15,28,0.801,1,0
63,14,35,0.349,1,1
40,11,37,0.518,1,0
69,11,40,0.799,1,1
60,13,39,0.713,1,1
69,9,32,0.357,0,0
31,10,36,0.544,1,0
37,11,42,0.433,0,1
48,13,57,0.549,1,0
44,15,38,0.761,1,0
20,9,56,0.557,1,1
47,9,29,0.19,1,1
50,12,45,0.284,0,0
31,13,26,0.486,1,0
30,10,54,0.801,1,1
42,13,44,0.73,1,1
34,13,33,0.006,0,0
35,11,42,0.899,1,0
32,13,40,0.804,0,1
31,13,45,0.46,1,0
17,13,48,0.559,0,1
18,12,37,0.376,0,0
49,14,26,0.287,1,0
63,12,42,0.635,1,1
38,9,44,0.655,1,0
17,12,69,0.671,1,1
34,11,34,0.247,0,0
44,10,52,0.631,1,0
25,14,29,0.382,0,0
43,12,40,0.794,1,1
59,8,40,0.547,1,0
33,13,43,0.685,1,1
18,7,32,0.48,0,0
17,11,41,0.706,1,0
39,7,36,0.351,0,0
42,11,33,0.668,1,1
21,10,37,0.028,0,0
36,13,36,0.715,1,1
47,7,59,0.37,1,0
47,16,53,0.4,1,1
45,15,20,0.511,1,0
42,11,50,0.783,1,0
34,11,52,0.349,0,0
70,12,51,0.415,1,0
30,14,37,0.661,1,1
43,8,37,0.714,1,0
44,6,30,0.569,0,0
24,10,55,0.523,0,1
34,6,34,0.365,0,0
46,12,27,0.59,0,1
25,7,20,0.264,0,1
31,15,41,0.679,1,1
25,10,45,0.378,0,0
34,12,32,0.451,1,0
41,13,37,0.68,1,1
64,10,23,0.416,0,1
17,9,40,0.809,1,1
40,12,46,0.692,1,1
46,12,31,0.212,0,1
19,11,34,0.678,1,1
38,12,38,0.926,1,1
25,14,60,0.629,1,0
48,12,33,0.786,1,0
29,12,60,0.385,1,1
60,14,42,0.183,1,1
55,11,46,0.645,0,0
34,13,41,0.47,1,0
53,11,59,0.001,0,0
58,12,53,0.319,1,1
33,11,44,0.685,1,0
40,12,55,0.554,1,1
41,13,48,0.631,1,0
30,8,41,0.388,0,0
65,11,39,0.439,0,0
30,13,38,0.275,0,1
27,11,31,0.511,1,0
58,13,53,0.452,1,1
33,11,22,0.172,0,0
30,13,39,0.627,1,0
38,15,44,0.339,1,0
44,13,31,0.615,1,0
37,14,66,0.602,1,1
59,5,39,0.477,0,1
56,11,51,0.725,1,1
40,6,31,0.409,0,0
37,14,34,0.477,1,1
17,8,63,0.012,1,0
27,10,42,0.142,0,0
22,12,49,0.336,0,0
49,11,59,0.508,0,1
25,13,35,0.542,1,1
17,9,46,0.533,1,0
46,10,60,0.658,1,0
62,12,46,0.427,1,1
53,9,32,0.473,1,0
54,13,42,0.068,0,0
45,9,39,0.635,1,0
26,14,46,0.53,1,1
29,12,37,0.458,1,1
53,13,58,0.88,1,1
28,10,54,0.412,1,0
36,10,29,0.573,0,1
52,14,58,0.869,1,1
33,12,51,0.507,0,0
22,8,45,0.525,0,0
30,11,26,0.462,0,0
25,8,32,0.41,0,0
69,13,51,0.504,1,1
45,11,34,0.35,0,0
58,4,38,0.751,1,1
54,10,30,0.459,1,0
52,13,25,0.502,1,0
41,14,25,0.49,1,1
25,13,58,0.631,1,0
41,14,33,0.061,1,0
38,10,17,0.635,0,0
57,12,46,0.285,0,0
46,11,26,0.261,0,0
45,11,31,0.427,1,1
37,9,54,0.493,1,0
62,10,27,0.253,0,0
42,11,19,0.744,1,1
17,11,25,0.538,1,0
46,10,23,0.808,0,1
41,10,28,0.434,1,0
26,8,56,0.703,1,0
32,12,43,0.381,1,0
33,13,28,0.869,1,1
39,13,60,0.368,1,1
59,13,49,0.369,1,1
59,12,41,1.0,1,1
46,10,58,0.547,1,1
23,12,47,0.67,1,0
33,10,43,0.625,1,0
38,11,39,0.336,1,0
17,10,61,0.573,1,0
37,11,39,0.56,1,0
25,13,49,0.109,1,1
48,12,50,0.483,1,1
51,15,21,0.436,1,1
52,13,13,0.396,0,1
57,8,20,0.54,1,1
68,13,32,0.256,1,1
37,9,49,0.715,1,0
33,13,43,0.426,1,0
37,9,45,0.429,0,1
41,11,42,0.39,1,0
27,12,55,0.651,1,1
40,10,34,0.153,0,0
30,8,47,0.539,1,0
28,9,43,0.596,1,0
49,11,46,0.447,1,0
51,9,34,0.376,1,0
34,8,40,0.523,0,0
50,10,42,0.373,0,1
32,11,59,0.418,1,0
61,7,42,0.476,0,1
44,11,26,0.699,0,1
29,12,24,0.308,1,0
51,14,48,0.755,1,1
50,11,38,0.622,1,1
29,9,23,0.309,0,0
45,7,39,0.417,0,0
40,12,26,0.462,0,0
57,13,38,0.405,1,1
28,9,47,0.968,1,0
57,9,44,0.685,1,0
47,11,41,0.9,1,1
30,14,12,0.389,1,0
30,11,33,0.349,1,0
42,11,48,0.617,1,0
39,11,52,0.614,1,0
37,12,60,0.321,1,0
64,16,41,0.405,1,1
42,9,10,0.53,0,0
37,13,32,0.821,0,1
17,10,43,0.483,1,1
49,8,26,0.541,1,0
59,14,53,0.344,1,1
36,8,48,0.682,1,0
27,8,40,0.0,0,0
60,10,54,0.455,0,0
56,14,29,0.602,1,1
46,14,36,0.576,0,0
17,13,46,0.472,1,0
33,11,59,0.598,1,1
22,15,64,0.552,1,1
48,13,44,0.262,0,1
25,8,47,0.467,0,0
42,10,22,0.528,0,1
52,15,54,0.859,1,1
36,8,34,0.675,1,1
51,6,43,0.486,0,0
33,12,48,0.55,1,0
22,9,24,0.613,1,0
59,11,28,0.702,1,1
62,12,53,0.797,1,1
44,9,29,0.306,0,1
18,12,26,0.623,1,0
18,10,12,0.617,0,1
57,8,41,0.569,1,0
46,13,57,0.708,1,1
37,13,26,0.355,1,1
44,14,38,0.523,1,1
65,12,48,0.411,0,1
31,11,25,0.219,1,0
37,13,20,0.385,0,0
28,14,38,0.671,1,1
58,11,41,0.685,1,1
45,15,27,0.641,1,0
53,12,60,0.439,1,1
41,16,30,0.461,0,0
17,12,36,0.423,0,0
29,9,51,0.554,1,1
27,8,43,0.641,1,1
29,15,47,0.405,1,0
42,9,43,0.52,1,1
34,8,69,0.182,1,0
52,12,52,0.637,1,1
40,5,40,0.342,1,0
36,7,40,0.46,0,0
58,12,63,0.677,1,1
29,14,33,0.277,0,1
25,5,23,0.501,1,0
61,10,58,0.457,0,1
54,10,44,0.834,1,0
30,11,50,0.424,1,1
38,15,39,0.555,1,1
28,10,13,0.821,0,0
38,11,26,0.628,0,0
23,12,41,0.679,1,0
36,13,46,0.719,1,1
59,11,44,0.407,1,0
22,16,42,0.156,0,1
42,11,41,0.372,1,0
50,9,27,0.587,1,0
33,11,38,0.196,0,0
51,13,72,0.954,1,1
32,9,42,0.792,1,1
55,14,44,0.438,1,1
50,13,35,0.683,1,1
27,13,31,0.708,0,1
53,7,39,0.442,0,1
42,13,28,0.442,1,0
29,12,39,0.59,1,1
28,10,40,0.404,1,1
40,7,42,0.393,1,0
45,10,47,0.335,1,0
19,11,44,0.952,1,0
22,11,31,0.878,1,0
18,13,35,0.66,1,1
37,9,34,0.589,1,0
25,10,57,0.489,1,1
23,9,31,0.099,0,0
46,11,20,0.503,0,1
51,12,29,0.569,1,1
35,14,43,0.476,1,1
30,10,45,0.504,0,1
22,10,36,0.632,1,1
49,10,31,0.483,1,0
40,6,39,0.382,1,0
24,12,28,0.369,1,1
24,13,33,0.498,1,0
25,11,37,0.611,1,1
56,11,17,0.297,1,1
25,14,24,0.679,1,1
24,13,31,0.467,0,0
53,13,29,0.316,0,1
38,7,51,0.059,0,0
17,16,41,0.561,1,0
52,13,16,0.333,0,0
47,11,31,0.4,1,1
20,12,46,0.822,1,1
45,10,36,0.584,0,0
29,9,40,0.639,0,1
47,11,28,0.0,1,0
50,7,27,0.459,0,0
44,8,28,0.384,0,0
36,12,49,0.174,0,0
36,9,66,0.701,1,0
33,6,48,0.446,1,0
66,12,64,0.48,1,0
48,10,51,0.239,0,1
44,12,31,0.618,0,0
68,13,51,0.589,1,0
37,6,40,0.798,0,0
30,11,55,0.09,0,1
47,14,39,0.194,1,0
20,9,38,0.657,1,0
32,11,54,0.481,0,0
51,8,37,0.194,0,0
44,13,49,0.835,1,1
53,7,54,0.646,1,0
57,13,61,0.625,1,1
48,11,21,0.678,0,0
26,10,34,0.477,1,0
17,12,27,0.746,1,0
33,6,37,0.345,0,0
18,12,19,0.735,1,0
35,8,40,0.408,0,0
30,8,43,0.453,0,0
17,10,44,0.473,1,0
31,6,31,0.746,1,1
42,12,37,0.547,1,1
44,13,54,0.658,1,0
30,14,29,0.243,1,0
47,12,32,0.413,1,0
38,13,29,0.459,1,0
42,9,47,0.075,0,0
52,11,36,0.5,1,0
25,10,34,0.204,0,1
39,13,24,0.693,1,1
45,13,41,0.66,1,0
23,12,35,0.384,1,0
37,12,58,0.431,0,1
59,13,26,0.461,0,1
41,13,57,0.291,1,1
37,11,32,0.442,1,0
36,12,37,0.348,0,0
38,14,52,0.691,1,0
42,7,41,0.704,1,0
19,8,28,0.719,0,0
38,11,37,0.062,0,0
34,10,7,0.293,0,0
34,12,50,0.439,0,0
33,13,40,0.956,1,1
48,13,53,0.406,1,0
72,12,30,0.682,1,1
53,8,27,0.239,0,1
38,10,40,0.361,0,0
47,6,38,0.378,0,0
30,10,43,0.392,1,0
42,10,1,0.471,0,1
49,13,43,0.702,1,1
52,11,53,0.219,0,0
31,12,50,0.272,0,0
24,9,47,0.637,1,1
42,15,33,0.446,1,1
38,13,40,0.185,0,1
52,15,54,0.58,1,0
42,13,48,0.55,1,0
40,11,44,0.701,1,1
56,10,49,0.36,0,0
49,14,33,0.412,1,0
17,10,40,0.365,0,0
46,14,34,0.579,1,0
52,7,34,0.615,0,0
24,13,45,0.305,1,0
38,9,3,0.252,0,0
41,11,33,0.402,1,1
27,12,42,0.435,1,0
19,15,54,0.34,1,0
35,15,33,0.658,1,1
44,9,64,0.537,1,0
41,11,42,0.471,1,1
47,11,64,0.356,0,0
39,10,27,0.485,1,0
48,16,27,0.434,0,1
36,10,46,0.421,0,0
55,9,50,0.71,1,1
52,16,35,0.67,1,0
48,11,30,0.326,0,0
54,14,33,0.186,1,1
28,11,49,0.593,1,0
40,16,54,0.609,1,1
24,5,63,0.617,1,0
43,11,46,0.188,1,1
41,6,38,0.299,0,0
41,5,39,0.522,0,0
50,12,27,0.477,0,0
33,9,25,0.98,1,0
46,16,43,0.387,1,1
36,14,39,0.084,0,0
33,13,40,0.372,1,0
30,8,57,0.446,0,0
44,12,44,0.669,1,0
46,10,15,0.409,1,0
57,11,24,0.483,0,1
28,9,49,0.85,1,0
42,14,38,0.854,1,1
35,9,35,0.705,0,0
20,7,44,0.278,0,0
51,11,34,0.629,1,1
30,14,40,0.472,1,1
46,9,31,0.392,1,0
17,12,18,0.507,1,0
39,7,32,0.53,0,0
36,9,32,0.533,0,0
60,14,38,0.426,0,1
32,12,32,0.128,1,0
53,10,42,0.446,1,0
42,13,53,0.361,1,1
57,11,29,0.404,1,0
34,12,65,0.482,1,1
41,16,48,0.771,1,1
47,11,1,0.532,0,1
30,8,48,0.409,1,1
47,12,64,0.617,1,0
27,11,17,0.582,1,0
17,9,35,0.0,0,0
44,12,28,0.432,1,0
50,10,46,0.519,0,1
25,9,41,0.461,0,1
57,11,28,0.453,0,0
41,10,47,0.788,1,1
59,9,21,1.0,1,0
52,6,36,0.659,1,1
56,10,46,0.425,1,1
47,10,46,0.044,0,0
52,12,43,0.196,1,1
19,12,53,0.831,1,1
21,12,44,0.305,0,0
41,5,49,0.631,1,0
53,11,20,0.541,1,0
22,14,49,0.747,1,1
51,16,38,0.547,1,1
35,5,37,0.521,0,1
58,13,43,0.669,1,1
45,12,47,0.628,1,1
37,5,66,0.403,1,0
36,10,42,0.701,1,0
30,12,41,0.66,0,1
50,9,56,0.55,0,0
35,10,36,0.021,1,0
48,13,53,0.666,1,1
36,15,53,0.654,0,1
41,13,64,0.581,1,1
53,10,52,0.588,1,1
58,13,31,0.676,0,0
60,12,45,0.78,1,0
49,12,25,0.8,1,0
37,5,45,0.709,0,0
43,13,38,0.427,1,0
30,12,42,0.376,1,1
32,11,20,0.458,1,0
42,11,51,0.587,1,0
33,13,35,0.726,1,0
63,9,39,0.844,1,1
47,6,54,0.407,0,0
45,10,31,0.285,1,0
17,10,26,0.476,0,1
18,13,53,0.486,1,1
46,8,52,0.79,1,1
37,9,46,0.571,1,0
65,9,49,0.301,0,0
39,11,40,0.613,1,0
49,15,37,0.385,1,1
40,13,49,0.421,1,1
40,8,40,0.827,1,1
41,8,24,0.131,0,0
49,11,59,0.285,0,1
41,3,31,0.069,0,0
42,13,41,0.498,1,0
46,16,51,0.867,1,1
39,14,31,0.641,1,1
17,10,55,0.286,0,0
52,13,29,0.608,1,1
17,9,36,0.701,1,1
36,8,33,0.391,0,0
24,12,38,0.435,1,1
44,12,37,0.515,1,0
34,7,50,0.144,0,1
36,15,56,0.649,1,1
39,8,39,0.175,0,0
30,11,45,0.328,0,0
50,10,34,0.498,0,1
37,12,54,0.497,0,1
51,6,56,0.924,1,0
25,13,35,0.842,1,0
65,10,35,0.446,0,0
34,12,36,0.699,1,0
52,9,32,0.718,1,0
44,16,48,0.576,1,0
42,9,56,0.337,1,1
45,9,51,0.545,1,1
42,16,47,0.571,1,1
17,6,33,0.346,0,0
48,10,49,0.845,1,0
36,8,55,0.489,0,0
45,8,24,0.278,0,1
60,9,36,0.698,0,0
32,7,35,0.522,0,0
33,13,49,0.44,1,0
33,14,43,0.723,0,1
59,7,29,0.0,0,0
31,6,45,0.764,1,0
52,10,52,0.869,1,1
33,12,48,0.692,1,0
49,10,39,1.0,1,1
38,8,43,0.477,1,1
47,9,12,0.782,0,0
25,10,59,0.656,1,0
51,11,63,0.772,1,0
52,14,37,0.641,1,1
25,14,51,0.529,1,0
21,7,60,0.627,1,0
40,9,47,0.358,0,0
37,8,31,0.385,0,0
59,11,38,0.307,0,0
50,7,42,0.755,1,0
49,11,18,0.123,1,1
22,12,35,0.212,1,0
28,14,44,0.653,1,1
51,11,21,0.144,0,0
44,12,41,0.71,0,0
41,13,29,0.434,1,0
30,10,45,0.772,0,1
37,11,34,0.725,1,0
44,8,26,0.511,0,0
53,12,31,0.628,0,1
31,8,31,0.509,0,0
23,13,47,0.621,1,1
38,10,26,0.424,0,0
35,9,51,0.741,1,0
32,15,45,0.639,1,0
38,13,43,0.404,0,1
59,16,40,0.778,1,1
44,6,51,0.444,1,0
24,11,43,0.422,0,0
45,13,44,0.666,1,0
61,12,46,0.13,0,0
37,11,34,0.585,1,1
51,10,29,0.438,1,1
43,16,51,0.723,1,1
48,7,21,0.325,0,0
46,12,29,0.503,1,0
64,11,35,0.57,1,1
74,10,44,0.491,0,0
35,13,53,0.656,1,0
47,12,35,0.47,0,0
39,12,32,0.412,1,0
59,12,37,0.393,1,0
40,12,34,1.0,1,1
35,9,76,0.674,1,1
73,8,42,0.682,1,1
49,7,56,0.712,0,0
26,11,36,0.576,1,0
24,11,65,0.6,1,0
48,10,30,0.489,1,0
27,15,42,0.369,0,1
39,11,24,0.51,1,0
45,13,26,0.74,1,0
17,11,45,0.449,1,0
52,8,38,0.284,0,1
47,11,48,0.316,0,0
27,7,36,0.823,1,0
49,10,20,0.147,0,1
33,14,43,0.442,1,1
50,14,39,0.428,1,1
20,10,43,0.602,1,0
28,8,42,0.698,1,0
40,12,59,0.346,1,1
17,13,43,0.662,1,1
43,14,53,0.727,1,1
33,9,51,0.193,1,0
49,13,29,0.74,1,0
38,8,36,0.673,1,1
47,12,38,0.368,1,0
17,11,44,0.519,1,0
41,10,39,0.697,1,1
36,6,57,0.366,0,0
53,13,37,0.244,0,0
32,8,34,0.591,0,0
43,14,47,0.431,1,0
28,12,33,0.21,1,0
43,8,22,0.592,0,0
67,12,37,0.518,1,0
51,14,35,0.717,1,1
45,11,34,0.523,1,1
61,14,48,0.536,1,1
37,12,39,0.447,1,0
34,9,52,0.619,0,0
49,13,47,1.0,1,1
49,14,39,0.117,1,1
59,12,43,0.728,1,0
30,15,30,0.551,1,1
40,11,56,0.37,1,1
48,12,38,0.139,1,1
40,12,39,0.636,1,0
34,13,59,0.384,1,1
53,14,55,0.778,1,1
31,14,50,0.62,1,0
26,11,48,0.347,1,0
48,15,39,0.315,0,0
39,10,31,0.55,1,1
54,7,39,0.364,1,0
46,10,60,0.0,0,0
28,9,34,0.407,0,0
58,15,33,0.883,1,1
23,13,36,0.464,0,0
41,11,35,0.751,1,1
44,11,47,0.803,0,1
62,15,23,0.863,1,1
37,11,22,0.314,0,0
51,8,64,0.621,1,1
28,11,50,0.817,1,1
37,13,26,0.489,1,0
56,13,25,0.369,0,0
27,13,49,0.722,1,1
35,16,43,0.254,1,1
40,8,37,0.535,1,0
38,10,35,0.607,1,1
23,11,45,0.278,1,0
50,10,43,0.599,1,1
26,7,48,0.587,1,1
39,12,64,0.482,1,0
46,15,38,0.541,1,1
48,9,54,0.71,1,0
46,9,47,0.475,0,1
46,11,38,0.661,1,1
55,13,31,0.532,1,1
22,16,49,0.414,1,1
48,13,26,0.697,1,1
54,15,34,0.475,1,1
34,14,49,0.572,1,0
53,8,61,0.227,1,0
41,9,46,0.638,1,1
40,16,46,0.279,1,1
51,8,40,0.08,0,0
20,8,43,0.646,0,0
20,10,23,0.3,1,0
33,10,52,0.552,0,0
32,7,49,0.334,1,1
31,10,42,0.472,0,0
52,9,38,0.693,1,0
31,12,26,0.608,1,1
49,8,22,0.052,0,1
34,12,48,0.597,1,1
61,15,43,0.749,1,1
39,12,57,0.52,1,0
49,9,48,0.739,1,0
80,12,51,0.696,0,1
35,11,58,0.427,1,0
54,8,13,0.493,1,1
25,10,47,0.459,1,0
39,14,64,0.474,1,0
53,14,43,0.637,1,1
38,9,46,0.534,1,0
52,15,41,0.911,1,1
44,9,43,0.64,1,0
49,12,47,0.253,0,0
42,11,62,0.604,1,1
37,9,29,0.554,1,0
39,10,45,0.851,1,1
37,14,33,0.534,1,0
30,10,18,0.798,1,1
56,12,48,0.62,0,1
37,10,37,0.355,0,0
32,11,36,0.916,1,1
35,8,25,0.0,0,0
35,11,50,0.629,1,0
58,12,30,0.418,1,0
55,10,44,0.664,1,1
44,10,65,0.076,0,0
40,11,34,0.398,0,0
45,13,38,0.861,1,0
17,11,16,0.187,0,0
40,16,59,0.684,1,1
41,12,49,0.325,0,0
31,16,58,0.475,0,0
47,14,37,0.143,1,1
56,16,37,0.331,0,1
48,9,25,0.479,0,0
45,12,29,0.535,1,0
37,12,21,0.186,1,0
37,15,31,0.496,1,1
32,16,34,0.369,1,0
23,9,37,0.177,0,0
49,8,31,0.455,0,0
27,12,49,0.695,1,1
46,11,32,0.337,1,0
55,11,49,0.541,1,0
50,13,50,0.673,1,1
60,11,21,0.377,0,0
31,13,27,0.579,1,0
45,14,53,0.267,0,0
54,9,29,0.665,1,1
59,8,38,0.498,0,0
22,14,48,0.857,1,1
27,12,34,0.215,0,0
41,8,18,0.523,0,0
28,10,27,0.388,1,0
37,8,44,0.529,0,1
39,11,26,0.477,1,0
40,14,24,0.351,1,0
40,5,53,0.488,1,0
32,15,38,0.79,1,1
32,9,15,0.364,0,0
30,10,37,0.515,1,0
32,7,68,0.345,1,0
67,13,43,0.263,1,0
40,6,42,0.446,1,0
41,9,26,0.78,0,1
62,12,39,0.638,1,0
45,11,50,0.843,1,0
51,11,39,0.317,0,0
41,11,40,0.642,1,1
46,11,43,0.794,1,1
45,10,41,0.53,1,0
45,11,42,0.536,0,0
72,12,27,0.227,0,1
41,12,43,0.522,0,0
30,10,36,0.389,0,1
36,13,42,0.491,0,0
51,9,35,0.384,0,1
47,14,35,0.408,1,0
60,7,51,0.489,1,1
21,15,55,0.467,1,1
41,13,35,0.409,0,0
56,12,32,0.689,1,1
38,13,34,0.546,1,1
33,13,25,0.655,1,0
52,11,40,0.532,1,1
49,7,43,0.527,1,0
41,16,38,0.777,1,1
37,11,32,0.75,1,0
49,8,47,0.377,1,0
27,10,54,0.276,0,1
26,9,32,0.413,0,1
29,13,40,0.571,1,1
45,5,33,0.423,0,0
25,7,48,0.53,0,0
37,10,37,0.388,1,0
42,12,54,0.46,1,1
46,11,35,0.471,1,1
30,8,35,0.588,1,1
41,12,36,0.353,1,1
43,10,9,0.57,1,0
59,9,36,0.607,0,1
33,12,55,0.451,1,0
56,15,40,0.667,1,1
34,13,29,0.495,0,1
78,11,35,0.513,1,1
25,10,23,0.687,1,1
41,12,48,0.857,1,1
38,10,51,0.612,1,0
33,11,38,0.719,1,0
48,12,9,0.36,1,0
43,7,50,0.34,0,0
28,16,35,0.597,1,0
56,13,50,0.557,1,1
34,14,33,0.524,1,0
45,6,25,0.921,1,1
65,11,45,0.559,1,0
17,10,40,0.184,1,0
63,10,28,0.437,0,1
48,9,45,0.643,1,1
22,10,30,0.402,0,1
58,13,41,0.765,1,1
35,16,36,0.235,1,1
42,12,42,0.376,1,0
27,11,29,0.442,1,0
47,9,34,0.513,1,0
34,10,37,0.33,0,0
42,13,53,0.441,0,1
49,11,36,1.0,1,0
37,9,40,0.41,1,0
45,11,70,0.478,1,1
37,9,31,0.138,0,0
18,8,35,0.712,0,1
44,5,27,0.62,0,0
44,8,45,0.0,0,0
18,7,45,0.501,1,0
24,14,18,0.566,0,0
46,12,49,0.663,0,0
41,12,41,0.377,1,1
25,4,20,0.376,0,0
54,13,31,0.601,1,0
54,12,40,0.782,1,1
69,12,49,0.225,1,0
46,10,26,0.328,0,0
43,16,39,0.395,1,1
39,13,21,0.557,1,1
17,8,50,0.38,0,0
41,9,47,0.255,0,1
58,12,39,0.069,0,0
41,10,54,0.0,0,0
39,14,51,0.283,1,1
47,10,39,0.72,1,1
55,10,56,0.731,1,1
26,10,47,0.764,1,0
54,14,40,0.506,1,0
45,13,3,0.378,0,0
28,14,48,0.33,1,1
31,9,35,0.623,0,0
35,14,44,0.368,1,0
31,13,43,0.631,1,1
27,9,37,0.41,1,1
27,14,54,0.528,1,1
34,16,24,0.296,0,0
30,11,53,0.354,1,0
37,7,54,0.074,0,0
56,12,43,0.221,1,1
44,7,41,0.133,0,0
37,11,37,0.521,1,0
43,8,24,0.354,1,0
27,11,32,0.351,1,0
37,11,67,0.384,1,0
48,11,45,0.789,1,1
20,12,34,0.449,1,0
25,11,43,0.342,1,0
17,12,35,0.647,0,0
35,16,48,0.619,1,1
42,8,38,0.226,0,0
29,11,37,0.324,1,0
50,11,22,0.337,0,0
33,10,48,0.32,0,0
17,9,42,0.873,1,0
48,9,55,0.537,1,1
57,15,47,0.484,1,1
17,9,34,0.242,0,0
45,13,41,0.616,1,0
25,12,39,0.536,1,0
43,13,30,0.559,0,0
32,14,50,0.285,1,1
33,8,35,0.649,1,0
22,11,47,0.535,0,0
32,10,52,0.467,1,0
50,15,46,0.692,1,1
51,15,34,0.445,1,0
50,13,47,0.505,1,1
47,14,43,0.568,1,0
34,8,36,0.599,1,0
53,13,44,0.602,1,1
30,5,47,0.069,0,0
49,16,41,0.926,1,1
47,9,50,0.787,0,1
49,12,30,0.63,0,0
45,13,47,0.301,0,0
46,10,40,0.38,1,0
53,10,40,0.502,0,0
43,9,40,0.884,1,1
33,9,52,0.475,0,0
17,7,50,0.549,0,0
31,12,37,0.572,1,0
61,14,51,0.21,1,0
30,11,46,0.584,1,1
40,8,40,0.696,0,0
33,9,46,0.843,1,0
61,8,32,0.258,1,1
55,11,46,0.126,0,0
53,9,38,0.521,0,0
45,10,27,0.236,1,0
17,10,60,0.432,0,1
27,10,37,0.535,1,0
47,11,49,0.584,1,1
29,13,56,0.611,1,1
47,6,41,0.157,0,1
37,16,40,0.731,1,1
46,11,47,0.464,1,0
44,7,37,0.522,1,0
50,13,48,0.574,1,0
41,15,39,0.492,0,1
45,10,33,0.329,0,0
34,9,15,0.443,0,0
45,10,34,0.556,1,1
22,12,54,0.477,1,0
31,15,38,0.465,0,1
40,13,24,0.572,0,0
33,11,58,0.895,1,1
72,10,52,0.425,0,1
38,15,49,0.689,1,1
57,8,52,0.532,1,0
30,11,59,0.666,1,1
60,10,35,0.666,1,0
26,11,35,0.61,1,1
31,11,41,0.683,1,0
43,12,38,0.763,1,0
33,10,36,0.344,1,0
56,8,34,0.933,1,0
23,8,43,0.73,1,0
27,15,20,0.438,1,0
21,10,25,0.452,0,0
24,12,40,0.784,1,0
51,15,52,0.774,1,1
22,12,59,0.497,1,1
46,16,38,0.501,1,0
36,13,26,0.444,0,0
17,16,35,0.351,0,0
44,9,20,0.813,1,1
18,16,44,0.814,1,1
37,11,36,0.472,1,1
51,8,42,0.453,0,0
42,15,57,0.764,1,1
61,14,36,0.474,0,1
24,12,40,0.559,1,1
21,13,48,0.369,1,0
34,8,41,0.669,0,0
33,9,48,0.416,1,0
47,11,63,0.719,1,1
57,11,21,0.377,0,0
41,5,50,0.234,0,0
28,15,41,0.475,1,1
65,9,41,0.17,0,1
46,12,48,0.437,1,0
51,13,28,0.442,1,1
17,13,9,0.293,1,0
45,10,31,0.468,1,0
34,13,37,0.296,1,0
42,12,29,0.609,1,0
53,12,48,0.363,1,1
31,11,34,0.696,1,0
23,15,21,0.721,1,0
34,12,37,0.338,1,0
42,12,36,0.262,0,0
46,13,48,0.462,1,1
45,11,52,0.393,1,0
54,3,33,0.411,0,0
44,8,42,0.958,1,0
54,13,42,0.27,0,1
41,8,49,0.425,0,0
63,16,75,0.52,1,1
55,8,46,0.538,0,0
53,11,48,0.666,0,1
33,11,32,0.693,1,1
32,14,34,0.548,0,1
47,11,20,0.536,1,1
50,11,38,0.517,1,1
43,8,51,0.723,1,1
50,15,37,0.705,1,1
27,10,49,0.702,1,1
47,12,30,0.465,0,0
17,14,31,0.336,0,1
30,10,43,0.585,0,0
58,8,32,0.611,0,1
35,9,43,0.413,0,0
30,9,42,0.546,1,1
64,8,46,0.497,0,0
41,11,47,0.384,0,0
42,16,30,0.73,1,0
47,13,40,0.323,1,0
50,9,49,0.498,1,0
64,12,28,0.421,0,0
27,12,59,0.524,1,1
34,10,43,0.154,1,1
31,11,29,0.484,1,0
37,8,28,0.668,0,0
32,14,32,0.595,1,1
48,11,28,0.629,1,1
46,9,49,0.665,1,1
39,15,19,0.321,0,0
45,10,32,0.639,0,0
41,12,58,0.577,1,1
49,16,45,0.735,1,1
40,11,28,1.0,1,1
29,11,48,0.987,1,1
35,12,28,0.426,0,1
29,11,38,0.418,1,1
47,13,34,0.35,1,0
20,9,27,0.322,1,0
30,9,52,0.481,1,0
37,7,18,0.483,0,0
38,10,54,0.768,1,1
36,10,35,1.0,1,0
41,13,30,0.942,1,1
44,12,32,0.272,1,1
43,11,23,0.886,1,0
17,10,58,0.457,1,1
32,12,34,0.732,1,0
17,11,47,0.632,1,1
27,6,56,0.812,1,0
25,14,57,0.317,1,0
30,7,39,0.449,1,0
43,16,35,0.533,1,1
46,9,51,0.272,0,0
41,15,44,0.439,1,1
31,15,43,0.417,1,1
33,12,42,0.319,1,0
18,6,27,0.36,0,0
25,6,19,0.355,0,0
44,13,30,0.678,1,1
43,7,33,0.242,0,0
39,13,21,0.632,1,1
50,9,44,0.446,1,1
40,10,33,0.411,0,0
18,12,20,0.475,0,0
38,10,33,0.854,1,1
37,13,27,0.5,1,1
49,16,35,0.74,1,1
48,7,27,0.485,0,0
46,12,38,0.559,1,1
47,10,27,0.454,1,0
32,8,37,0.373,1,0
18,16,48,0.616,1,1
57,8,33,0.207,1,1
30,15,40,0.533,1,0
56,8,47,0.474,0,0
53,8,27,0.446,0,0
28,10,25,0.695,1,0
27,14,38,0.63,1,1
80,11,34,0.691,1,1
29,9,34,0.538,0,0
20,10,39,0.402,0,0
41,4,28,0.364,0,0
48,16,31,0.426,1,1
62,9,28,0.201,0,0
54,15,36,0.396,1,0
31,7,39,0.716,1,0
20,7,39,0.67,0,0
32,12,50,0.369,1,1
45,13,33,0.741,1,1
44,13,34,0.349,1,0
36,13,42,0.347,1,0
60,12,49,0.749,1,1
35,13,31,0.599,1,1
23,16,53,0.323,1,1
41,14,68,0.554,1,1
25,9,52,0.757,1,1
47,12,31,0.418,0,0
30,12,55,0.192,1,1
29,15,38,0.518,1,0
17,7,38,0.299,0,0
39,11,35,0.652,1,0
57,12,58,0.508,1,1
22,16,48,0.513,1,1
58,11,64,0.376,1,1
44,10,31,0.573,1,0
67,6,17,0.57,0,0
43,8,43,0.179,0,0
34,5,42,0.465,0,0
41,15,42,0.498,1,1
29,14,45,0.737,1,0
33,9,30,0.411,0,0
39,9,20,0.546,0,0
43,14,46,0.384,1,1
19,9,44,0.473,1,0
51,11,33,0.341,0,0
43,10,22,0.583,1,0
35,12,55,0.683,1,1
36,7,39,0.554,0,1
40,14,60,0.513,1,1
57,9,52,0.793,1,1
36,13,39,0.365,0,1
37,12,44,0.413,0,1
50,15,59,0.268,1,1
25,7,57,0.41,1,0
35,12,35,0.506,1,1
56,11,57,0.794,1,1
49,13,46,0.254,1,0
39,11,21,0.317,0,0
56,10,61,0.662,1,1
54,14,47,0.484,1,1
42,10,38,0.345,1,1
37,13,58,0.698,1,0
65,12,16,0.108,1,0
51,10,43,0.644,1,1
39,10,43,0.517,1,0
24,12,52,0.754,1,0
30,12,36,0.645,1,1
52,11,49,0.306,1,0
31,7,29,0.061,0,0
30,11,33,0.47,1,1
33,10,37,0.79,1,0
35,8,38,0.107,0,0
48,15,40,0.406,1,0
53,9,48,0.7,1,1
35,7,34,0.646,1,0
39,12,49,0.596,1,1
51,8,19,0.717,0,0
39,13,40,0.291,1,1
46,9,45,0.049,0,0
58,10,44,0.557,1,0
72,14,33,0.369,1,1
70,5,39,0.44,0,0
34,10,41,0.6,0,1
48,10,43,0.473,1,1
34,8,63,0.24,0,0
23,10,47,0.779,1,0
48,10,41,0.411,0,1
53,8,45,0.875,1,1
45,11,34,0.738,1,0
41,9,30,0.549,1,1
45,12,40,0.358,1,0
52,11,35,0.348,0,1
49,12,49,0.468,1,1
35,15,53,0.489,1,1
26,14,48,0.457,1,1
46,11,31,0.354,0,0
51,8,29,0.204,0,0
24,11,46,0.499,1,1
62,8,39,0.016,1,0
17,9,46,0.446,1,1
30,6,46,0.637,1,1
43,15,34,0.753,0,0
39,8,43,0.414,0,0
40,7,31,0.6,0,1
29,16,33,0.252,1,0
31,13,39,0.548,0,1
47,10,29,0.735,1,0
27,11,50,0.406,1,0
54,15,38,1.0,1,0
36,12,18,0.427,0,0
36,8,47,0.431,1,1
25,10,52,0.633,1,0
38,13,51,0.703,1,1
40,11,16,0.639,1,0
36,13,42,0.681,1,0
52,10,23,0.516,0,0
39,10,38,0.476,1,0
62,11,32,0.388,0,0
53,11,47,0.462,1,0
47,8,31,0.354,1,1
61,10,52,0.689,1,1
30,16,54,0.77,1,1
33,11,46,0.638,1,1
45,9,72,0.717,0,1
31,5,44,0.382,0,0
49,10,31,0.587,0,0
57,13,34,0.46,1,0
17,11,24,0.341,0,0
33,15,52,0.747,1,1
28,12,54,0.687,1,0
49,13,42,0.756,0,0
22,6,44,0.557,0,0
55,10,51,0.388,0,1
46,14,19,0.501,1,1
44,10,51,0.711,1,1
65,12,57,0.85,1,1
47,10,44,0.346,0,1
36,11,23,1.0,0,0
63,13,41,0.52,1,1
60,7,42,0.448,0,1
17,9,43,0.425,0,0
33,6,48,0.373,1,0
47,7,29,0.361,0,0
26,11,36,0.632,1,0
47,15,44,0.796,1,1
38,7,24,0.671,0,0
55,14,42,0.378,1,0
44,13,27,0.526,1,0
26,12,33,0.487,1,0
37,10,54,0.633,1,0
33,7,46,0.475,0,0
41,9,47,0.619,1,0
38,16,37,0.637,1,1
43,6,45,0.297,0,0
21,12,52,0.833,1,1
31,9,51,0.406,0,1
34,9,25,0.352,0,0
48,8,25,0.773,0,0
25,11,32,0.766,0,0
45,10,29,0.467,1,1
41,8,48,0.309,0,0
34,16,49,0.566,1,1
45,10,31,0.625,0,0
38,11,45,0.317,0,0
26,15,56,0.431,1,1
52,12,27,0.484,0,1
41,8,41,0.549,1,0
38,9,44,0.448,1,0
30,10,34,0.605,0,0
35,12,61,0.613,1,1
52,9,42,0.594,1,1
35,7,53,0.266,0,0
38,8,26,0.364,0,0
56,14,51,0.649,1,1
54,13,40,0.445,1,0
24,16,42,0.36,1,1
28,7,27,0.135,0,1
33,13,43,0.821,1,1
44,12,68,0.58,1,1
59,7,46,0.279,0,0
53,6,12,0.267,0,0
41,15,41,0.979,1,1
47,9,40,0.278,1,0
30,9,37,0.476,1,1
33,11,40,0.582,1,1
55,10,22,0.248,0,0
26,9,42,0.572,1,0
20,11,16,0.434,0,0
77,6,48,0.581,1,0
49,11,52,0.709,1,1
30,6,10,0.547,0,0
58,16,29,0.672,1,1
51,10,64,0.401,1,1
35,13,35,0.336,0,0
51,11,25,0.685,1,1
45,11,39,0.491,1,1
26,13,41,0.352,1,0
28,9,43,0.735,1,1
37,12,67,0.707,1,1
29,6,35,0.511,0,0
31,13,54,0.418,0,1
60,9,21,0.409,0,0
17,8,46,0.589,1,1
24,11,51,0.355,1,0
31,9,43,0.542,0,0
54,10,38,0.709,0,1
62,16,25,0.538,1,1
36,8,22,0.35,0,1
24,15,11,0.203,0,0
32,9,47,0.721,1,1
59,15,33,0.294,1,1
32,16,46,0.6,1,1
38,11,21,0.498,1,0
27,14,36,0.879,1,0
43,13,58,0.582,1,1
33,11,54,0.342,1,0
47,13,39,0.574,1,1
31,14,33,0.518,1,1
21,9,54,0.471,0,0
67,10,32,0.484,1,0
35,12,37,0.733,1,0
17,9,45,0.395,1,0
17,11,50,0.497,1,1
45,12,30,0.473,1,1
64,14,61,0.609,1,1
51,13,47,0.326,0,1
36,10,44,0.546,1,0
33,12,58,0.713,1,1
35,8,66,0.392,0,0
33,12,50,0.048,0,1
48,10,53,0.527,0,0
46,13,52,0.495,0,0
48,13,31,0.833,1,1
35,10,39,0.41,1,0
42,13,44,0.411,1,1
34,15,46,0.602,1,1
47,12,42,0.647,1,1
21,14,47,0.653,0,0
41,14,35,0.112,0,1
50,12,18,0.333,0,1
40,16,29,0.822,1,1
51,15,45,0.881,1,1
35,13,31,0.662,1,0
25,7,30,0.31,0,0
76,13,47,0.617,1,1
55,11,63,0.427,1,1
22,13,40,0.701,1,0
64,14,44,0.828,1,1
49,12,31,0.883,1,1
34,16,32,0.494,1,1
27,10,45,0.297,0,1
65,9,40,0.561,0,0
36,14,64,0.32,1,1
20,13,34,0.517,1,0
33,12,43,0.644,1,1
42,11,48,0.273,0,0
43,12,40,0.482,1,0
26,6,59,0.562,0,0
35,16,34,0.498,1,1
50,13,27,0.515,0,0
49,7,25,0.299,0,0
59,7,37,0.844,1,1
37,15,55,0.454,1,1
41,16,30,0.321,1,0
24,11,32,0.534,1,0
26,16,54,0.462,1,0
36,13,33,0.54,1,1
36,9,17,0.629,1,0
25,10,58,0.796,1,1
57,13,45,0.457,1,0
58,11,44,0.497,0,1
23,15,23,0.456,1,1
41,7,39,0.236,1,0
27,16,42,0.465,1,0
60,13,23,0.799,1,1
49,5,27,0.815,1,0
36,7,51,0.808,1,1
18,6,44,0.528,0,0
17,9,57,0.275,1,1
52,11,26,0.691,1,0
49,9,80,0.887,1,1
36,11,40,0.539,1,0
47,12,32,0.431,1,1
49,12,32,0.383,0,1
30,16,23,0.444,0,1
35,16,39,0.613,1,1
43,13,58,0.83,1,1
62,9,52,0.674,1,1
52,10,42,0.532,1,0
39,14,25,0.284,1,0
17,10,35,0.265,1,1
17,13,25,0.701,1,1
21,13,65,0.482,1,1
55,16,51,0.559,1,1
76,16,51,0.454,1,1
60,13,41,0.452,1,0
22,11,49,0.681,1,0
54,10,45,0.882,1,1
25,8,52,0.255,0,0
44,12,61,0.436,1,0
28,9,46,0.432,0,0
42,10,27,0.442,0,0
49,12,44,0.577,1,1
20,13,30,0.517,1,0
39,9,36,0.173,1,1
44,11,23,0.352,1,0
49,14,49,0.414,1,1
48,12,48,0.79,1,1
50,10,35,0.563,0,0
26,13,28,0.565,1,1
38,14,36,0.589,1,1
44,8,47,0.322,1,0
49,14,56,0.512,1,1
29,15,20,0.363,1,0
46,11,46,0.954,1,0
50,12,38,0.744,0,0
50,16,45,0.73,1,1
45,9,39,0.395,1,0
20,11,41,0.741,0,1
40,7,45,0.714,1,0
25,15,19,0.497,1,1
28,13,44,0.29,1,1
39,13,28,0.579,0,1
45,14,39,0.544,1,0
19,11,59,0.531,1,0
62,8,26,0.262,0,0
42,13,51,0.476,1,0
51,7,46,0.27,0,0
51,12,55,0.678,1,1
36,13,47,0.606,1,0
50,10,29,0.35,0,0
39,12,40,0.509,0,1
40,11,42,0.772,1,0
26,9,76,0.852,1,0
24,13,50,0.082,0,0
46,9,47,0.789,1,1
34,11,29,0.638,1,0
23,8,31,0.681,0,0
51,10,36,0.818,1,1
65,10,47,0.514,1,1
49,14,44,0.502,1,1
17,16,31,0.101,0,1
39,13,45,0.619,1,1
47,14,45,0.359,1,1
50,12,41,0.545,1,1
32,11,62,0.815,1,1
29,13,27,0.563,1,1
36,10,44,0.433,0,0
50,8,54,0.49,1,1
54,15,31,0.921,1,1
38,10,31,0.173,0,1
28,11,38,0.73,1,0
32,9,46,0.691,1,1
73,12,38,0.459,1,1
39,9,48,0.388,0,0
47,12,46,0.771,1,1
44,11,20,0.719,1,1
33,7,53,0.391,0,0
39,16,49,0.665,1,1
17,14,57,0.541,1,1
22,9,45,1.0,0,0
34,8,59,0.695,0,0
17,11,46,0.4,1,1
36,16,29,0.089,0,0
33,9,51,0.741,1,1
50,16,36,0.743,1,1
47,8,26,0.56,0,0
51,12,41,0.535,0,0
72,14,45,0.645,0,1
55,15,35,0.544,0,0
61,11,56,0.679,1,1
39,13,27,0.456,0,1
27,10,45,0.51,0,0
39,12,43,0.2,0,0
33,16,52,0.692,1,0
60,11,32,0.44,0,1
17,9,40,0.696,1,1
48,7,40,0.493,0,0
32,12,45,0.309,1,0
49,10,46,0.504,1,1
32,11,43,0.665,0,0
49,7,59,0.589,1,1
46,13,45,0.636,1,1
21,12,46,0.231,1,0
22,16,30,0.573,1,1
24,13,19,0.457,1,0
20,15,30,0.601,1,0
37,10,36,0.619,1,0
47,9,39,0.315,0,1
42,15,38,0.391,1,0
40,10,30,0.178,0,0
33,11,34,0.369,1,0
51,12,23,0.407,0,1
31,9,32,0.099,0,0
50,11,43,0.431,1,1
40,16,42,0.757,1,1
31,6,48,0.609,1,0
58,13,52,0.734,1,1
39,9,65,0.322,1,0
33,14,42,0.091,0,1
37,10,57,0.303,1,1
41,12,64,0.496,0,1
33,9,60,0.112,0,0
52,13,17,0.521,0,0
46,9,33,0.492,0,0
57,12,53,0.368,0,0
24,12,30,0.518,0,0
39,6,34,0.0,0,0
28,8,22,0.584,1,0
55,16,43,0.297,0,1
31,9,44,0.744,1,0
44,10,27,0.376,1,0
39,8,42,0.172,0,0
31,12,43,1.0,1,1
30,14,43,0.919,1,1
57,12,28,0.451,0,1
32,11,43,0.497,0,1
30,15,37,0.512,1,0
37,10,42,0.639,1,0
48,11,16,0.922,1,0
28,11,19,0.611,1,0
19,10,25,0.55,1,0
25,10,45,0.981,1,1
36,11,46,0.611,1,0
41,13,41,0.337,1,0
33,11,48,0.628,1,0
47,12,54,0.481,1,1
54,9,39,0.665,1,1
62,9,49,0.636,1,1
45,8,61,0.47,0,1
17,12,27,0.575,1,1
41,7,23,0.492,0,0
53,12,57,0.484,1,0
48,10,29,0.717,0,1
34,8,17,0.614,0,0
41,13,34,0.302,0,1
34,10,26,0.252,0,0
33,14,43,0.417,1,1
45,13,29,0.375,0,0
36,8,47,0.346,0,0
22,13,43,0.602,1,0
37,11,64,0.623,1,1
23,8,31,0.449,0,0
32,10,39,0.521,1,1
38,8,38,0.3,1,0
45,11,34,0.319,0,0
41,12,43,0.597,1,0
38,11,45,0.407,1,0
29,10,23,0.629,1,0
38,11,46,0.656,1,0
44,9,10,0.249,0,0
45,15,43,0.531,1,1
17,10,49,0.655,1,0
28,9,39,0.391,1,0
64,10,39,0.234,0,0
41,14,52,0.468,1,1
36,7,24,0.764,1,0
53,7,40,0.26,0,0
45,13,26,0.742,1,0
27,10,45,0.41,1,0
46,13,49,0.488,1,1
26,10,45,0.942,1,0
54,7,59,0.567,1,0
33,8,38,0.362,1,0
36,6,30,0.296,0,0
45,7,57,0.296,1,1
56,9,39,0.505,1,0
35,13,42,0.601,0,1
51,9,24,0.409,0,0
47,10,28,0.632,0,0
40,8,39,0.665,1,0
40,11,45,0.437,0,0
52,12,46,0.486,1,1
36,10,34,0.372,0,0
52,8,34,0.59,1,1
53,12,31,0.436,1,0
41,16,44,0.723,1,1
51,7,28,0.167,0,0
35,16,37,0.591,1,1
46,12,28,0.467,1,1
48,13,35,0.445,1,1
31,13,47,0.462,0,1
17,9,37,0.285,0,0
44,14,42,0.591,1,0
29,10,44,0.348,0,0
41,13,30,0.461,1,1
42,14,29,0.333,0,0
34,13,32,0.485,1,0
61,10,53,0.521,1,1
17,12,56,0.688,1,0
39,10,43,0.622,1,1
47,10,42,0.35,0,0
34,11,37,0.674,1,1
49,11,47,0.517,0,1
47,9,45,0.24,0,0
31,16,48,0.515,1,0
46,8,32,0.252,0,1
29,8,29,0.605,1,0
41,13,35,0.751,1,1
42,11,9,0.57,1,0
41,15,64,0.971,1,1
17,3,41,0.354,1,0
17,13,31,0.389,1,0
38,10,36,0.514,0,1
45,6,46,0.548,0,1
24,14,51,0.616,1,1
46,10,12,0.372,0,1
30,13,39,0.809,1,1
31,14,56,0.368,1,1
44,11,42,0.56,1,1
38,7,52,0.325,1,1
21,11,46,0.244,0,0
58,9,42,0.442,0,1
40,12,35,0.76,1,1
32,8,37,0.74,1,1
50,8,35,0.426,1,0
57,15,46,0.545,1,1
36,13,40,0.835,1,1
22,9,37,0.537,0,0
50,14,51,0.278,1,1
38,11,65,0.892,1,1
33,9,61,0.2,1,0
51,7,40,0.485,0,0
17,13,32,0.397,0,0
17,10,43,0.782,1,0
24,11,37,0.234,0,0
42,12,58,0.371,1,1
17,14,48,0.255,1,1
29,8,61,0.339,1,0
35,13,41,0.56,1,0
25,12,50,0.786,1,1
39,11,30,0.313,0,0
33,16,18,0.413,1,0
31,10,48,0.942,1,0
25,12,45,0.701,1,1
32,11,29,0.429,1,1
44,15,62,0.588,1,1
66,14,30,0.538,1,0
38,12,42,0.212,1,0
61,10,67,0.375,1,0
17,13,37,0.703,0,0
47,9,28,0.213,0,1
59,10,17,0.232,0,0
39,6,36,0.38,0,0
42,11,40,0.118,0,1
23,10,22,0.599,1,0
40,11,30,0.411,0,0
31,11,42,0.36,0,0
60,14,36,0.569,0,1
75,13,43,0.543,0,0
27,9,44,0.473,0,0
25,10,45,0.135,1,0
48,9,47,0.188,1,0
38,13,34,0.402,0,1
47,9,57,0.709,1,1
57,10,27,0.572,0,1
18,9,28,0.786,1,1
46,10,19,0.692,0,0
51,12,38,0.621,1,1
53,11,18,0.507,0,0
27,6,25,0.41,0,0
20,9,48,0.706,1,1
38,13,50,0.509,1,0
44,12,14,0.524,0,0
35,14,49,0.77,1,1
17,5,42,0.492,0,0
24,13,59,0.535,1,1
72,11,30,0.593,1,0
50,10,51,0.482,0,1
18,8,40,0.247,0,0
20,12,44,0.427,0,0
38,10,38,0.79,0,0
50,14,44,0.427,1,1
36,8,33,0.464,1,0
50,16,49,0.172,1,1
61,8,35,0.601,1,0
49,13,43,0.327,1,0
39,8,51,0.22,0,0
19,10,39,0.454,0,0
36,6,44,0.353,0,0
25,12,31,0.182,0,1
33,15,20,0.567,1,0
35,5,39,0.528,0,0
65,8,40,0.381,0,0
35,11,44,0.385,1,0
41,11,30,0.355,1,0
24,13,44,0.573,1,0
50,10,42,0.671,1,1
46,9,36,0.375,0,1
18,10,31,0.5,0,1
44,10,63,0.474,1,1
46,8,62,0.309,1,0
24,11,55,0.315,1,0
49,15,51,0.611,1,1
41,15,32,0.048,0,1
36,13,19,0.468,1,0
48,11,52,0.837,1,1
30,12,35,0.286,0,0
41,11,58,0.355,0,1
27,11,64,0.556,1,0
30,11,40,0.342,0,0
39,11,31,0.856,1,1
40,8,38,0.26,0,0
29,16,38,0.697,1,1
41,3,51,0.403,0,0
38,9,35,0.036,0,0
27,11,31,0.344,1,0
55,16,42,0.411,1,1
47,11,38,0.591,1,0
25,16,12,0.0,0,1
41,12,26,0.271,0,0
17,10,27,0.084,0,0
24,10,30,0.289,0,0
25,13,42,0.558,1,1
49,11,44,0.2,0,1
65,10,20,0.313,0,0
51,9,32,0.588,1,0
36,12,24,0.316,0,1
43,6,19,0.127,1,1
29,5,46,0.572,1,0
30,8,24,0.632,0,0
38,8,50,0.336,0,1
55,15,34,0.491,1,0
23,10,48,0.503,1,1
17,16,40,0.732,1,1
50,12,52,0.847,1,1
28,10,50,0.601,1,1
39,8,64,0.622,1,0
47,10,51,0.713,1,0
28,12,46,0.169,0,0
35,13,26,0.763,1,1
17,14,49,0.61,1,1
52,10,21,0.4,1,0
34,7,50,0.598,1,0
26,7,24,0.341,0,0
17,10,21,0.762,1,0
26,9,40,0.786,1,1
21,11,35,0.454,0,0
55,9,28,0.342,1,1
39,11,53,0.176,0,0
33,11,36,0.501,1,0
17,8,61,0.356,1,0
37,10,51,0.712,1,0
55,8,23,0.47,0,0
35,16,50,0.597,1,1
52,15,44,0.297,1,1
54,12,37,0.519,0,0
17,12,39,0.562,1,1
32,11,32,0.465,0,0
47,13,38,0.749,1,1
57,9,40,0.506,1,1
42,9,41,0.461,1,0
69,14,26,0.632,1,1
17,4,30,0.187,0,0
33,11,25,0.447,1,1
47,13,73,0.629,1,1
23,14,42,0.586,0,1
57,15,40,0.775,1,1
31,15,51,0.575,1,0
25,7,32,0.822,1,0
30,9,39,0.324,0,0
62,6,42,0.709,1,0
19,13,38,0.639,1,0
43,9,35,0.418,1,0
59,9,26,0.373,0,1
56,12,40,0.404,0,1
28,13,38,0.74,0,1
32,9,45,0.347,0,1
41,12,44,0.53,0,1
48,13,44,0.617,0,0
52,14,66,0.306,1,1
25,10,11,0.207,0,0
17,7,32,0.59,0,0
53,14,42,0.422,1,1
42,15,52,0.76,1,1
42,14,50,0.413,1,1
68,13,32,0.594,1,1
27,9,30,0.193,0,0
31,10,43,0.788,1,1
46,11,34,0.503,1,1
35,12,31,0.54,1,1
45,16,49,0.197,1,1
48,11,55,0.68,1,0
19,10,45,0.465,1,0
37,8,28,0.463,0,0
36,10,25,0.469,0,1
53,11,32,0.51,1,0
35,1,29,0.281,0,0
50,9,19,0.0,0,0
55,14,49,0.848,1,0
48,11,42,0.283,0,0
19,9,40,0.273,0,1
52,12,39,0.547,0,0
35,8,17,0.458,1,0
40,12,57,0.272,0,1
17,11,46,0.421,1,1
50,10,47,0.489,1,1
31,13,50,0.683,1,0
34,6,39,0.651,1,0
45,11,37,0.383,0,1
27,10,36,0.296,0,0
41,10,33,0.376,1,0
20,14,45,0.486,0,0
53,8,55,0.397,1,1
44,15,26,0.216,0,1
42,13,39,0.513,1,0
58,14,65,0.162,1,1
60,12,58,0.58,1,1
21,12,40,0.919,1,1
60,12,33,0.418,0,0
31,11,45,1.0,1,1
59,7,24,0.374,1,1
45,13,34,0.213,1,1
35,10,37,0.451,0,0
47,12,37,0.389,1,1
21,14,34,0.305,1,0
42,12,23,0.588,1,1
61,9,50,0.552,1,0
43,11,43,0.017,1,0
56,10,38,0.527,0,1
44,13,37,0.212,1,0
36,7,43,0.645,1,0
43,7,30,0.403,0,0
54,12,23,0.0,0,1
42,9,28,0.272,1,0
28,9,22,0.674,0,0
34,7,43,0.442,0,0
57,7,33,0.585,0,0
24,11,57,0.209,1,0
49,11,32,0.629,1,1
58,13,41,0.794,1,1
33,11,57,0.553,0,0
53,12,44,0.68,1,1
46,7,31,0.206,0,0
34,14,24,0.653,1,1
27,14,43,0.553,1,0
31,12,20,0.22,0,1
25,11,38,0.365,1,0
57,11,31,0.507,1,1
83,14,51,0.747,1,1
25,14,61,0.621,1,1
47,13,28,0.622,1,1
56,13,54,0.611,1,0
17,15,56,0.61,1,1
49,9,47,0.558,0,0
47,9,54,0.881,1,0
22,11,48,0.48,1,1
41,10,38,0.329,1,0
41,13,34,0.706,1,0
56,13,61,0.724,1,1
45,16,53,0.423,1,1
33,12,32,0.713,1,1
48,9,48,0.545,1,1
25,8,46,0.702,0,0
17,8,45,0.504,0,0
17,7,51,0.635,0,0
36,9,45,0.597,1,0
23,10,32,0.448,1,0
17,9,48,0.758,1,0
36,9,36,0.312,1,1
32,7,22,0.359,0,1
50,6,40,0.146,1,0
51,13,40,0.243,1,0
35,13,33,0.384,0,0
32,13,38,0.404,1,0
51,9,32,0.457,0,0
23,8,25,0.475,0,0
50,10,41,0.302,0,0
17,7,50,0.686,1,1
47,15,41,0.57,1,1
61,12,30,0.377,1,1
37,7,54,1.0,1,1
34,15,29,0.381,1,0
38,8,25,0.53,1,1
20,12,57,0.662,1,0
45,13,36,0.607,0,0
30,14,41,0.393,1,1
46,12,44,0.323,1,0
36,6,29,0.461,0,0
26,13,40,0.63,1,1
35,14,40,0.741,1,1
34,9,42,0.366,0,0
37,14,27,0.235,1,1
39,12,48,0.045,0,0
39,12,46,0.558,1,1
33,16,30,0.541,1,1
35,12,43,0.329,1,1
17,9,21,0.528,1,1
40,12,18,0.358,0,0
43,12,49,0.371,1,0
50,12,55,0.659,1,1
44,13,54,0.414,1,0
44,13,31,0.743,1,0
31,11,26,0.465,1,0
48,12,55,0.635,1,1
50,6,63,0.45,0,0
33,14,41,0.479,1,0
32,13,42,0.306,1,0
52,13,52,0.111,0,0
17,13,57,0.292,1,1
35,11,36,0.738,0,1
31,9,58,0.525,1,0
17,9,48,0.71,1,0
18,9,29,0.48,1,0
59,12,42,0.438,0,0
34,12,52,0.654,1,0
44,9,21,0.652,1,0
41,5,46,0.527,0,0
61,10,36,0.063,0,0
44,8,39,0.661,1,1
34,10,38,0.833,1,1
42,6,38,0.0,0,0
35,12,36,0.823,1,0
28,13,36,0.729,1,1
26,9,24,0.592,0,0
68,12,53,0.577,0,1
25,13,52,0.183,1,0
47,10,44,0.622,0,0
30,5,30,0.558,0,0
28,11,50,0.735,1,1
21,11,46,0.517,1,0
31,14,51,0.498,1,0
17,10,32,0.476,0,0
29,14,58,0.632,1,0
46,10,43,0.456,0,0
60,12,41,0.099,0,0
51,9,40,0.721,1,1
76,13,41,0.508,0,1
40,16,33,0.593,1,1
32,11,37,0.62,0,1
33,10,30,0.709,1,1
39,9,42,0.589,1,0
17,9,28,0.381,1,0
39,16,48,0.507,1,1
34,6,46,0.099,0,0
48,13,47,0.537,1,1
54,11,60,0.678,1,1
34,9,42,0.565,1,1
40,9,44,0.63,1,0
54,15,46,0.432,1,1
21,9,32,0.518,1,0
38,10,33,0.322,1,0
32,7,58,0.239,0,1
43,14,47,0.55,1,1
33,15,26,0.598,0,1
50,13,41,0.429,1,1
53,10,37,0.774,1,1
35,8,60,0.599,1,1
48,15,59,0.576,1,1
23,13,60,0.542,1,0
61,16,34,0.548,1,1
46,9,42,0.785,0,0
51,12,47,0.353,0,1
51,10,36,0.705,1,1
41,9,29,0.76,1,0
26,11,37,0.654,1,0
58,11,29,0.35,0,0
34,8,42,0.388,0,0
34,12,43,0.557,1,0
48,10,30,0.162,0,1
54,11,50,0.524,1,1
51,14,43,0.34,0,0
57,14,38,0.427,0,0
51,12,35,0.417,0,0
46,8,38,0.225,0,0
46,12,38,0.698,1,1
17,13,30,0.702,1,1
43,13,51,0.551,1,1
52,11,65,0.435,1,1
34,13,12,0.939,1,1
28,7,32,0.354,0,0
34,11,30,0.571,0,0
58,11,40,0.546,1,1
17,10,31,0.412,1,0
47,13,42,0.582,1,0
46,10,44,0.708,1,1
28,13,37,0.591,1,0
31,13,35,0.805,1,1
34,10,49,0.552,1,0
40,11,29,0.54,1,0
52,9,42,0.63,1,0
52,9,24,0.452,1,0
20,10,31,0.31,1,0
42,11,34,0.456,1,1
44,13,38,0.338,0,1
40,13,37,0.275,1,0
47,11,49,0.976,1,0
22,10,34,0.42,0,0
22,12,59,0.591,1,0
43,14,35,0.213,0,1
59,12,50,0.665,1,1
17,13,47,0.844,1,1
28,12,26,0.616,1,1
33,11,31,0.483,0,1
17,10,35,0.437,0,0
35,16,69,0.332,1,1
48,12,37,0.432,1,1
63,14,37,0.888,1,1
51,13,51,0.573,1,1
57,13,44,0.46,1,1
44,16,28,0.618,1,1
20,14,40,0.688,1,1
33,14,49,0.702,1,1
53,15,23,0.656,1,1
29,7,28,0.361,0,1
60,13,31,0.398,1,0
48,11,41,0.238,1,1
31,9,26,0.459,1,1
40,11,49,0.345,1,0
45,10,46,0.652,1,1
34,13,41,0.515,0,1
38,13,51,0.677,1,1
28,10,36,0.134,1,0
17,11,57,1.0,1,0
33,11,30,0.362,0,1
51,15,43,0.54,1,1
66,16,38,0.515,1,0
25,12,38,0.612,1,0
50,15,17,0.557,1,1
27,5,46,0.434,0,0
34,9,39,0.532,0,0
58,13,51,0.335,1,1
43,16,37,0.581,1,0
40,10,46,0.166,0,0
27,8,40,0.697,0,0
30,13,30,0.39,1,1
37,11,37,0.635,0,0
25,11,39,0.559,0,0
48,4,57,0.349,1,0
17,10,25,0.481,0,0
41,11,43,0.521,1,0
17,14,47,0.665,1,1
38,12,48,0.563,1,1
33,14,52,0.767,1,1
38,12,31,0.272,1,0
34,11,59,0.808,1,0
43,7,30,0.472,0,0
35,8,38,0.855,1,0
17,7,29,0.375,0,0
48,10,53,0.442,1,1
43,10,56,0.476,1,0
56,13,44,0.567,1,0
44,12,43,0.681,1,1
39,8,53,0.257,1,0
17,13,42,0.802,1,0
18,14,41,0.706,1,1
73,12,40,0.532,0,1
28,11,48,0.049,0,0
55,16,28,0.595,1,0
31,14,36,0.397,0,0
31,7,41,0.547,1,0
57,7,55,0.389,1,0
35,14,50,0.483,1,1
27,13,34,0.691,1,1
41,15,36,0.533,1,1
55,8,45,0.635,1,1
30,9,37,0.007,0,0
31,12,48,0.772,1,1
24,9,18,0.211,0,0
37,12,21,0.501,1,1
68,10,27,0.658,0,1
43,14,43,0.652,1,0
27,9,25,0.218,0,0
39,12,60,0.339,1,1
38,12,33,0.652,0,0
39,12,34,0.318,0,1
38,6,42,0.474,1,0
30,11,45,1.0,1,0
28,11,36,0.567,0,0
57,9,32,0.376,1,0
31,11,49,0.646,1,0
55,12,47,0.137,1,0
69,14,51,0.923,1,1
21,10,50,0.79,1,1
25,9,36,0.221,0,0
48,13,21,0.557,1,1
29,7,33,0.543,1,0
34,13,48,0.355,1,0
44,10,39,0.738,1,0
44,8,29,0.38,0,1
49,15,51,0.47,1,1
17,14,39,0.71,1,1
23,12,40,0.406,1,1
51,14,47,0.491,1,1
64,14,36,0.909,1,1
46,15,49,0.573,1,1
17,11,50,0.261,0,0
60,10,40,0.562,1,0
29,11,35,0.006,0,1
40,14,39,0.388,0,1
17,9,52,0.514,1,1
25,10,40,0.666,0,0
17,9,50,0.506,0,0
37,10,44,0.469,0,1
52,13,45,0.632,1,1
47,13,56,0.56,1,1
37,12,44,0.587,1,1
21,15,38,0.64,1,0
43,11,35,0.458,0,1
27,12,23,0.5,1,0
22,11,40,0.566,1,0
44,13,40,0.836,1,1
36,13,40,0.044,1,1
42,13,57,0.361,1,1
34,9,27,0.146,0,0
51,9,30,0.269,0,0
46,13,56,0.683,1,1
34,9,26,0.399,0,0
42,16,37,0.273,1,1
57,10,30,0.471,1,1
64,12,41,0.77,1,1
59,14,39,0.604,1,1
46,13,40,0.732,1,1
51,11,58,0.343,1,0
44,10,50,0.676,1,0
17,9,50,0.593,1,0
42,14,40,0.413,1,1
27,10,53,0.691,1,1
39,9,29,0.433,0,1
62,7,34,0.219,0,0
35,9,50,0.787,1,1
36,14,37,0.684,1,1
36,16,43,0.553,1,0
18,13,36,0.496,0,0
33,13,39,0.336,1,0
38,14,34,0.651,0,0
30,6,3,0.419,0,0
38,11,23,0.498,1,1
26,15,51,0.256,1,0
51,15,29,0.654,1,0
52,14,38,0.455,1,1
36,13,44,0.467,1,1
20,10,35,0.615,1,0
53,11,31,0.198,0,0
49,9,51,0.617,1,0
40,16,31,0.487,1,1
35,13,55,0.493,1,1
44,14,28,0.52,1,1
38,7,43,0.488,1,1
37,15,45,0.414,1,1
40,9,24,0.64,0,0
45,11,39,0.319,0,0
48,11,38,0.304,1,0
57,8,41,0.563,0,0
72,7,31,0.521,1,0
52,14,51,0.819,1,1
35,12,45,0.424,1,1
25,11,27,0.981,1,0
46,8,49,0.37,1,0
20,9,28,0.893,1,1
47,15,38,0.697,1,1
51,12,39,0.372,1,0
39,11,57,0.615,1,1
41,9,22,0.468,1,0
40,15,21,0.451,0,0
44,10,36,0.632,1,1
34,10,25,0.275,0,0
54,16,42,0.48,1,1
28,10,30,0.54,0,0
39,11,43,0.513,0,0
62,7,38,0.653,1,0
47,12,48,0.439,1,1
46,7,13,0.639,1,1
46,10,52,0.381,1,1
47,9,37,0.905,1,1
35,13,44,0.726,1,1
17,8,45,0.461,1,1
59,8,43,0.684,0,1
47,13,57,0.478,1,1
36,11,48,0.272,1,1
37,8,50,0.352,1,0
20,12,32,0.545,0,0
61,13,47,0.512,1,1
39,10,36,0.582,1,0
74,13,40,0.845,1,1
17,15,39,0.646,1,1
17,13,33,0.307,0,0
44,11,30,0.178,0,1
52,12,49,0.383,1,1
36,16,53,0.617,1,1
19,8,48,0.395,0,0
40,15,47,0.48,1,1
31,5,38,0.692,0,1
39,11,36,0.504,1,0
25,13,36,0.5,1,0
43,15,48,0.333,0,1
45,10,41,0.584,1,1
29,12,23,0.386,1,0
46,11,59,0.477,0,1
52,8,38,0.907,1,1
21,8,25,0.432,1,0
27,12,53,0.762,1,1
47,10,35,0.809,1,1
51,11,31,0.52,0,1
46,11,43,0.476,0,0
41,6,50,0.264,1,0
64,9,53,0.386,0,1
36,8,38,0.16,0,0
44,13,34,0.571,1,0
62,13,48,0.752,1,1
61,11,39,0.501,1,1
43,8,40,0.346,0,0
61,10,54,0.824,1,1
55,8,42,0.398,0,1
35,11,40,0.79,1,1
50,14,46,0.58,1,1
23,9,44,0.505,0,0
47,15,50,0.412,1,0
17,6,38,0.458,0,0
37,11,38,0.42,1,0
39,13,34,0.703,1,1
30,12,59,0.694,1,0
30,12,40,0.384,1,0
47,13,32,0.698,1,1
50,8,38,0.527,1,0
32,6,30,0.682,0,0
53,16,35,0.371,1,1
64,13,22,0.636,0,0
36,12,19,0.591,0,0
38,12,39,0.465,1,0
46,13,48,0.697,1,0
62,8,36,0.518,1,1
40,10,32,0.533,0,0
39,15,40,0.322,0,1
33,13,40,0.42,1,1
46,6,43,0.262,1,0
43,13,51,0.481,1,1
31,11,52,0.727,1,1
23,11,50,0.407,1,0
48,10,17,0.077,0,0
34,10,35,0.208,0,0
42,13,27,0.468,1,0
45,11,38,0.748,1,1
40,14,43,0.422,1,1
53,10,15,0.626,0,0
35,14,28,0.47,0,0
36,9,45,0.528,1,0
38,12,49,0.194,0,1
42,6,40,0.457,0,0
36,12,36,0.443,1,0
24,11,61,0.29,1,0
22,11,51,0.63,0,1
17,15,38,0.726,1,0
19,12,47,0.733,1,1
34,12,42,0.448,1,0
35,11,45,0.706,1,1
33,9,33,0.586,0,1
45,11,27,0.538,1,0
27,15,23,0.521,0,0
35,11,38,0.421,1,0
33,6,37,0.371,1,0
46,12,44,0.35,0,0
17,9,68,0.167,1,1
57,6,38,0.375,0,0
34,10,57,0.597,0,0
18,13,52,0.968,1,1
44,8,30,0.478,0,0
57,13,50,0.0,0,0
34,12,39,0.52,1,0
50,10,64,0.633,1,0
61,5,32,0.306,0,0
26,6,34,0.417,0,0
17,12,51,0.518,1,1
38,15,35,0.913,1,0
43,13,45,0.614,1,0
42,9,69,0.746,1,1
47,10,52,0.623,0,0
80,13,47,0.504,1,1
50,12,37,0.825,1,1
49,14,65,0.377,1,0
50,14,26,0.264,0,1
23,12,36,0.499,1,1
42,8,48,0.194,0,0
25,7,34,0.384,1,0
23,15,39,0.412,1,1
38,14,40,0.234,1,1
26,15,47,0.887,1,1
52,10,56,0.7,1,0
58,12,43,0.505,1,1
55,7,48,0.429,1,0
32,6,38,0.431,1,1
40,10,26,0.0,0,0
35,12,27,0.586,1,0
24,9,25,0.685,0,0
46,11,49,0.235,0,1
37,5,31,0.223,0,0
39,8,46,0.341,1,0
33,8,38,0.042,0,1
39,8,22,0.786,0,0
17,11,19,0.741,1,0
43,12,16,0.394,0,0
39,15,46,0.604,1,0
35,7,34,0.436,1,1
35,11,52,0.574,1,1
17,15,49,0.539,1,0
32,11,46,0.535,1,1
28,14,55,0.314,1,1
47,8,42,0.4,1,0
60,9,28,0.117,1,0
56,12,53,0.35,1,1
37,14,30,0.775,1,1
41,12,41,0.34,1,1
38,13,42,0.606,1,1
38,14,41,0.54,1,0
54,14,42,0.531,1,0
28,7,44,0.554,0,0
22,9,27,0.212,1,0
45,10,15,0.341,0,0
30,11,45,0.573,1,0
34,13,44,0.78,1,0
51,14,47,0.127,1,1
28,10,32,0.713,0,0
52,11,38,0.114,1,0
51,8,65,0.528,1,1
23,13,32,0.852,1,1
41,10,52,0.364,1,1
45,13,37,0.897,1,1
31,9,39,0.563,0,1
36,8,27,0.456,0,1
23,11,29,0.682,1,1
40,11,62,0.447,1,1
47,14,51,0.482,1,1
41,12,33,0.216,0,1
81,13,41,0.246,1,1
33,10,33,0.575,1,1
46,8,22,0.34,0,0
44,6,38,0.442,0,0
48,10,47,0.961,1,1
33,10,26,0.46,0,0
22,7,34,0.378,0,0
59,11,36,0.59,1,0
21,10,62,0.266,1,0
55,12,48,0.558,1,1
22,8,51,0.475,0,0
33,10,51,0.602,1,1
21,16,29,0.29,1,0
46,13,45,0.806,1,0
46,15,40,0.428,1,0
50,12,31,0.88,1,1
63,11,51,0.752,1,0
49,7,66,0.42,0,0
36,12,46,0.607,1,1
36,12,29,0.359,1,0
34,10,45,0.416,1,1
38,10,23,0.418,1,0
51,13,16,0.46,0,0
48,13,39,0.709,1,1
65,8,36,0.465,1,0
70,11,39,0.492,1,1
36,13,42,0.859,1,0
54,11,36,0.236,1,0
44,8,17,0.552,0,1
52,9,38,0.597,1,0
25,13,41,0.459,1,0
19,11,26,0.78,0,0
46,10,44,0.8,1,0
20,11,24,0.603,0,0
31,11,27,0.788,1,1
46,10,49,0.0,1,1
64,9,40,0.549,1,0
66,14,21,0.531,1,1
59,10,36,0.361,1,1
70,11,53,0.986,1,1
26,7,21,0.338,0,0
27,9,35,0.636,0,0
55,10,36,0.697,0,0
28,15,37,0.294,1,1
51,7,21,0.178,0,0
17,10,59,0.103,0,0
25,10,31,0.368,1,0
38,13,35,0.029,0,1
48,15,51,0.49,1,1
60,15,42,0.662,1,1
17,13,33,0.438,0,0
41,11,20,0.543,0,1
55,15,42,0.215,1,1
30,8,36,0.516,0,0
19,12,36,0.61,0,0
35,9,25,0.041,0,0
57,11,51,0.33,1,0
32,8,32,0.314,0,0
49,10,29,0.671,0,0
47,15,34,0.56,1,1
42,9,33,0.322,1,1
27,6,39,0.481,1,1
30,8,58,0.691,1,0
24,11,30,0.139,0,0
19,7,54,0.963,1,1
42,9,36,0.347,1,0
30,11,22,0.206,0,0
33,13,49,0.657,1,0
34,8,60,0.34,0,1
19,7,50,0.911,1,0
33,10,51,0.481,1,1
19,12,42,0.641,1,0
35,13,47,0.545,1,0
37,15,44,0.677,1,1
49,11,54,0.643,1,0
24,10,36,0.403,1,0
34,9,60,0.681,1,0
20,8,31,0.697,1,0
30,8,47,0.218,0,0
25,11,30,0.446,1,1
45,9,49,0.252,0,0
73,16,61,0.4,1,1
48,13,28,0.291,0,0
35,8,27,0.312,0,0
47,11,45,0.772,1,1
43,13,43,0.447,1,0
41,12,27,0.787,0,1
26,14,48,0.652,1,0
21,12,21,0.326,0,0
57,16,30,0.561,1,1
38,12,41,0.21,1,0
49,9,30,0.315,0,0
30,12,23,0.368,1,0
33,7,35,0.346,1,1
37,9,45,0.773,1,1
17,12,45,0.485,1,0
33,16,44,0.481,1,1
38,10,31,0.296,0,0
54,11,33,0.441,1,0
31,10,49,0.714,1,1
44,13,40,0.707,1,0
67,14,36,0.326,0,0
29,13,40,0.599,1,0
33,12,42,0.681,1,0
30,6,59,0.666,1,0
17,7,46,0.698,1,0
27,10,28,0.282,0,0
17,10,25,0.334,0,0
45,10,41,0.541,1,1
48,13,29,0.134,1,1
38,14,47,0.678,1,1
40,8,23,0.302,0,0
49,15,50,0.226,1,1
63,8,42,0.452,0,0
45,13,40,0.571,1,0
31,15,52,0.646,1,1
30,12,33,0.758,1,1
59,15,39,0.274,1,1
24,7,33,0.647,1,0
17,11,46,0.316,1,0
74,8,7,0.569,0,1
53,13,46,0.749,1,1
17,13,64,0.624,1,0
23,16,49,0.736,1,0
39,12,48,0.529,1,1
29,8,41,0.171,0,1
43,12,39,0.858,1,1
17,13,49,0.757,1,1
40,11,46,0.654,1,1
41,14,35,0.623,1,1
38,13,18,0.262,1,0
54,14,39,0.427,0,1
49,9,40,0.602,1,0
65,10,57,0.091,1,0
53,16,51,0.29,1,1
54,11,31,0.658,0,0
31,8,58,0.379,0,0
40,14,60,0.8,1,1
20,13,25,0.48,0,0
20,11,23,0.197,0,0
43,13,28,0.622,1,0
41,12,65,0.538,1,1
50,11,16,0.552,0,0
39,12,43,0.69,1,0
32,9,41,0.393,1,0
34,16,44,0.731,1,0
36,7,26,0.017,0,0
28,13,24,0.715,1,1
25,16,51,0.772,1,1
17,8,19,0.884,0,0
33,11,43,0.428,1,0
68,14,46,0.774,1,1
35,12,30,0.516,1,1
44,10,43,0.609,1,0
22,11,35,0.415,1,0
42,16,44,0.605,1,1
20,12,23,0.584,0,0
38,14,36,0.593,1,0
42,13,51,0.63,1,0
17,14,55,0.552,1,1
62,9,35,0.555,0,1
17,11,56,0.129,1,0
37,9,36,0.6,1,0
31,12,42,0.668,1,1
44,15,33,0.492,1,1
54,14,24,0.386,1,0
24,10,29,0.615,1,1
49,7,33,0.081,0,0
17,13,36,0.773,1,1
56,14,18,0.273,1,0
24,11,24,0.51,1,1
40,13,49,0.358,1,1
51,15,46,0.596,1,0
40,9,42,0.437,1,1
52,10,32,0.497,1,0
32,14,44,0.462,1,1
39,14,54,0.583,1,1
34,13,71,0.308,1,1
38,13,56,0.536,1,1
64,16,47,0.63,1,1
31,5,46,0.475,0,0
21,15,61,0.596,0,0
55,14,47,0.415,1,1
42,13,37,0.465,1,1
34,8,40,0.502,1,0
19,12,25,0.524,1,0
19,10,28,0.277,1,0
51,13,30,0.451,0,0
24,6,27,0.612,1,0
36,9,55,0.212,1,0
57,12,37,0.325,1,1
33,4,41,0.508,0,0
45,12,54,0.547,1,1
46,11,35,0.654,0,1
41,12,40,0.204,0,0
33,12,17,0.861,1,1
26,10,49,0.354,0,0
48,6,35,0.147,0,0
34,13,40,0.742,1,1
51,13,47,0.543,1,1
35,11,33,0.737,1,1
27,14,23,0.586,1,1
41,10,28,0.793,0,1
44,14,24,0.275,0,0
30,16,71,0.595,1,1
19,14,49,0.674,1,0
24,10,9,0.197,0,0
23,12,43,0.575,1,1
41,10,37,0.496,1,1
28,13,41,0.625,1,0
50,9,33,0.371,0,1
67,12,44,0.096,1,1
44,10,44,0.42,1,0
17,11,31,0.6,1,0
42,9,42,0.619,1,0
34,13,16,0.685,0,0
42,9,49,0.504,1,0
25,14,38,0.362,1,0
50,8,37,0.903,0,0
43,11,40,0.508,1,0
33,9,23,0.046,0,0
41,4,43,0.453,1,0
68,12,41,0.737,1,0
45,6,24,0.279,0,0
38,10,10,0.271,0,0
40,9,27,0.303,0,0
48,13,22,0.319,0,0
49,11,21,0.473,0,1
21,10,33,0.305,0,0
33,9,55,0.613,1,1
47,12,40,0.625,1,1
35,11,23,0.41,0,0
44,7,32,0.287,0,0
53,12,32,0.551,1,0
35,8,55,0.385,0,0
44,6,42,0.257,0,1
35,14,34,0.128,0,1
37,7,22,0.57,1,0
56,10,35,0.783,1,1
60,16,44,0.344,1,1
25,6,45,0.605,0,0
31,10,38,0.355,0,1
46,13,36,0.305,1,1
48,10,61,0.526,1,1
55,11,52,0.651,1,1
22,10,47,0.321,1,0
30,12,40,0.612,1,0
47,13,56,0.358,0,1
26,11,25,0.574,1,0
43,9,31,0.644,1,0
51,12,51,0.653,1,1
30,14,49,0.428,1,1
32,16,29,0.451,1,1
29,15,34,0.47,1,1
17,12,49,0.352,1,0
57,10,38,0.369,1,0
18,11,33,0.309,1,0
51,15,41,0.514,0,0
51,12,24,0.708,0,1
34,10,60,0.552,1,1
51,12,50,0.696,1,1
40,9,36,0.691,1,0
44,10,16,0.673,0,0
48,14,40,0.113,0,0
25,11,36,0.732,1,1
51,15,37,0.519,1,1
52,12,34,0.327,0,0
24,10,28,0.493,1,1
27,11,46,0.811,1,1
17,12,37,0.438,1,1
45,11,47,0.682,1,1
58,10,53,0.582,1,0
50,12,12,0.488,0,1
55,10,20,0.496,0,1
40,12,31,0.185,0,0
51,10,44,0.443,1,0
36,10,60,0.332,1,0
44,9,39,0.083,0,1
30,16,45,0.343,1,1
33,6,38,0.323,0,0
33,16,59,0.787,1,1
49,13,35,0.612,1,0
57,16,75,0.764,1,1
42,12,49,0.581,1,1
51,13,50,0.428,1,0
48,12,39,0.698,0,0
34,10,36,0.506,0,1
35,15,42,0.442,0,0
18,9,37,0.582,1,1
22,11,35,0.57,1,0
17,12,45,0.302,0,0
52,14,57,0.294,1,1
48,10,42,0.282,1,0
17,8,45,0.825,0,0
52,11,33,0.654,1,0
24,8,44,0.59,0,0
30,9,27,0.697,1,0
53,11,51,0.588,1,1
35,13,38,0.79,0,1
48,9,25,0.212,0,0
60,10,37,0.474,0,0
30,11,40,0.661,1,0
47,13,47,0.545,1,1
43,14,35,0.795,1,1
54,15,26,0.563,1,1
37,9,51,0.692,1,1
54,8,53,0.556,0,1
52,9,56,0.462,0,1
39,16,51,0.56,1,1
64,8,33,0.442,0,0
36,13,24,0.286,1,0
44,9,26,0.29,0,1
19,11,29,0.6,1,0
31,7,44,0.4,0,0
39,11,50,0.32,0,1
43,10,33,0.597,1,1
43,11,37,0.224,1,0
27,11,49,0.568,1,1
43,4,31,0.424,0,0
41,12,34,0.625,1,1
29,10,50,0.27,1,1
53,8,30,0.954,1,1
30,11,52,0.616,1,1
17,8,50,0.624,0,0
48,8,24,0.608,0,0
21,10,42,0.755,1,0
35,11,33,0.249,0,0
29,11,51,0.471,0,0
28,13,41,0.328,1,0
27,11,41,0.494,0,0
28,9,36,0.364,0,0
21,11,56,0.597,1,1
46,11,62,0.879,1,1
24,10,42,0.276,0,0
25,14,37,0.653,1,1
48,13,36,0.422,0,0
27,10,41,0.565,1,0
17,10,52,0.155,0,0
28,10,45,0.507,1,1
55,13,48,0.334,1,1
43,15,54,0.815,1,1
35,10,44,0.608,1,1
17,13,57,0.538,1,0
49,13,15,0.239,0,0
41,13,74,0.545,1,0
70,13,46,0.581,1,1
27,14,54,0.484,1,1
33,9,46,0.422,1,1
21,12,42,0.636,1,1
35,9,52,0.531,1,0
36,11,42,0.196,0,0
37,12,32,0.416,1,1
57,12,49,0.418,1,0
50,9,47,0.397,0,0
33,9,54,1.0,1,0
36,8,30,0.356,1,0
37,11,58,0.736,1,0
20,10,43,0.529,0,1
20,12,32,0.485,0,1
21,13,62,0.589,1,1
34,9,39,0.638,1,1
43,11,59,0.225,1,0
30,11,37,0.672,1,0
32,10,33,0.338,0,0
27,6,45,0.775,0,0
44,13,51,0.47,1,1
36,15,46,0.754,1,1
63,14,39,0.81,1,1
35,16,44,0.818,1,1
32,9,36,0.596,1,0
50,12,36,0.428,1,1
67,16,15,0.548,1,1
42,15,49,0.412,1,0
43,10,40,0.353,1,1
60,13,48,0.81,1,1
29,11,27,0.481,0,1
50,8,44,0.344,0,0
32,15,49,0.57,0,1
46,11,33,0.567,0,0
37,11,53,0.611,1,0
44,9,44,0.754,1,0
32,15,29,0.636,1,1
34,12,34,0.553,1,1
54,9,36,0.797,1,0
23,9,21,0.239,0,0
24,10,28,0.314,1,0
43,15,26,0.241,1,1
49,9,37,0.441,0,0
17,14,62,0.569,1,0
29,9,35,0.515,0,0
21,14,47,0.268,1,0
43,11,54,0.288,0,1
53,7,33,0.393,0,1
22,12,40,0.269,1,1
41,12,43,0.215,0,0
71,9,47,0.542,0,1
40,13,38,0.116,1,0
35,12,28,0.73,1,1
43,9,44,0.309,1,1
41,15,54,0.45,1,1
32,10,30,0.686,1,1
32,12,51,0.447,1,0
42,7,38,0.341,0,1
55,14,37,0.362,0,0
23,8,25,0.453,0,0
38,8,47,0.927,1,0
17,16,32,0.478,1,0
28,12,36,0.23,0,1
28,10,35,0.325,0,0
32,14,68,0.815,1,1
36,10,45,0.27,1,0
32,12,51,0.492,0,0
51,11,36,0.533,1,1
36,11,44,0.823,1,1
30,13,47,0.672,1,1
30,13,44,0.633,0,0
22,15,54,0.654,1,0
36,13,44,0.351,1,1
34,11,28,0.416,0,0
17,12,35,0.773,1,0
50,10,25,1.0,1,1
41,11,54,0.537,1,0
42,10,25,0.516,1,1
38,9,39,0.397,0,1
40,13,51,0.448,1,1
45,10,68,0.507,1,1
40,8,42,0.824,0,0
47,10,37,0.251,0,1
25,14,54,0.416,1,1
40,9,47,0.233,0,0
55,9,35,0.559,0,0
34,9,26,0.129,0,0
19,10,47,0.503,1,1
36,10,43,0.325,0,0
45,13,48,0.87,1,1
51,8,28,0.315,0,0
48,12,24,0.24,0,0
33,13,39,0.803,1,0
33,10,42,0.785,1,0
51,8,30,0.752,0,0
24,11,32,0.038,0,0
56,15,48,0.551,1,1
28,9,42,0.669,1,0
37,11,50,0.456,1,0
49,6,49,0.471,1,0
53,10,24,0.617,1,0
44,16,53,0.348,1,0
28,11,56,0.388,1,0
39,11,39,0.301,0,0
56,9,43,0.506,1,1
44,11,33,0.588,1,0
41,9,32,0.98,1,0
54,11,37,0.545,1,1
54,11,50,0.472,1,0
41,8,49,0.324,0,0
24,10,43,0.607,1,0
53,11,56,0.261,1,1
53,10,48,0.447,1,1
17,12,41,0.38,1,1
50,8,33,0.716,1,1
49,14,49,0.34,0,0
25,11,28,0.637,0,1
52,8,32,0.526,0,0
33,14,53,0.496,1,0
17,15,44,0.597,1,1
54,7,51,0.287,0,1
33,16,44,0.513,1,1
26,9,21,0.484,1,0
42,10,32,0.857,1,1
64,13,49,0.706,1,0
31,10,47,0.421,1,1
50,14,46,0.644,1,1
44,9,74,0.36,1,1
48,11,46,0.387,1,0
31,11,49,0.0,1,0
57,16,45,0.714,1,1
52,15,44,0.566,1,1
33,6,35,0.203,1,0
35,14,52,0.658,1,1
25,9,46,0.667,1,0
17,11,38,0.256,0,0
31,6,30,0.433,0,0
44,8,47,0.463,1,1
54,8,30,0.374,0,0
40,13,26,0.568,1,1
32,7,61,0.53,1,0
32,14,24,0.522,0,0
58,13,48,0.693,1,1
39,9,31,0.579,1,0
20,13,31,0.424,1,0
45,16,40,0.278,0,0
20,10,35,0.665,0,0
33,14,43,0.921,1,0
42,12,44,0.495,1,0
35,13,25,0.491,1,1
36,11,16,0.788,0,0
42,16,54,0.464,1,1
53,8,44,0.339,0,1
24,9,49,0.485,0,0
38,16,27,0.587,1,0
33,5,51,0.617,1,0
41,10,27,0.528,0,1
53,8,35,0.523,1,0
28,13,31,0.608,1,1
51,13,47,0.524,1,1
33,11,45,0.373,1,1
44,15,60,0.305,1,0
68,12,32,0.686,1,1
48,6,25,0.192,0,0
48,12,43,0.62,1,0
38,7,15,0.139,0,0
38,14,36,0.56,1,1
27,14,65,0.679,1,0
23,12,45,0.596,1,1
49,14,42,0.37,0,0
32,9,41,0.605,1,0
39,9,32,0.389,0,1
17,16,51,0.562,1,1
44,7,17,0.351,0,0
50,7,28,0.563,1,1
34,10,43,0.453,0,0
34,11,54,0.69,1,0
52,14,49,0.32,1,1
57,8,40,0.35,0,1
36,16,15,0.737,1,1
29,9,22,0.723,1,0
44,8,34,0.603,0,0
32,13,41,0.582,1,1
17,12,42,0.693,1,1
36,10,34,0.366,0,1
34,15,36,0.87,1,0
47,12,40,0.574,1,0
17,11,33,0.622,0,0
46,13,20,0.516,1,1
53,12,35,0.486,1,1
30,10,50,0.592,1,1
18,13,58,0.421,1,0
29,10,40,0.526,0,0
30,13,52,0.702,1,0
62,16,59,0.683,1,1
41,14,54,0.652,1,1
33,5,41,0.2,1,0
63,12,44,0.366,1,1
51,13,42,0.439,1,1
33,16,39,0.438,1,1
38,11,43,0.322,0,0
26,16,38,0.882,1,1
42,8,36,0.496,0,0
55,15,35,0.548,1,1
41,9,38,0.376,1,0
36,12,40,0.733,1,1
40,12,29,0.48,1,0
38,13,45,0.282,0,0
73,11,30,0.885,1,1
34,16,38,0.689,1,1
48,13,34,0.269,1,1
19,10,48,0.598,0,0
17,9,28,0.866,0,0
17,14,62,0.566,1,1
29,15,45,0.351,0,1
18,9,27,0.52,0,0
43,14,57,0.431,0,1
56,10,31,0.372,1,1
45,12,43,0.647,1,1
29,10,48,0.8,1,0
55,13,51,0.601,1,1
59,11,46,0.729,1,1
45,8,38,0.662,1,1
32,13,53,0.785,1,1
37,11,25,0.648,1,0
53,11,34,0.62,0,0
38,9,54,0.574,1,0
54,12,53,0.56,0,1
56,11,55,0.349,0,1
28,13,46,0.66,1,1
23,13,41,0.586,1,0
35,9,49,0.438,1,1
37,16,34,0.674,0,0
60,12,67,0.62,1,1
19,10,34,0.618,1,0
44,13,53,0.834,1,1
42,10,27,0.658,0,1
28,9,43,0.31,0,0
46,14,18,0.437,1,0
32,9,28,0.629,0,1
24,8,47,0.321,0,0
50,10,49,0.397,1,0
57,10,61,0.775,1,0
64,10,42,0.446,1,0
46,8,21,0.525,0,0
43,12,30,0.344,1,0
56,7,33,0.251,0,0
41,15,46,0.613,1,0
23,6,37,0.404,0,1
25,11,33,0.61,0,0
51,9,38,0.761,1,1
44,12,47,0.428,1,0
18,7,41,0.28,0,1
38,14,18,0.311,0,0
47,15,40,0.402,1,1
28,16,69,0.437,1,0
61,12,48,0.426,1,0
53,13,51,0.792,1,1
56,16,39,0.381,1,0
78,8,44,0.446,1,1
48,8,53,0.315,0,0
29,11,34,0.603,1,0
39,11,58,0.6,1,0
33,16,40,0.292,0,0
56,8,31,0.827,1,0
35,12,31,0.688,1,1
37,12,45,0.288,1,0
24,6,50,0.495,1,1
20,11,37,0.446,1,0
62,10,70,0.79,1,1
66,12,49,0.59,1,1
20,11,61,0.452,1,0
17,8,33,0.686,1,1
37,12,49,0.585,1,1
28,8,54,0.763,1,0
58,7,40,0.271,0,0
33,11,28,0.698,0,0
40,9,23,0.505,1,1
29,9,47,0.359,0,1
33,13,38,0.273,1,0
46,16,42,0.505,1,1
26,14,53,0.565,1,1
23,9,43,0.982,1,1
63,9,51,0.683,1,1
26,7,40,0.247,0,0
17,11,38,0.379,1,0
43,7,43,0.562,0,0
41,14,47,0.824,1,1
56,9,36,0.464,0,0
52,13,43,0.483,1,1
40,14,48,0.742,1,1
43,10,61,0.703,1,1
24,11,14,0.257,0,0
37,8,36,0.554,1,1
34,9,40,0.39,0,1
50,10,41,0.786,1,0
29,13,21,0.57,1,0
26,15,40,0.436,1,0
42,16,53,0.618,1,1
31,16,36,0.687,1,1
28,8,33,0.226,0,0
54,14,23,0.552,1,0
63,14,26,0.278,0,0
24,12,34,0.404,1,0
46,9,38,0.265,1,1
32,8,34,0.224,1,0
60,12,37,0.399,0,1
48,12,37,0.672,1,1
27,10,31,0.193,0,0
32,9,46,0.279,1,1
43,11,17,0.162,0,0
36,12,36,0.0,0,0
35,14,51,0.608,0,0
28,12,41,0.432,1,0
45,13,59,0.511,1,1
52,13,32,0.41,0,1
19,12,44,0.55,1,1
39,10,69,0.536,1,1
34,11,15,0.636,0,1
24,11,31,0.585,1,0
42,10,31,0.186,0,0
55,5,29,0.3,0,0
44,9,34,0.604,1,0
36,7,51,0.713,1,0
17,10,32,0.532,0,0
40,11,33,0.573,1,0
42,10,36,0.217,1,0
41,16,41,0.264,1,1
45,6,37,0.212,0,0
31,14,52,0.77,1,1
18,7,38,0.648,0,0
41,9,14,0.188,0,0
38,9,34,0.329,0,0
42,11,48,0.501,1,1
57,6,48,0.202,0,1
56,6,30,0.587,0,0
44,16,43,0.634,1,1
33,8,39,0.464,0,0
51,10,40,0.588,1,0
36,12,57,0.255,1,1
42,9,63,0.76,1,0
26,12,44,0.471,1,0
33,13,34,0.434,1,0
35,12,41,0.247,0,1
25,13,68,0.534,1,1
45,8,46,0.367,0,1
26,14,40,0.69,1,1
27,12,71,0.751,1,1
42,14,55,0.422,1,1
34,12,30,0.753,0,0
30,7,36,0.312,0,0
42,11,36,0.218,0,0
36,14,41,0.959,1,1
23,12,43,0.32,0,1
32,8,45,0.433,0,0
25,9,24,0.065,0,0
64,12,10,0.557,0,0
18,11,47,0.592,1,0
58,8,38,0.924,1,1
53,12,37,0.33,0,1
41,13,37,0.244,1,1
26,12,69,0.394,1,1
34,9,34,0.432,0,0
41,11,19,1.0,1,1
75,13,37,0.627,1,1
41,11,34,0.493,0,0
17,10,29,0.567,0,0
41,13,39,0.489,1,1
44,8,37,0.522,1,1
34,11,35,0.428,0,0
40,14,58,0.538,1,0
51,11,51,0.798,1,1
17,13,18,0.419,0,0
31,10,36,0.582,1,1
33,11,42,0.539,1,1
63,5,31,0.57,0,1
38,7,25,0.517,1,0
45,12,36,0.506,1,1
41,12,22,0.428,0,0
62,14,36,0.649,1,0
59,9,45,0.547,1,0
36,12,46,0.33,0,0
29,9,48,0.629,0,0
40,10,39,0.475,1,0
53,11,49,0.615,1,0
17,14,52,0.306,1,0
53,15,30,0.604,1,1
37,9,54,0.389,1,0
38,8,45,0.283,1,0
40,13,35,0.64,1,1
39,14,58,0.702,1,1
40,13,37,0.68,1,1
58,12,36,0.849,1,0
40,10,29,0.59,1,0
47,11,46,0.717,1,1
58,12,32,0.433,0,1
43,13,35,0.599,1,1
32,10,70,0.642,1,0
38,9,16,0.608,0,0
38,10,38,0.049,0,0
54,10,36,0.619,1,1
58,10,34,0.679,1,0
23,12,38,0.471,1,0
54,4,46,0.676,1,0
56,11,57,0.478,1,1
17,13,35,0.155,1,0
40,6,46,0.505,0,1
55,8,30,0.083,0,0
50,16,63,0.085,0,1
46,12,31,0.551,1,0
17,13,42,0.545,1,0
30,10,36,0.858,1,1
48,15,36,0.441,1,1
24,12,27,0.307,1,0
26,13,17,0.299,0,0
38,13,13,0.177,0,0
54,12,30,0.425,0,1
32,14,12,0.688,1,0
32,13,26,0.536,1,1
37,7,39,0.448,1,0
46,9,38,0.208,0,0
59,16,49,0.591,1,0
49,8,37,0.253,0,1
38,12,40,0.757,1,0
50,13,33,0.759,1,1
41,11,43,0.34,0,0
46,5,35,0.564,1,0
34,16,48,0.741,1,0
17,14,50,0.498,0,1
47,6,40,0.891,1,1
61,15,45,0.592,1,0
23,14,37,0.223,1,0
74,13,52,0.627,1,1
52,9,48,0.392,1,0
22,10,51,0.541,0,1
26,9,40,0.532,1,0
35,8,38,0.561,1,1
33,7,33,0.587,1,0
44,4,22,0.173,0,0
25,9,32,0.317,0,0
28,10,30,0.49,0,0
36,11,53,0.338,1,1
24,6,37,0.63,0,0
54,11,31,0.667,1,1
39,9,18,0.585,0,0
26,8,20,0.636,0,0
27,11,54,0.709,0,0
17,10,57,0.578,1,1
54,11,37,0.734,1,1
29,12,48,0.572,1,1
31,11,28,0.514,1,1
55,15,25,0.565,0,0
36,8,32,0.767,0,0
49,12,49,0.759,1,0
23,10,31,0.794,1,1
36,8,48,0.824,1,1
33,14,48,0.277,0,1
30,10,62,0.534,1,1
19,11,27,0.341,1,0
31,12,75,0.709,1,0
24,14,51,0.435,1,1
17,11,37,0.3,0,0
49,11,45,0.845,1,1
38,13,39,0.705,1,1
35,9,42,0.679,1,0
32,15,19,0.471,0,0
41,11,24,0.731,1,1
20,9,46,0.379,0,0
33,8,52,0.556,1,0
50,5,23,0.509,0,0
36,13,35,0.314,0,0
34,16,20,0.622,1,1
40,12,21,0.276,0,0
45,5,24,0.456,0,0
42,10,40,0.32,1,0
46,12,44,0.45,1,1
27,9,57,0.222,0,0
44,11,42,0.248,1,0
61,11,32,0.574,0,1
32,8,29,0.448,0,0
40,7,30,0.599,0,0
43,15,33,0.325,1,0
57,13,58,1.0,1,1
35,8,41,0.85,1,0
38,9,31,0.579,0,0
47,11,39,0.308,0,0
53,9,37,0.528,1,1
35,15,50,0.824,1,1
51,16,22,0.55,1,1
46,10,41,0.424,1,0
37,9,45,0.611,1,0
29,11,40,0.652,1,0
41,15,41,0.492,1,1
68,14,34,0.565,0,0
34,13,42,0.87,1,1
59,14,27,0.347,1,0
47,14,63,0.304,1,0
34,8,26,0.821,1,0
36,11,32,0.306,0,0
42,11,42,0.52,1,1
31,13,51,0.655,1,0
62,10,53,0.767,1,1
32,16,47,0.162,1,1
70,10,35,0.277,0,0
37,13,18,0.67,1,0
26,9,25,0.56,1,0
21,12,51,0.388,1,0
44,9,14,0.39,0,0
44,12,32,0.673,1,1
40,11,33,0.552,1,1
50,13,27,0.669,1,1
45,7,48,0.597,1,0
40,11,49,0.474,1,0
25,11,22,0.825,0,0
55,12,36,0.618,1,1
35,16,52,0.533,1,1
29,8,32,0.43,1,0
44,15,61,0.681,1,1
35,11,32,0.616,1,1
29,8,45,0.745,1,0
30,8,43,0.161,0,1
21,14,28,0.27,1,1
17,8,52,0.525,0,1
41,9,31,0.196,1,0
17,10,40,0.528,1,0
48,12,43,0.427,0,0
72,6,47,0.824,1,1
40,8,49,0.472,0,0
33,9,47,0.73,0,0
28,14,48,0.762,1,1
30,16,37,0.441,1,1
35,16,39,0.598,1,1
29,5,30,0.205,0,0
53,10,30,0.454,0,0
38,12,52,0.635,1,0
43,16,43,0.742,1,1
33,12,48,0.273,1,0
30,11,35,0.539,1,0
51,10,41,0.469,0,0
43,11,66,0.412,1,0
22,9,28,0.187,0,0
19,12,37,0.639,1,1
31,14,28,0.658,1,1
25,15,26,0.49,1,0
45,9,34,0.754,0,0
28,8,38,0.058,0,0
49,9,37,0.538,0,0
32,13,24,0.206,0,0
43,9,48,0.444,1,0
24,14,58,0.385,1,0
28,6,52,0.516,1,0
32,12,22,0.498,0,0
50,13,61,0.31,1,1
42,11,35,0.601,0,0
39,12,28,0.454,0,0
48,15,61,0.52,1,1
47,6,26,0.358,1,0
37,8,38,0.488,1,0
57,13,19,0.201,0,0
38,13,48,0.562,1,0
35,10,56,0.195,1,1
57,8,58,0.284,0,0
34,10,34,0.163,1,0
35,14,36,0.523,1,1
46,13,55,0.498,1,1
30,12,35,0.791,1,0
56,6,33,0.402,0,1
40,12,46,0.674,1,0
47,9,48,0.365,1,0
41,13,51,0.534,1,1
39,14,51,0.893,1,1
45,13,38,0.65,1,1
34,11,25,0.964,1,1
67,9,46,0.804,1,1
44,13,59,0.282,1,1
51,12,65,0.305,1,0
62,9,49,0.795,1,0
29,11,32,0.457,0,0
28,12,51,0.655,1,1
32,11,66,0.514,1,0
33,12,33,0.38,1,0
41,8,53,0.484,0,1
45,11,44,0.393,1,0
17,12,20,0.561,1,0
41,11,33,0.641,1,1
36,14,60,1.0,1,1
35,11,63,0.635,1,1
39,11,31,0.907,1,0
38,12,40,0.31,0,0
30,12,48,0.591,1,0
46,14,41,0.513,0,0
17,9,42,0.312,1,0
32,13,53,0.625,1,1
47,12,16,0.567,1,0
53,5,58,0.406,1,1
19,16,73,0.557,1,0
50,14,40,0.612,1,1
18,10,32,0.655,0,0
57,8,51,0.379,0,0
43,16,52,0.546,1,0
36,13,53,0.647,1,1
48,9,53,0.263,1,1
39,6,31,0.458,0,0
27,11,56,0.652,1,0
26,11,58,0.695,1,1
42,13,21,0.622,1,1
73,13,51,0.516,1,1
59,7,53,0.437,0,1
26,16,48,0.357,1,1
30,16,43,0.667,1,1
17,12,61,0.918,1,1
20,15,54,0.964,1,1
38,9,55,0.452,1,1
25,8,65,0.483,1,0
38,16,28,0.442,1,1
30,9,29,0.564,1,0
20,10,46,0.227,1,0
17,7,35,0.492,0,0
59,14,61,0.919,1,0
53,10,47,0.646,1,1
75,11,37,0.238,0,1
34,15,41,0.382,1,0
63,14,30,0.586,1,1
31,9,34,0.631,0,0
58,16,26,0.772,1,1
42,12,43,0.297,1,0
44,11,50,0.647,1,1
40,11,33,0.699,1,0
23,12,40,0.71,1,0
56,10,38,0.691,1,1
36,12,45,0.498,0,1
40,9,41,0.519,1,1
69,7,37,0.39,0,0
46,9,37,0.639,0,0
38,11,32,0.177,0,0
42,9,53,0.758,1,0
36,9,49,0.529,1,0
59,10,52,0.382,1,0
50,10,67,0.719,1,1
49,13,30,0.636,1,1
62,11,36,0.164,0,0
28,14,59,0.972,1,1
41,8,36,0.352,0,0
27,12,55,0.321,1,0
65,14,38,0.553,1,0
17,10,42,0.532,1,1
42,11,43,0.504,0,0
57,11,41,0.542,1,1
40,13,43,0.326,0,1
41,8,49,0.039,0,0
37,12,32,0.54,0,1
52,10,59,0.385,1,1
21,13,46,0.58,1,0
31,10,45,0.3,0,0
59,14,47,0.799,1,0
31,14,49,0.206,1,0
51,9,49,0.312,0,0
32,13,47,0.737,1,1
65,13,26,0.0,0,0
17,14,49,0.203,1,1
48,13,41,0.524,1,1
22,9,36,0.58,0,0
27,9,39,0.657,1,1
38,9,32,0.43,1,0
44,13,48,0.464,1,1
41,12,31,0.601,1,1
24,13,31,0.369,0,0
32,13,39,0.915,1,0
31,7,38,0.854,1,0
17,13,54,0.738,1,0
42,9,49,0.686,1,0
20,15,27,0.57,0,1
45,14,21,0.82,1,1
33,12,45,0.404,1,1
17,9,40,0.567,1,0
59,7,30,0.227,0,0
25,11,21,0.242,0,0
17,11,34,0.446,1,0
20,8,22,0.337,0,0
43,9,45,0.506,0,0
25,11,21,0.246,0,0
50,4,20,0.246,0,0
58,9,53,0.678,1,1
22,13,60,0.52,1,1
22,13,52,0.664,1,0
53,8,60,0.598,1,0
42,10,40,0.506,1,0
17,13,31,0.815,1,1
32,12,36,0.399,0,1
52,8,33,0.483,1,0
75,12,39,0.529,1,1
36,4,17,0.349,0,0
28,10,30,0.465,0,0
41,7,37,0.323,0,0
35,9,56,0.706,1,1
22,10,60,0.331,1,0
44,12,48,0.781,1,1
39,8,27,0.43,0,0
61,8,46,0.642,1,0
60,9,49,0.456,0,0
41,12,34,0.284,1,0
54,9,34,0.014,0,0
30,8,46,0.74,1,0
17,16,49,0.802,1,1
48,11,29,0.603,1,1
52,11,14,0.268,0,0
76,13,37,0.478,1,1
17,12,51,0.602,1,1
41,13,37,0.278,0,1
69,11,42,0.62,1,1
21,13,58,0.332,1,0
47,8,30,0.08,0,0
35,9,40,0.327,0,0
28,12,48,0.592,1,1
35,9,53,0.511,0,0
45,9,39,0.518,1,0
61,7,40,0.213,0,1
29,10,13,0.707,0,0
61,11,38,0.648,1,0
39,9,53,0.51,1,0
44,4,26,0.395,0,0
36,9,42,0.294,1,0
39,10,22,0.404,1,0
23,7,29,0.427,0,0
66,16,64,0.542,1,1
45,12,47,0.704,1,0
42,15,45,0.596,1,1
36,10,45,0.558,1,1
31,9,24,0.261,0,0
65,13,28,0.417,1,1
52,9,48,0.354,1,0
36,11,31,0.473,1,1
41,11,57,0.718,1,0
36,15,31,0.412,0,0
51,10,43,0.532,1,1
64,5,20,0.765,0,0
51,11,36,0.353,1,0
49,12,70,0.427,1,1
56,6,36,0.685,0,0
54,7,51,0.288,0,0
36,10,42,0.388,1,0
37,15,45,0.479,1,1
33,9,58,0.439,0,0
28,15,46,0.866,1,0
40,12,48,0.701,0,1
23,9,36,0.429,1,1
38,12,30,0.634,0,0
71,10,43,0.35,0,0
38,7,59,0.575,1,1
38,6,46,0.404,1,0
22,12,37,0.32,1,0
41,7,45,0.325,1,0
39,13,22,0.205,0,0
67,10,39,0.342,1,0
44,15,38,0.727,1,1
22,9,53,0.789,1,0
27,13,40,0.378,0,0
34,8,43,0.929,1,0
35,13,57,0.694,1,1
61,14,47,0.469,1,1
52,11,39,0.821,1,0
32,12,37,0.716,1,0
25,8,34,0.388,1,0
28,13,49,0.613,1,1
17,10,39,0.766,1,0
34,10,41,0.64,1,1
47,13,47,0.61,1,1
25,15,46,0.057,1,0
61,12,52,0.571,1,0
32,15,38,0.49,1,1
24,11,47,0.492,1,1
35,7,21,0.456,0,0
33,9,43,0.348,0,1
20,13,66,0.196,1,0
38,11,45,0.233,0,0
32,10,56,0.726,1,1
58,15,34,0.151,0,0
42,8,36,0.533,1,0
19,11,47,0.319,0,1
41,12,36,0.707,1,1
42,14,57,0.361,1,1
21,11,45,0.321,0,0
67,12,25,0.484,1,1
49,7,32,0.42,0,0
43,9,23,0.719,0,0
46,13,53,0.591,1,1
28,11,47,0.386,0,0
42,8,58,0.606,1,0
41,14,18,0.667,0,1
52,12,43,0.401,1,0
38,10,63,0.705,1,1
39,9,57,0.829,1,0
28,9,32,0.647,0,0
38,11,33,0.466,1,0
26,10,27,0.349,1,1
30,9,31,0.688,0,1
49,10,70,0.485,1,1
28,11,45,0.414,1,0
38,14,43,0.401,0,0
42,13,55,0.543,1,1
35,12,35,0.725,1,1
25,10,46,0.332,0,0
33,10,19,0.379,1,0
56,13,51,0.728,1,1
53,9,77,0.423,1,1
34,12,51,0.421,1,0
26,12,40,0.61,1,1
17,7,49,0.722,1,0
38,11,39,0.359,0,0
35,14,25,0.675,1,0
37,14,63,0.369,1,0
34,8,20,0.26,0,0
58,16,34,0.414,1,0
50,4,17,0.46,1,0
49,11,50,0.576,1,0
61,9,49,0.282,1,0
36,11,25,0.074,0,0
23,7,24,0.449,0,0
36,16,49,0.752,1,1
27,9,28,0.337,0,0
31,12,68,0.374,1,1
44,12,27,0.705,1,1
49,9,52,0.462,1,1
41,13,51,0.339,1,0
26,8,45,0.537,1,0
45,13,39,0.364,1,0
17,11,42,0.616,1,0
54,10,57,0.699,1,1
58,9,52,0.353,1,0
42,11,46,0.352,1,1
42,13,44,0.192,1,0
38,12,48,0.707,0,0
32,10,40,0.578,1,1
48,10,41,0.325,1,0
31,14,54,0.63,1,1
17,13,40,0.684,1,1
40,10,32,0.09,0,1
62,9,31,0.802,1,1
47,14,51,0.614,1,1
36,10,50,0.399,0,1
51,11,47,0.278,1,1
28,11,36,0.264,0,1
38,9,34,0.402,1,0
44,14,38,0.558,1,0
47,14,51,0.791,1,1
18,15,49,0.696,1,1
55,11,30,0.594,1,1
28,13,52,0.283,1,1
38,16,44,0.576,1,1
48,14,39,0.423,1,1
41,12,8,0.321,0,0
23,11,47,0.78,1,0
37,10,36,0.457,0,0
17,13,36,0.665,1,0
29,10,48,0.346,1,0
39,10,69,0.55,1,1
17,14,49,0.693,1,1
39,12,45,0.361,1,0
34,10,38,0.367,0,0
35,6,26,0.833,1,0
43,13,69,0.781,1,0
61,11,45,0.564,0,1
32,15,46,0.248,1,1
46,8,38,0.504,1,1
32,13,47,0.481,1,0
55,10,41,0.4,0,1
50,10,42,0.5,0,0
45,11,25,0.269,0,0
21,9,24,0.334,0,0
17,11,36,0.508,1,1
44,10,44,0.949,0,1
30,15,37,0.454,1,0
35,9,38,0.577,1,1
38,16,45,0.416,1,1
37,10,43,0.598,1,1
31,11,61,0.755,1,0
50,8,35,0.63,0,0
17,11,53,0.418,1,0
20,11,54,0.609,1,1
49,12,49,0.35,1,1
42,8,33,0.651,1,1
54,16,49,0.64,1,1
36,12,37,0.801,1,1
33,10,44,0.798,1,1
51,12,47,0.266,1,0
29,11,29,0.853,1,0
67,8,49,0.389,1,0
29,12,43,0.387,1,1
38,10,27,0.648,1,0
23,14,51,0.444,1,0
35,5,33,0.297,0,0
29,15,48,0.656,1,1
45,11,43,0.411,1,1
39,10,54,0.623,1,0
17,10,41,0.454,1,0
17,10,20,0.431,0,0
30,8,30,0.53,0,0
17,13,50,0.785,1,1
23,9,40,0.185,1,0
32,16,47,0.939,1,1
47,11,36,0.589,1,0
29,13,34,0.283,1,0
36,10,26,0.341,1,1
24,15,51,0.756,1,1
37,14,51,0.0,0,1
34,8,35,0.522,1,0
58,10,44,0.346,0,1
49,11,39,0.646,1,0
33,12,46,0.596,1,1
45,8,60,0.627,0,1
44,11,57,0.267,0,1
38,10,46,0.508,0,0
58,12,34,0.277,0,0
37,9,30,0.418,0,1
78,10,53,0.549,1,1
57,11,47,0.395,1,1
34,9,37,0.612,0,0
17,16,58,0.542,1,1
34,14,45,0.593,1,1
29,14,47,0.705,1,0
29,10,24,0.468,0,0
46,13,45,0.851,1,1
48,13,32,0.501,1,1
30,8,43,0.408,0,0
43,11,62,0.481,1,1
42,11,49,0.636,1,0
48,12,34,0.109,0,1
40,13,40,0.425,1,0
46,6,52,0.419,0,1
35,10,47,0.57,1,1
27,5,19,0.6,1,0
22,16,49,0.583,1,1
37,12,30,0.405,0,0
50,10,29,0.266,0,0
50,14,11,0.367,1,0
40,13,40,0.758,1,1
41,16,47,0.273,1,1
38,10,40,0.494,0,0
48,13,32,0.327,0,0
44,11,36,0.377,1,0
44,10,26,0.462,1,1
50,10,46,0.203,1,1
49,11,36,0.729,1,1
48,12,63,0.382,1,1
44,9,19,0.782,1,1
41,16,36,0.653,1,1
57,9,38,0.4,0,0
32,12,44,0.603,1,0
22,7,42,0.242,0,0
44,13,18,0.629,0,0
25,12,60,0.423,1,0
48,14,34,0.41,1,1
36,12,37,0.945,1,1
36,13,46,0.469,1,1
49,13,40,0.681,1,1
31,6,40,0.314,0,0
42,13,26,0.827,1,1
37,13,25,0.535,1,0
44,12,56,0.383,0,0
47,13,50,0.397,1,0
25,11,18,0.104,0,0
40,12,48,0.785,1,1
35,8,54,0.519,1,0
17,14,39,0.471,0,1
35,10,37,0.495,1,1
55,7,41,0.473,0,1
17,10,51,0.338,1,1
37,14,22,0.688,1,1
52,16,47,0.52,1,1
42,13,45,0.967,1,1
44,8,18,0.561,1,0
38,9,32,0.501,0,0
56,8,31,0.465,1,0
43,15,51,0.805,1,0
49,13,27,0.595,0,1
36,12,43,0.715,0,0
44,8,44,0.353,0,0
17,10,39,0.454,1,0
43,13,59,0.323,1,1
50,13,42,0.466,1,0
30,11,49,0.571,1,1
31,9,52,0.503,1,0
35,12,24,0.57,1,0
40,11,41,0.601,1,1
22,10,17,0.375,0,0
36,15,23,0.57,1,1
35,11,29,0.0,1,0
64,9,28,0.457,1,1
49,15,54,0.333,1,0
17,6,42,0.537,1,0
42,10,39,0.572,1,0
34,14,47,0.597,1,0
58,13,64,0.452,1,1
55,13,58,0.774,1,1
22,11,51,0.624,1,1
52,10,74,0.453,1,0
49,9,35,0.937,1,1
49,14,52,0.553,1,1
40,11,33,0.735,1,1
23,15,40,0.847,1,0
26,9,51,0.317,1,1
21,8,44,0.472,1,0
24,9,21,0.483,1,0
22,7,36,0.501,0,1
39,7,16,0.378,0,0
64,10,45,0.747,1,1
34,12,36,0.374,0,0
30,11,29,0.251,0,0
30,9,56,0.367,1,1
57,15,38,0.719,1,1
41,12,58,0.527,1,0
43,12,40,0.544,1,0
36,9,52,0.823,1,1
23,5,21,0.462,0,0
43,10,22,0.333,1,0
17,10,27,0.551,1,0
41,12,27,0.349,0,0
53,10,40,0.5,1,1
45,8,39,0.414,0,0
38,13,36,0.211,0,0
36,15,34,0.405,1,0
57,12,19,0.344,0,0
43,13,45,0.765,1,1
61,11,47,0.724,1,0
39,10,39,0.493,0,0
51,11,48,0.254,1,0
40,8,34,0.701,1,0
67,9,35,0.743,1,1
43,13,51,0.731,1,1
61,16,24,0.535,1,0
26,10,39,0.599,1,0
32,10,55,0.615,1,0
27,9,44,0.602,1,0
54,10,35,0.59,1,1
33,11,28,0.714,1,0
45,8,33,0.462,0,0
47,12,41,0.292,1,1
55,12,28,0.625,0,1
44,12,56,0.537,1,1
42,10,39,0.274,0,0
46,11,33,0.193,0,0
33,12,29,0.468,0,1
17,11,51,0.658,1,0
41,15,46,0.687,1,1
35,11,23,0.43,1,0
39,12,46,0.56,1,1
18,14,22,0.687,1,1
17,12,38,0.795,1,0
68,12,39,0.238,0,1
27,8,57,0.574,0,1
36,8,29,0.685,1,0
54,9,35,0.64,1,1
17,12,50,0.015,0,1
41,9,53,0.632,1,0
37,11,45,0.638,1,1
38,9,40,0.462,0,0
32,13,39,0.342,0,0
48,13,58,0.724,1,1
50,11,49,0.411,1,0
56,15,42,0.3,1,0
37,14,43,0.35,1,0
17,10,48,0.392,0,0
23,14,37,0.533,1,1
38,10,47,0.865,1,0
17,16,48,0.481,1,1
49,10,24,0.712,1,1
18,11,41,0.54,1,0
40,9,46,0.597,1,0
25,9,23,0.616,0,0
36,12,30,0.353,1,1
62,13,47,0.736,1,1
50,10,22,0.391,0,1
49,9,41,0.531,1,0
39,12,42,0.662,0,1
48,11,58,0.734,1,1
37,12,39,0.305,0,0
41,11,51,0.495,1,0
32,11,49,0.347,1,1
23,13,50,0.224,1,0
22,11,39,0.69,1,0
38,12,43,0.756,1,1
35,12,56,0.336,0,0
40,12,33,0.409,0,0
40,10,49,0.572,1,0
47,11,42,0.623,0,1
19,11,30,0.304,1,0
35,9,58,0.425,0,1
35,12,34,0.705,1,1
37,13,41,0.723,1,0
29,14,37,0.454,0,1
31,11,18,0.203,1,0
56,8,47,0.406,0,0
27,8,43,0.441,1,0
38,16,61,0.327,1,1
44,11,53,0.699,0,1
31,13,24,0.518,1,1
17,12,66,0.623,1,1
46,9,31,0.336,0,1
54,12,30,0.392,1,0
48,9,55,0.45,1,1
44,11,45,0.651,1,1
38,11,35,0.495,0,1
35,5,42,0.361,1,0
32,13,50,0.618,1,1
34,11,22,0.0,0,0
47,11,31,0.269,0,1
30,10,23,0.675,1,1
52,5,44,0.701,1,0
44,10,51,0.612,0,0
69,10,40,0.568,0,1
17,8,49,0.6,0,0
57,9,43,0.438,1,1
53,10,39,0.34,0,1
37,13,17,0.603,0,1
26,8,33,0.453,1,0
60,13,43,0.677,1,1
45,10,61,0.484,1,0
32,8,60,0.656,1,0
24,10,51,0.936,1,0
52,16,53,0.625,1,1
29,12,35,0.443,1,0
20,9,41,0.318,1,1
41,15,27,0.44,1,0
34,11,40,0.342,0,0
38,9,42,0.185,0,0
17,11,33,0.258,1,0
48,10,41,0.916,1,1
42,16,28,0.229,1,0
30,10,49,0.573,1,0
17,10,52,0.413,1,0
34,13,49,0.824,1,0
27,14,20,0.956,1,1
28,9,36,0.62,1,0
27,8,42,0.627,1,0
48,9,37,0.651,1,0
27,6,33,0.548,0,1
48,11,58,0.664,1,1
44,12,29,0.43,1,0
68,10,45,0.538,0,0
45,11,43,0.612,0,0
35,12,62,0.39,1,1
37,12,41,0.25,0,1
50,8,55,0.404,0,0
42,10,38,0.838,1,0
24,12,39,0.204,0,1
38,8,35,0.41,0,0
50,11,55,0.675,1,0
46,13,36,0.308,1,1
42,11,42,0.422,1,1
48,15,42,0.679,1,1
40,11,58,0.396,1,0
29,16,49,0.748,1,1
50,9,52,0.576,1,1
43,12,23,0.535,1,1
30,8,30,0.28,1,0
41,11,38,0.514,1,0
30,11,51,0.327,1,0
38,12,31,0.508,1,0
47,7,44,0.135,0,1
68,10,31,0.426,0,0
57,13,32,0.718,1,0
27,12,30,0.436,1,0
32,11,52,0.63,1,1
32,13,45,0.68,1,1
27,11,15,0.446,0,0
47,9,18,0.258,0,0
49,14,38,0.613,1,1
33,10,55,0.161,0,0
47,12,34,0.312,1,1
56,10,61,0.414,1,1
61,5,54,0.601,1,0
52,12,37,0.515,1,1
38,12,32,0.629,0,0
28,8,38,0.736,1,0
40,7,35,0.388,0,0
48,14,41,0.125,0,0
36,9,30,0.537,0,0
28,14,35,0.521,1,1
50,12,31,0.279,1,0
57,11,35,0.631,1,1
38,12,37,0.351,0,0
38,8,37,0.012,0,0
30,11,40,0.845,1,1
40,10,35,0.695,1,0
40,12,52,0.422,1,0
32,12,51,0.576,1,1
25,10,41,0.385,1,0
31,12,53,0.694,1,0
27,11,56,0.225,1,0
40,12,43,0.609,1,1
35,10,45,0.193,0,1
44,11,52,0.395,1,0
38,10,54,0.507,1,0
34,10,44,0.274,1,1
17,10,22,0.763,1,0
49,12,43,0.29,1,1
39,7,23,0.427,0,0
37,10,27,0.519,1,0
50,2,45,0.303,0,0
21,8,40,0.666,0,0
25,11,42,0.714,1,0
53,11,50,0.284,0,1
32,12,39,0.576,0,0
47,5,41,0.443,0,1
39,11,29,0.415,0,0
39,11,42,0.569,0,0
55,10,49,0.334,1,1
36,13,29,0.262,1,0
51,11,40,0.449,0,0
48,9,39,0.076,0,0
28,12,27,0.469,1,1
27,12,27,0.556,0,0
34,7,46,0.55,1,0
30,9,25,0.721,1,1
35,8,50,0.675,1,0
58,8,36,0.592,1,1
37,8,27,0.425,1,0
45,9,53,0.888,1,1
48,10,54,0.635,1,1
28,16,47,0.369,1,1
34,12,30,0.343,0,0
24,6,45,0.432,1,0
56,7,46,0.171,0,1
32,14,24,0.297,0,1
31,12,36,0.368,0,0
40,12,53,0.701,1,0
39,3,38,0.628,0,0
36,10,46,0.267,1,1
33,7,38,0.507,0,1
32,9,40,0.594,1,0
44,9,26,0.419,0,0
40,10,49,0.525,1,0
36,8,24,0.569,0,1
55,7,28,0.388,1,0
35,13,50,0.807,1,1
33,10,40,0.638,1,0
41,15,69,0.631,1,1
43,7,36,0.255,0,0
61,11,40,0.412,1,0
35,13,52,0.446,1,0
23,16,33,0.816,1,0
26,7,28,0.25,0,0
51,10,31,0.0,1,0
21,14,38,0.179,1,0
49,7,37,0.613,1,0
35,7,38,0.493,0,0
30,11,32,0.632,1,0
37,11,22,0.681,1,1
51,12,20,0.182,0,0
45,9,53,0.693,1,0
33,9,37,0.518,0,1
49,15,43,0.489,1,1
26,8,24,0.735,1,0
51,8,40,0.672,1,0
47,14,56,0.332,1,1
59,7,36,0.519,0,0
45,10,45,0.341,0,0
36,9,39,0.559,0,1
39,16,33,0.337,1,0
36,12,40,0.657,1,0
49,16,46,0.255,1,0
51,16,39,0.776,1,1
40,12,41,0.255,0,0
37,6,50,0.389,0,0
45,12,52,0.362,1,1
47,8,45,0.612,1,1
32,9,44,0.435,1,1
45,12,42,0.323,0,1
44,8,37,0.342,0,1
54,11,14,0.322,0,0
36,13,42,0.371,0,1
57,13,17,0.324,1,1
22,9,33,0.511,1,0
48,14,26,0.547,0,1
67,7,44,0.51,0,1
31,13,38,0.531,1,1
38,13,38,0.573,1,0
17,13,59,0.617,1,0
36,13,68,0.406,1,1
52,8,47,0.709,1,0
44,12,60,0.598,1,1
44,12,55,0.714,1,1
39,2,44,0.558,0,0
30,12,38,0.186,0,0
44,12,40,0.736,1,0
52,16,57,0.435,1,1
44,10,51,0.791,1,0
21,10,33,0.522,1,0
55,14,35,0.484,1,0
29,11,26,0.389,0,0
45,9,31,0.814,1,0
28,16,34,0.344,1,1
26,12,75,0.421,1,1
33,10,40,0.68,0,0
60,11,28,0.477,1,0
17,15,61,0.596,1,0
38,16,33,0.497,1,1
40,12,54,0.447,1,0
51,11,46,0.568,0,1
43,9,42,0.587,0,0
51,13,41,0.71,1,0
58,14,30,0.359,0,0
41,8,42,0.496,0,0
31,11,31,0.421,1,1
36,11,32,0.345,1,0
37,12,38,0.374,1,0
61,12,49,0.459,1,1
37,10,34,0.471,1,1
24,11,36,0.176,1,0
57,9,31,0.431,0,0
39,14,28,0.402,1,1
63,10,43,0.453,1,0
24,8,27,0.497,1,0
39,10,19,0.693,1,0
31,14,64,0.222,0,1
26,13,42,0.425,0,0
31,11,33,0.661,1,0
56,6,44,0.51,0,0
42,15,62,0.602,1,1
39,7,30,0.678,1,0
33,11,56,0.288,0,1
58,9,33,0.49,1,1
31,9,37,0.819,1,0
49,9,28,0.366,0,1
17,8,43,0.247,0,0
54,8,52,0.528,1,1
17,8,49,0.988,1,0
48,11,38,0.376,1,1
52,10,35,0.321,1,0
36,11,44,0.306,1,0
43,11,42,0.534,1,1
34,11,42,0.401,1,1
31,13,41,0.489,1,0
33,9,43,0.431,1,0
53,9,52,0.581,0,1
46,13,38,0.437,1,1
22,13,40,0.648,1,1
45,15,25,0.446,1,0
55,9,42,0.177,0,0
61,7,31,0.269,0,1
25,9,20,0.516,1,0
17,8,40,0.256,0,0
43,16,27,0.775,1,1
34,12,40,0.369,0,1
37,11,55,0.483,1,0
31,11,34,0.736,0,1
37,10,53,0.27,1,0
36,13,58,0.514,1,0
38,5,27,0.748,0,0
54,7,41,0.572,0,0
24,9,48,0.362,1,0
17,11,45,0.479,0,0
40,11,27,0.101,0,1
29,14,34,0.241,1,1
54,10,40,0.554,1,1
35,16,39,0.502,1,0
21,12,37,0.478,0,0
49,11,54,0.525,1,1
53,13,52,0.443,1,1
42,10,39,0.273,1,0
35,13,52,0.791,1,1
34,11,39,0.384,0,0
48,11,39,0.523,0,0
59,10,58,0.682,0,1
50,13,40,0.534,1,1
68,12,33,0.589,0,1
62,12,13,0.088,0,1
17,13,29,0.308,0,0
17,9,44,0.487,1,0
52,10,34,0.422,0,1
51,16,38,0.454,1,1
40,10,44,0.428,1,1
39,9,42,0.596,1,0
20,9,52,0.442,0,0
42,14,43,0.269,1,0
27,14,30,0.733,1,1
48,6,44,0.105,0,0
46,10,46,0.574,0,1
45,13,25,0.665,1,1
33,10,60,0.384,1,1
37,14,43,0.289,1,0
40,15,42,0.492,1,0
32,13,53,0.476,1,0
62,13,46,0.584,1,1
19,14,38,0.617,1,1
42,10,48,0.758,1,0
55,7,27,0.378,0,1
25,15,33,0.269,0,0
51,9,18,0.792,1,0
37,16,33,0.639,1,1
38,8,31,0.342,0,0
38,6,40,0.363,0,0
48,7,38,0.471,1,0
48,12,36,0.742,1,1
25,14,43,0.767,1,0
59,9,45,0.534,0,1
46,10,53,0.874,1,1
24,13,41,0.278,0,0
17,12,31,0.523,0,0
27,11,35,0.382,0,1
24,13,48,0.454,1,1
30,13,36,0.489,1,1
39,11,56,0.762,1,1
17,15,47,0.572,1,1
30,10,28,0.452,0,1
32,11,29,0.415,0,0
36,12,15,0.24,0,0
39,12,58,0.427,1,0
32,14,47,0.298,1,1
44,12,49,0.459,1,0
28,10,73,0.357,1,0
52,12,30,0.796,1,0
46,12,51,0.724,1,1
58,16,41,0.67,1,1
17,12,42,0.458,1,1
17,14,49,0.633,1,1
58,11,37,0.53,1,1
23,10,39,0.406,1,1
37,8,49,0.727,1,1
37,14,39,0.609,1,1
21,10,41,0.503,0,1
40,9,32,0.775,1,1
37,7,49,0.583,1,0
39,12,35,0.749,1,1
43,6,37,0.354,1,0
43,12,52,0.666,1,1
25,12,25,0.64,0,1
52,7,39,0.675,1,1
48,13,13,0.506,0,1
22,8,41,0.591,1,0
38,11,25,0.426,0,1
40,15,52,0.337,1,1
39,14,44,0.565,1,0
25,12,50,0.469,1,1
56,7,64,0.231,1,1
43,13,32,0.791,1,1
39,13,49,0.522,1,1
33,16,33,0.551,1,1
47,13,34,0.325,0,1
36,7,31,0.509,1,0
54,11,26,0.661,1,0
49,14,31,0.203,1,1
58,15,29,0.343,1,1
23,9,29,0.478,0,0
24,13,54,0.706,1,1
19,14,44,0.497,1,1
34,11,35,0.516,0,0
28,12,41,0.884,1,1
59,9,39,0.375,1,0
45,7,28,0.505,0,0
48,10,8,0.427,1,1
19,13,59,0.553,1,1
60,9,43,0.315,0,0
35,11,44,0.523,1,1
19,10,48,0.473,0,0
23,12,33,0.725,1,1
38,11,37,0.473,0,1
49,9,19,0.512,0,0
54,13,22,0.595,0,0
72,7,52,0.013,0,0
33,6,52,0.384,1,1
62,7,38,0.337,0,0
46,14,37,0.403,1,1
28,10,40,0.702,0,0
17,11,44,0.292,1,0
53,13,46,0.53,1,0
24,11,54,0.492,1,0
36,14,27,0.294,0,0
18,9,13,0.216,0,0
49,9,59,0.52,0,0
25,9,30,0.211,1,0
42,4,29,0.394,0,0
23,8,50,0.531,0,0
38,13,58,0.557,1,1
61,12,28,0.737,1,0
30,13,50,0.83,1,0
24,14,41,0.534,1,0
30,9,38,0.379,0,1
22,13,40,0.715,1,1
35,12,63,0.39,1,0
43,12,31,0.705,1,1
35,9,44,0.39,0,0
57,11,63,0.261,1,1
47,10,38,0.509,0,0
47,15,42,0.666,1,0
79,8,27,0.285,0,0
35,9,30,0.489,1,0
26,12,45,0.412,1,1
23,8,27,0.651,1,0
26,7,44,0.292,1,0
48,9,27,0.106,0,0
52,11,39,0.381,1,1
19,12,35,0.134,0,0
41,11,41,0.199,0,0
43,12,36,0.578,1,0
28,8,35,0.314,0,0
38,12,54,0.488,1,0
27,11,40,0.513,0,1
40,13,50,0.583,0,1
32,15,45,0.2,0,0
35,13,29,0.318,0,0
32,9,35,0.294,1,0
57,15,62,0.761,1,1
37,10,72,0.444,0,0
68,10,42,0.657,0,0
34,16,42,0.17,0,0
45,12,27,0.568,1,1
48,10,48,0.031,1,0
42,11,50,0.243,0,0
69,9,48,0.792,1,0
39,13,46,0.454,1,1
31,10,37,0.706,1,1
30,10,30,0.447,0,0
17,13,41,0.544,1,1
41,13,24,0.764,1,1
48,8,37,0.323,0,0
38,11,56,0.307,0,1
38,11,30,0.503,1,1
38,8,24,0.657,1,0
45,8,52,0.324,0,0
53,7,37,0.136,0,0
28,9,36,0.368,1,0
54,14,40,0.473,1,1
24,14,29,0.341,1,0
44,8,29,0.18,1,0
42,12,63,0.804,1,1
23,16,30,0.717,0,1
32,15,36,0.722,1,1
69,10,44,0.634,1,1
51,10,30,0.348,1,0
52,11,47,0.474,0,0
57,12,43,0.616,1,1
24,11,37,0.565,1,0
34,12,32,0.571,1,1
46,16,39,0.489,1,1
49,9,53,0.636,1,1
32,13,28,0.565,1,1
20,5,45,0.506,1,0
28,10,42,0.447,0,0
37,8,42,0.428,1,1
42,15,22,0.742,1,1
39,12,46,0.597,1,1
70,13,29,0.508,1,1
29,11,38,0.394,1,1
36,7,41,0.282,0,1
27,7,36,0.043,0,0
43,5,70,0.396,0,0
23,11,31,0.352,0,1
30,12,48,0.496,1,0
32,7,28,0.497,0,0
52,12,50,0.604,1,0
45,9,39,0.003,0,0
29,13,33,0.316,0,0
17,11,28,0.69,1,0
47,11,25,0.465,1,1
51,13,22,0.553,1,0
42,13,59,0.746,1,1
56,8,39,0.018,0,0
31,10,46,0.542,1,0
39,16,50,0.428,1,1
45,16,58,0.316,1,1
19,12,50,0.617,1,1
31,12,47,0.753,0,1
53,4,45,0.31,0,0
25,11,37,0.403,0,0
30,3,27,0.204,0,0
17,8,53,0.287,0,0
42,11,38,0.552,0,1
41,13,36,0.758,1,0
44,10,45,0.316,0,0
32,11,51,0.517,1,0
38,9,35,0.551,1,1
58,12,37,0.537,1,1
36,10,31,0.813,1,1
64,12,53,0.506,1,1
49,7,44,0.404,1,0
35,9,31,0.51,1,1
23,10,59,0.743,1,1
53,7,44,0.36,1,1
24,12,37,0.384,1,0
42,10,25,0.421,1,1
42,11,42,0.623,1,0
38,14,44,0.532,0,1
34,10,35,0.639,1,0
36,12,38,0.425,1,0
33,14,46,0.304,1,0
17,11,49,0.673,1,1
43,10,44,0.809,1,1
25,10,49,0.275,0,0
23,16,48,0.738,1,0
47,9,49,0.231,0,0
45,16,32,0.637,1,1
40,15,36,0.486,1,1
50,9,48,0.687,1,0
33,7,37,0.62,1,0
42,13,34,0.617,1,1
55,14,43,0.43,1,1
39,11,74,0.161,1,1
41,10,28,0.594,0,0
44,13,34,0.45,0,0
43,6,30,0.624,0,1
18,12,43,0.833,1,1
61,15,21,0.581,1,1
47,13,47,0.612,1,0
29,11,30,0.674,1,0
43,16,43,0.852,1,1
22,11,34,0.679,1,1
32,12,53,0.45,0,1
45,11,40,0.0,0,0
45,13,61,0.782,1,1
23,8,23,0.649,0,0
66,13,37,0.44,0,1
28,10,34,0.211,0,0
17,14,16,0.474,0,0
19,11,54,0.478,1,0
45,9,36,0.285,1,0
59,12,37,0.318,1,1
32,12,15,0.124,0,0
60,13,44,0.593,1,1
44,12,43,0.773,1,0
48,14,41,0.704,1,1
36,9,39,0.725,1,1
35,13,47,0.414,1,0
32,8,49,0.652,1,0
54,11,30,0.175,1,1
26,12,55,0.74,0,0
20,9,45,0.827,1,0
37,11,40,0.578,1,1
43,8,42,0.345,1,1
39,9,49,0.27,0,0
44,10,41,0.458,1,0
48,13,36,0.501,1,1
48,15,27,0.549,1,1
47,12,39,0.685,1,1
47,9,57,0.623,1,1
61,9,20,0.608,1,0
23,5,30,0.215,0,0
17,11,51,0.412,0,0
32,14,43,0.592,1,1
34,13,39,0.762,1,0
24,11,43,0.419,1,1
45,11,50,0.686,1,1
51,12,26,0.828,1,0
36,14,34,0.637,1,1
21,9,22,0.505,1,0
47,14,32,0.431,1,1
35,7,28,0.535,0,0
25,13,39,0.831,1,1
17,10,42,0.5,1,1
39,16,48,0.968,1,1
49,10,54,0.43,1,1
21,13,48,0.579,1,1
26,11,38,0.345,1,1
46,10,42,0.39,0,0
35,13,15,0.117,0,0
22,12,52,0.741,1,1
23,7,53,0.295,0,0
42,12,52,0.376,1,1
42,10,40,0.746,1,1
22,13,46,0.581,0,1
45,7,46,0.939,1,0
47,9,40,0.523,0,1
58,11,44,0.528,1,1
54,11,70,0.328,1,1
32,10,50,0.585,1,1
44,7,31,0.696,1,0
68,12,36,0.526,0,0
43,8,32,0.856,1,0
33,13,43,0.316,1,1
17,16,42,0.608,1,1
35,8,58,0.204,1,1
48,8,10,0.312,0,0
32,5,28,0.325,0,0
50,12,58,0.482,0,0
37,8,64,0.531,1,1
17,7,36,0.222,0,0
43,10,47,0.596,1,1
17,16,49,0.617,1,0
36,13,41,0.177,0,0
39,14,54,0.674,1,1
39,11,57,0.48,1,1
35,10,40,0.516,1,1
27,15,21,0.73,0,0
40,11,41,0.574,1,0
43,8,40,0.229,0,0
45,10,42,0.695,1,1
30,12,42,0.459,0,0
51,10,31,0.382,1,0
37,13,35,0.262,1,0
52,9,37,0.703,0,0
33,11,44,0.29,0,0
34,13,38,0.496,1,0
47,14,41,0.277,0,1
55,11,43,0.473,1,1
34,10,45,0.692,1,1
28,10,29,0.441,1,0
23,10,41,0.756,1,1
53,11,38,0.576,1,1
32,13,53,0.485,1,0
25,13,30,0.465,1,1
31,13,33,0.691,0,0
25,12,32,0.98,1,1
50,11,43,0.745,1,0
38,16,47,0.66,1,1
22,15,29,0.612,1,0
17,12,40,0.575,1,1
63,14,40,0.498,1,0
17,12,35,0.533,1,1
59,9,26,0.659,0,0
47,12,21,0.235,1,1
24,9,44,0.546,0,1
45,6,38,0.326,0,0
22,13,64,0.496,1,1
38,8,18,0.317,0,0
33,9,44,0.536,0,0
61,11,48,0.732,1,0
28,4,23,0.309,0,0
33,10,47,0.564,1,0
25,11,47,0.311,0,0
35,16,36,0.811,1,1
20,12,47,0.761,1,0
43,9,33,0.765,1,1
31,3,40,0.18,0,0
31,8,28,0.271,0,0
28,9,22,0.315,0,0
40,8,41,0.063,0,0
54,10,40,0.526,1,1
23,10,45,0.347,0,0
21,12,39,0.777,0,1
45,11,22,0.721,1,1
44,10,33,0.492,0,1
17,14,37,0.765,1,1
60,11,22,0.099,0,1
25,14,51,0.527,1,1
40,7,31,0.419,0,0
46,14,43,0.36,1,1
17,10,34,0.504,0,0
24,12,45,0.401,1,1
22,12,22,0.552,1,0
41,8,11,0.196,0,0
44,9,45,0.742,0,0
39,3,35,0.605,1,1
53,13,48,0.664,1,0
48,10,35,0.304,1,1
23,10,42,0.54,1,1
47,9,37,0.615,1,1
34,14,42,0.68,1,1
43,11,58,0.437,0,1
35,14,33,0.407,1,0
33,13,37,0.03,1,0
44,14,37,0.632,1,1
38,13,51,0.727,1,1
25,14,46,0.422,1,1
33,13,57,0.481,1,0
38,11,32,0.565,1,1
32,10,56,0.594,1,1
35,13,33,0.576,1,0
45,15,41,0.479,1,1
44,11,42,0.905,1,1
48,12,49,0.181,1,1
40,11,27,0.2,0,0
28,16,53,0.467,1,1
41,13,47,0.471,1,1
18,10,39,0.424,1,0
47,9,34,0.551,0,0
31,11,37,0.711,1,0
23,10,24,0.403,0,0
40,6,26,0.518,0,0
17,11,36,0.564,0,1
36,10,39,0.522,1,0
50,14,35,0.61,1,0
35,11,43,0.83,1,0
55,12,32,0.142,0,0
36,12,41,0.637,1,0
45,11,50,0.673,1,1
59,10,59,0.592,1,1
38,9,38,0.519,0,1
22,7,52,0.4,0,0
60,10,37,0.53,0,1
45,7,17,0.534,1,0
41,12,51,0.676,1,0
34,11,63,0.536,1,1
65,8,46,0.567,1,0
47,12,21,0.178,0,0
31,11,41,0.491,0,0
66,10,35,0.0,0,1
42,15,37,0.645,1,0
38,12,35,0.882,0,0
22,9,26,0.525,1,0
68,12,40,0.891,1,1
30,8,26,0.274,0,1
21,14,49,0.821,1,1
57,9,32,0.591,0,1
17,7,48,0.483,1,0
39,13,47,0.47,1,1
35,12,36,0.345,1,1
64,7,45,0.881,1,1
42,9,44,0.17,0,0
22,10,56,0.467,1,0
51,9,33,0.536,0,1
17,11,35,0.59,1,0
32,13,47,0.642,1,1
18,15,50,0.657,1,1
21,7,52,0.487,1,0
17,7,41,0.589,0,0
39,13,34,0.699,1,0
49,10,70,0.375,1,0
48,8,50,0.49,0,1
32,12,34,0.785,1,1
19,13,32,0.342,1,0
39,11,41,0.559,1,0
23,13,19,0.543,1,1
58,5,40,0.318,1,0
50,11,33,0.724,1,1
29,8,22,0.463,0,0
42,10,68,0.107,1,1
27,12,45,0.824,1,0
17,6,39,0.324,0,0
55,9,35,0.282,0,0
40,13,55,0.666,1,1
29,13,26,0.29,0,0
41,7,44,0.332,0,0
34,13,31,0.225,0,0
67,13,55,0.613,1,1
37,11,38,0.55,1,0
17,13,51,0.697,1,1
39,7,39,0.681,0,1
22,16,44,0.779,1,1
37,9,41,0.601,0,0
24,11,38,0.442,1,1
30,12,42,0.266,1,0
44,10,39,0.833,1,1
47,9,22,0.259,1,0
33,10,37,0.413,0,0
34,12,37,0.402,0,0
30,15,30,0.78,1,1
54,13,24,0.445,0,0
60,12,37,0.701,1,0
58,13,42,0.56,1,1
17,10,46,0.395,1,0
31,12,39,0.64,0,1
45,13,65,0.662,1,1
21,8,66,0.653,1,1
51,8,31,0.6,1,1
21,12,25,0.286,0,1
34,14,49,0.858,1,1
23,9,34,0.69,1,0
26,4,52,0.361,0,0
63,13,49,0.442,1,1
40,10,49,0.639,1,1
47,13,38,0.638,1,1
55,8,36,0.407,1,1
43,9,36,0.498,0,1
47,6,30,0.541,1,0
35,11,41,0.662,0,1
32,12,52,0.656,1,1
44,11,40,0.56,0,0
44,7,50,0.526,1,0
48,12,7,0.277,0,1
32,12,72,0.466,1,1
20,12,42,0.281,1,0
50,11,43,0.679,1,0
50,6,45,0.468,1,1
33,7,33,0.428,0,1
19,10,39,0.674,1,0
44,14,56,0.38,1,0
39,14,41,0.639,1,1
47,14,50,0.443,1,1
29,10,57,0.312,1,0
43,8,30,0.149,1,0
32,12,50,0.306,0,0
43,12,28,0.428,0,0
30,13,24,0.327,0,0
51,11,38,0.481,1,1
28,14,35,0.615,1,1
17,7,32,0.43,0,0
37,12,45,0.706,1,0
66,8,27,0.426,0,0
52,9,19,0.571,1,0
33,7,55,0.843,1,1
30,11,40,0.323,1,1
20,15,30,0.201,1,0
37,12,57,0.287,1,0
20,10,39,0.334,0,0
28,11,55,0.443,1,0
40,15,39,0.704,1,1
31,13,28,0.73,1,0
44,15,32,0.498,0,1
31,8,43,0.61,1,0
34,8,38,0.248,0,1
51,14,31,0.325,0,0
41,9,39,0.412,1,0
28,12,54,0.563,1,1
29,9,49,0.665,1,0
20,8,56,0.554,1,0
40,14,28,0.763,1,0
25,11,33,0.75,1,0
51,11,43,0.268,0,0
28,9,38,0.006,0,1
59,10,42,0.32,0,1
64,14,36,0.639,1,1
27,12,18,0.545,1,0
27,7,42,0.665,1,0
41,9,31,0.507,1,1
38,10,32,0.472,0,0
37,10,61,0.813,1,1
17,13,27,0.612,1,1
37,13,50,0.807,1,0
36,7,46,0.142,0,0
49,12,54,0.559,1,1
53,13,25,0.479,0,1
43,10,49,0.511,1,1
54,10,39,0.661,1,0
21,9,54,0.545,1,0
42,11,43,0.768,1,0
38,5,55,0.59,1,0
41,7,34,0.483,0,0
57,13,36,0.583,0,1
68,12,24,0.567,1,0
55,9,45,0.577,0,0
55,8,34,0.606,1,1
32,10,38,0.721,1,1
43,11,37,0.338,0,0
58,9,40,0.829,1,1
33,10,36,0.388,1,1
59,11,34,0.525,0,1
31,8,11,0.263,0,0
24,8,18,0.415,0,0
34,12,47,0.467,0,0
30,15,32,0.519,1,0
36,16,15,0.577,1,1
32,15,52,0.452,1,1
31,4,49,0.36,1,0
45,13,60,0.413,1,0
36,12,32,0.709,1,0
31,11,45,0.526,0,0
24,10,63,0.694,1,1
37,10,40,0.17,0,0
38,13,42,0.319,1,0
47,9,48,0.584,1,1
26,11,46,0.531,1,0
35,8,36,0.414,0,1
47,6,49,0.46,1,0
18,8,36,0.46,0,0
43,16,33,0.326,1,0
41,13,43,0.375,1,1
46,11,46,0.652,1,0
31,11,29,0.419,0,1
52,10,30,0.326,0,1
42,11,40,0.418,1,0
45,11,37,0.75,1,1
44,8,31,0.257,1,1
32,11,52,0.527,1,0
32,13,41,0.616,1,1
42,11,54,0.829,1,0
33,9,42,0.515,0,0
26,15,45,0.853,1,1
40,12,51,0.487,0,0
31,7,37,0.749,1,0
17,11,31,0.441,0,0
56,12,46,0.201,0,1
56,12,40,0.438,1,1
23,14,42,0.73,1,1
40,16,42,0.376,1,0
22,15,34,0.851,1,1
44,9,53,0.141,0,0
38,13,34,0.033,0,0
36,11,24,0.572,1,1
43,12,42,0.612,1,1
20,16,35,0.657,1,0
28,9,39,0.059,0,0
39,8,32,0.669,1,0
42,14,42,0.336,1,1
20,9,45,0.626,1,0
68,9,46,0.378,0,1
47,14,57,0.604,1,1
26,11,37,0.677,1,1
52,14,48,0.909,1,1
26,8,56,0.494,0,0
42,8,41,0.604,1,1
38,14,62,0.771,1,1
43,12,26,0.445,0,1
35,9,16,0.46,0,0
39,14,38,0.277,1,1
17,11,27,0.578,0,0
25,10,44,0.507,1,0
36,7,54,0.56,1,0
37,2,18,0.324,1,0
17,10,43,0.47,1,1
60,16,37,0.387,0,1
53,12,20,0.569,0,1
57,16,44,0.459,1,1
43,13,39,0.689,1,0
28,12,55,0.615,1,1
59,13,27,0.411,1,1
17,9,31,0.69,1,0
46,10,34,0.493,1,1
30,13,49,0.818,1,0
40,10,29,0.344,1,0
34,11,40,0.692,1,0
22,9,45,0.54,1,1
48,11,27,0.652,1,0
47,10,47,0.397,0,0
26,12,51,0.603,1,0
26,12,40,0.317,1,0
47,15,33,0.49,1,1
70,16,18,0.375,0,0
30,7,36,0.606,1,0
57,11,54,0.755,1,1
17,12,32,0.393,0,1
32,10,31,0.229,1,0
45,16,32,0.675,1,0
50,8,28,0.227,0,0
42,14,62,0.741,1,1
19,8,49,0.343,1,0
18,15,39,0.456,1,1
43,9,39,0.539,1,1
55,11,50,0.121,0,1
46,16,38,0.518,1,0
41,12,33,0.649,1,0
20,10,31,0.669,1,0
53,11,45,0.212,1,1
28,11,46,0.711,1,1
44,15,68,0.468,1,1
39,14,38,0.614,1,0
38,14,35,0.285,0,1
41,12,30,0.263,1,0
30,14,23,0.344,0,1
41,11,47,0.382,1,0
35,10,21,0.108,0,0
60,8,36,0.34,0,1
42,13,30,0.534,0,1
44,7,35,0.393,0,0
60,7,38,0.423,0,0
32,8,37,0.111,0,0
34,8,42,0.528,1,0
49,10,40,0.408,1,1
30,10,26,0.413,0,0
50,16,18,0.586,1,0
62,6,50,0.441,1,0
49,8,50,0.765,0,0
54,14,30,0.72,1,1
56,9,57,0.459,1,1
38,8,46,0.414,0,1
55,6,50,0.691,1,1
27,14,41,0.499,0,0
38,15,45,0.682,1,1
42,14,51,0.56,1,1
37,14,48,0.178,1,1
17,9,27,0.133,0,0
51,11,42,0.592,1,1
35,8,44,0.293,0,0
34,11,40,0.519,1,0
43,12,58,0.73,1,0
41,12,51,0.462,0,0
58,12,26,0.319,0,0
58,15,23,0.981,0,1
60,10,48,0.395,1,0
18,13,50,0.461,1,1
27,10,37,0.207,1,0
47,10,48,0.624,1,1
56,11,28,0.466,1,1
54,6,27,0.381,0,0
43,10,34,0.897,1,0
43,10,52,0.533,1,1
43,11,37,0.467,1,1
47,12,44,0.499,1,1
36,14,48,0.695,1,1
47,11,52,0.748,1,0
26,14,36,0.649,1,1
48,7,42,0.51,1,1
46,9,42,0.672,1,0
56,9,59,0.641,1,1
36,8,29,0.167,1,0
17,11,39,0.032,0,0
38,9,31,0.44,1,0
53,12,54,0.349,1,0
42,16,31,0.43,1,0
41,12,63,0.88,1,1
30,16,41,1.0,1,0
17,10,44,0.453,1,1
17,9,57,0.87,1,1
31,12,38,0.587,0,1
44,11,40,0.348,1,1
41,14,51,0.32,1,1
32,12,41,0.697,0,0
50,14,50,0.207,1,1
40,11,29,0.519,1,1
36,11,28,0.775,1,0
28,10,49,0.546,0,0
39,12,33,0.599,1,1
28,8,48,0.692,0,1
29,6,23,0.185,0,0
19,16,62,0.816,1,1
37,11,45,0.609,0,1
43,9,55,0.211,1,0
48,9,34,0.593,1,0
23,14,41,0.4,1,1
41,10,45,0.281,0,0
31,8,45,0.647,1,0
32,10,42,0.4,0,0
56,11,27,0.218,0,0
52,11,30,0.333,1,1
43,12,50,0.365,1,0
61,11,39,0.545,1,1
36,10,42,0.894,1,1
43,11,38,0.288,0,1
34,9,34,0.668,1,0
31,8,47,0.542,0,0
54,6,38,0.575,0,0
46,7,50,0.771,1,0
35,12,42,0.476,0,1
47,13,46,0.454,0,1
36,12,29,0.72,1,1
67,14,44,0.675,1,1
47,10,49,0.632,1,1
37,10,55,0.597,0,1
35,13,26,0.3,0,0
31,10,38,0.444,1,1
27,11,25,0.375,1,1
28,13,44,0.368,1,0
31,15,57,0.796,1,1
45,13,11,0.518,1,0
47,10,29,0.433,1,1
44,7,48,0.452,0,0
55,10,63,0.188,0,0
52,11,59,0.604,1,0
32,12,39,0.734,1,0
35,10,7,0.219,0,0
37,8,33,0.473,0,0
29,13,34,0.595,1,1
72,13,46,0.269,0,1
44,8,38,0.614,1,0
22,14,25,0.689,1,0
28,9,45,0.516,1,0
51,11,51,0.715,1,0
34,13,57,0.469,0,0
33,8,28,0.225,0,0
43,13,37,0.51,0,0
42,13,39,0.633,1,1
60,7,40,0.287,0,0
45,12,40,0.761,1,1
36,12,31,0.609,0,0
62,16,28,0.512,1,1
29,11,60,0.561,1,1
37,10,38,0.556,1,0
45,11,42,0.501,1,1
52,10,34,0.437,0,0
46,3,46,0.515,0,0
45,14,41,0.21,1,1
43,11,43,0.37,0,1
50,11,31,0.609,1,1
39,9,27,0.437,1,0
36,7,56,0.364,1,1
20,10,44,0.725,1,1
51,9,25,0.579,0,0
32,15,41,0.623,0,1
43,14,41,0.963,1,1
44,12,44,0.633,0,0
38,10,45,0.329,0,1
52,10,51,0.437,0,1
74,16,39,0.346,1,1
52,9,42,0.721,1,1
63,12,37,0.821,1,1
46,12,42,0.496,1,1
54,10,32,0.559,0,1
43,10,39,0.172,0,0
38,9,67,0.236,0,0
31,9,54,0.677,1,1
48,15,44,0.514,1,1
30,8,34,0.496,0,0
49,8,45,0.415,1,1
17,14,40,0.335,1,1
17,15,39,0.684,1,0
41,10,65,0.85,1,1
17,14,35,0.344,1,0
36,10,46,0.6,1,0
57,11,69,0.743,1,1
43,9,74,0.824,1,1
27,11,41,0.582,0,0
52,12,37,0.466,0,0
39,10,56,0.796,1,0
33,12,31,0.289,0,0
19,3,22,0.341,0,0
53,7,24,0.37,0,0
33,11,40,0.682,1,1
51,10,35,0.605,1,0
38,5,67,0.523,1,1
41,10,40,0.337,0,0
17,9,37,0.377,0,0
25,11,51,0.576,1,0
53,8,27,0.395,0,0
36,7,30,0.712,1,0
29,10,43,0.716,1,1
49,11,22,0.402,0,0
34,12,29,0.534,1,1
49,10,36,0.533,1,1
56,13,45,0.59,1,1
54,12,32,0.188,0,1
33,13,29,0.712,1,0
76,11,32,0.211,0,0
35,16,28,0.261,0,0
48,14,23,0.403,0,0
51,16,21,0.368,1,0
17,12,38,0.533,1,0
40,12,51,0.779,1,0
49,12,34,0.171,1,0
35,10,54,0.792,1,1
26,3,22,0.0,0,0
32,13,50,0.544,1,0
47,13,32,0.371,0,0
27,13,33,0.201,1,0
38,12,39,0.299,1,1
19,11,49,0.453,1,0
49,7,36,0.698,1,0
49,10,40,0.321,0,0
25,9,26,0.581,0,1
32,12,24,0.743,0,0
50,12,58,0.52,1,0
26,11,49,0.459,1,0
49,7,50,0.431,1,1
27,9,40,0.494,1,0
29,13,30,0.463,0,1
24,12,51,0.383,1,0
33,12,51,0.823,1,1
33,13,46,0.537,1,1
35,11,48,0.58,1,0
51,14,37,0.156,0,0
38,11,54,0.417,1,1
29,10,35,0.381,0,1
32,13,43,0.505,1,1
42,7,41,0.248,0,0
45,11,54,0.686,1,1
59,10,42,0.418,1,1
62,4,15,0.468,1,0
49,14,34,0.508,0,0
60,12,49,0.292,0,1
49,12,47,0.242,0,1
38,10,22,0.295,0,0
17,12,24,0.393,1,0
51,13,43,0.509,1,0
63,10,29,0.463,0,0
47,14,48,0.336,1,1
33,11,11,0.187,0,1
54,13,41,0.557,0,0
17,10,44,0.243,1,0
73,9,24,0.777,0,0
36,9,33,0.872,1,1
41,12,52,0.688,1,1
47,9,6,0.254,0,0
44,9,43,0.367,0,0
36,11,28,0.223,1,0
44,8,33,0.098,0,0
27,13,54,0.903,1,1
27,12,38,0.731,1,1
31,13,39,0.656,1,1
57,11,36,0.721,1,1
52,9,33,0.302,0,0
56,12,52,0.661,1,1
35,8,28,0.572,0,1
35,11,43,0.547,1,0
32,14,25,0.4,1,0
39,13,34,0.487,1,0
18,13,47,1.0,1,0
24,10,38,0.381,0,0
39,13,46,0.313,1,0
20,8,40,0.536,1,0
47,6,23,0.505,0,1
55,8,69,0.483,1,1
30,13,45,0.618,1,0
35,12,37,0.315,1,1
50,14,38,0.77,1,1
39,11,51,0.634,1,1
48,11,32,0.565,1,1
30,10,42,0.646,1,1
47,13,55,0.584,1,1
26,10,19,0.365,0,1
33,9,58,0.564,1,1
38,11,55,0.565,1,0
17,10,28,0.515,0,0
33,11,33,0.832,1,1
37,9,32,0.714,0,0
28,12,46,0.366,1,0
37,12,39,0.545,1,1
43,9,25,0.429,0,0
58,11,49,0.558,0,1
50,14,44,0.625,0,0
32,8,48,0.344,0,0
36,12,38,0.558,1,1
69,10,44,0.944,1,1
40,9,37,0.455,1,0
69,11,34,0.336,0,0
22,14,14,0.546,1,0
36,14,21,0.635,1,0
22,7,36,0.594,1,0
25,10,33,0.679,0,0
23,11,51,0.668,1,0
32,10,29,0.762,0,0
39,11,30,0.737,1,0
44,11,49,0.612,1,1
58,11,57,0.242,1,0
38,14,50,0.857,1,0
27,11,41,0.955,0,1
23,10,60,0.538,1,1
37,7,32,0.542,1,0
48,14,42,0.851,1,1
42,13,45,0.687,1,0
48,10,42,0.225,1,1
34,13,30,0.495,0,1
47,14,40,0.268,0,1
42,9,24,0.383,1,0
37,13,16,0.401,1,0
21,10,27,0.049,0,0
60,14,45,0.226,0,0
30,14,26,0.249,1,1
51,16,32,0.262,1,1
45,13,53,0.583,1,0
47,13,46,0.597,0,1
46,10,32,0.421,0,0
52,8,36,0.801,0,0
43,9,44,0.626,1,1
32,7,43,0.481,0,1
26,15,26,0.518,1,1
32,15,36,0.331,0,1
57,15,39,0.75,1,1
53,15,45,0.553,1,1
41,12,54,0.653,1,0
24,12,43,0.696,1,1
35,11,30,0.705,1,0
51,8,41,0.0,0,0
48,9,25,0.442,0,0
46,14,48,0.471,0,1
39,13,42,0.286,1,0
44,8,12,0.19,0,0
44,10,43,0.545,1,1
33,11,36,0.314,0,0
38,11,22,0.642,0,1
51,7,49,0.634,1,0
62,10,49,0.583,1,0
20,7,46,0.674,0,0
40,10,37,0.599,0,0
45,10,56,0.543,1,0
55,16,60,0.866,1,1
47,11,48,0.468,1,1
25,11,42,0.314,1,1
43,13,40,0.776,1,1
25,13,46,0.496,1,0
33,13,47,0.319,0,1
42,9,41,0.63,0,0
31,9,25,0.342,0,0
48,7,42,0.096,0,0
31,11,47,0.691,1,0
52,11,42,0.294,0,1
35,12,62,0.55,1,1
41,9,44,0.308,1,1
26,11,15,0.808,1,0
33,10,31,0.428,0,1
39,11,33,0.454,1,1
42,9,50,0.49,1,0
39,8,54,0.383,0,0
47,6,33,0.268,0,0
55,14,67,0.614,1,1
53,10,10,0.47,0,0
50,10,26,0.348,0,1
41,10,52,0.428,1,0
42,14,51,0.859,1,0
62,16,63,0.437,1,1
45,10,41,0.496,1,1
41,10,51,0.342,1,1
37,13,39,0.616,1,1
21,11,47,0.677,1,1
17,16,50,0.472,0,1
47,9,34,0.456,1,1
35,11,39,0.466,1,1
56,14,42,0.563,1,1
46,8,36,0.575,0,1
17,14,48,0.52,1,1
30,10,39,0.745,1,1
39,10,32,0.095,0,0
38,11,13,0.636,1,0
49,8,49,0.23,0,0
31,14,36,0.743,1,1
38,7,30,0.713,0,1
33,12,33,0.369,1,0
58,14,42,0.621,0,1
39,11,41,0.383,0,1
54,14,41,0.448,1,1
61,15,45,0.322,1,1
32,15,23,0.535,1,1
44,15,53,0.146,1,1
54,11,48,0.39,0,0
42,13,36,0.342,1,1
60,13,50,0.525,1,1
57,12,45,0.655,1,0
76,10,43,0.743,1,1
40,9,35,0.25,1,1
39,12,40,0.767,0,0
46,7,60,0.314,1,1
39,13,40,0.419,1,1
43,11,23,0.072,0,0
17,14,52,0.621,1,0
53,13,28,0.109,0,0
33,11,40,0.641,0,0
43,9,6,0.44,1,0
51,10,55,0.722,1,0
36,9,48,0.302,0,1
67,10,39,0.555,0,0
43,8,50,0.297,0,1
43,9,46,0.31,0,1
55,6,35,0.258,0,0
34,12,51,0.482,1,0
51,13,46,0.267,0,1
46,12,42,0.9,1,0
17,13,36,0.149,0,0
22,9,29,0.602,1,0
29,16,42,0.549,1,1
26,16,31,0.736,1,1
22,10,43,0.563,1,1
47,10,45,0.161,0,0
19,12,38,0.536,1,1
38,14,34,0.533,1,1
36,9,43,0.634,0,0
29,15,36,0.286,1,1
49,13,37,0.772,1,1
42,7,54,0.565,0,0
52,14,48,0.671,1,1
39,13,31,0.149,0,0
55,11,43,0.605,1,1
52,13,48,0.439,1,1
30,9,47,0.351,0,1
41,12,71,0.245,1,0
44,12,53,0.26,1,0
46,15,44,0.458,1,0
39,13,33,0.481,0,1
52,8,41,0.574,1,0
67,10,61,0.795,1,1
31,8,83,0.307,1,1
60,12,45,0.18,0,0
58,12,57,0.332,1,1
40,10,40,0.589,1,0
19,13,44,0.389,1,1
35,13,56,0.877,1,1
35,13,16,0.389,0,0
31,12,47,0.484,1,1
49,12,71,0.288,1,1
44,11,44,0.391,1,1
37,7,21,0.564,0,0
40,13,49,0.62,1,1
66,13,55,0.435,1,1
42,12,35,0.423,1,0
32,11,27,0.453,0,0
62,9,50,0.84,1,1
34,12,34,0.588,0,0
23,11,37,0.243,1,0
49,9,20,0.16,0,0
30,9,46,0.514,1,0
24,12,35,0.517,0,1
22,11,45,0.398,1,1
17,13,54,0.67,1,1
25,13,60,0.923,1,0
31,13,54,0.596,1,1
51,10,40,0.765,1,0
51,10,56,0.799,0,1
48,10,42,0.575,1,0
76,11,32,0.57,0,0
42,12,44,0.246,1,1
51,11,42,0.422,1,0
52,10,35,0.555,1,1
55,11,31,0.448,0,0
58,12,29,0.553,0,0
35,9,42,0.652,1,0
23,13,39,0.442,1,0
21,15,41,0.633,0,1
38,13,34,0.762,1,0
23,12,51,0.585,0,1
42,10,39,0.536,1,1
36,8,46,0.786,1,1
20,8,19,0.322,0,0
62,13,63,0.383,1,0
17,11,32,0.581,0,0
60,13,61,0.686,1,1
57,9,35,0.474,0,1
39,13,25,0.373,0,0
56,8,33,0.565,1,0
44,10,55,0.375,0,0
48,9,31,0.123,0,0
17,7,36,0.583,0,0
39,10,19,0.392,0,0
32,13,36,0.417,1,0
31,9,20,0.682,0,0
42,12,33,0.649,1,1
51,10,42,0.739,1,1
31,7,31,0.661,1,0
26,10,54,0.415,1,1
35,16,39,0.49,0,0
43,12,30,0.451,1,0
27,9,49,0.561,1,0
54,9,49,0.677,1,1
43,11,34,0.64,0,0
50,11,43,0.771,1,1
41,13,34,0.583,1,1
60,7,22,0.21,0,0
41,15,42,0.231,0,1
17,11,56,0.669,1,1
26,8,58,0.354,0,0
35,10,52,0.449,1,1
64,11,19,0.542,1,0
29,7,35,0.528,0,0
66,7,47,0.434,0,0
42,8,48,0.13,0,0
62,11,54,0.475,1,1
41,8,51,0.733,1,0
37,14,62,0.5,1,0
22,12,44,0.411,1,0
36,9,24,0.289,1,1
34,12,39,0.624,1,1
32,14,35,0.303,1,0
57,13,23,0.404,0,0
43,15,40,0.226,1,0
35,9,50,0.544,1,0
42,16,50,0.421,1,1
55,11,51,0.521,1,0
36,16,47,0.597,1,1
42,10,32,0.551,1,1
35,12,28,0.627,1,1
23,8,47,0.429,1,0
35,12,54,0.233,0,0
34,12,25,0.63,0,0
42,11,43,0.426,0,0
50,16,47,0.1,1,1
17,12,55,0.439,0,0
17,11,36,0.241,1,0
53,10,38,0.322,0,0
68,15,44,0.516,1,0
39,15,43,0.634,1,0
42,9,61,0.649,1,0
38,8,43,0.399,1,0
17,9,52,0.0,0,0
23,10,34,0.353,1,1
28,11,20,0.275,1,0
54,10,28,0.234,1,0
70,12,48,0.258,1,1
17,11,35,0.667,0,0
26,13,43,0.192,0,0
30,13,45,0.505,0,0
45,8,38,0.34,0,0
35,11,26,0.644,1,0
50,9,50,0.623,1,1
50,14,66,0.624,1,1
52,11,49,0.706,1,0
44,13,23,0.42,0,1
45,11,25,0.43,0,0
47,13,52,0.491,1,1
51,15,21,0.426,1,1
59,11,44,0.433,0,1
31,9,44,0.18,0,0
23,11,50,0.564,1,0
48,5,43,0.59,0,1
35,6,36,0.607,1,0
54,12,47,0.497,1,0
49,9,47,0.182,1,1
35,8,52,0.446,0,0
17,12,21,0.564,0,0
39,9,17,0.37,0,0
41,11,68,0.559,1,1
25,15,29,0.458,0,0
65,10,27,0.52,1,1
41,12,56,0.599,1,0
38,11,23,0.608,1,0
33,14,59,0.67,1,0
44,11,40,0.1,0,1
67,9,38,0.453,1,1
51,14,43,0.57,1,1
25,11,31,0.236,0,1
42,7,41,0.619,0,0
47,13,59,0.659,1,1
42,10,43,0.366,0,0
35,12,51,0.409,1,0
41,11,36,0.333,0,0
38,11,25,0.199,1,0
55,6,34,0.552,0,0
41,10,34,0.364,1,0
27,11,52,0.724,1,0
52,15,33,0.612,1,0
28,8,55,0.793,1,0
58,10,49,0.714,1,1
17,8,31,0.291,0,0
50,14,36,0.366,1,0
48,11,51,0.572,1,1
65,12,20,0.379,0,1
44,10,47,0.297,0,0
48,9,24,0.249,0,0
41,16,43,0.387,1,0
62,13,29,0.287,0,0
56,15,31,0.473,1,1
26,13,38,0.638,1,1
49,15,50,0.559,1,1
29,9,26,0.49,0,1
41,13,10,0.704,1,0
21,9,28,1.0,1,1
47,14,25,0.773,1,1
50,16,52,0.217,1,0
28,14,39,0.585,1,0
45,7,31,0.232,0,0
54,16,41,0.516,1,1
60,8,28,0.185,1,1
33,11,29,0.511,1,0
28,12,22,0.491,0,0
39,8,43,0.581,0,0
43,10,43,0.412,1,1
82,13,51,0.545,1,1
37,13,51,0.668,1,1
27,11,42,0.246,0,0
43,7,28,0.599,1,1
17,9,33,0.334,1,0
28,12,33,0.332,1,0
57,10,40,0.313,0,0
17,10,43,0.351,0,0
44,11,32,0.652,1,1
17,10,27,0.227,0,0
52,12,49,0.69,1,1
68,15,21,0.576,1,0
40,8,43,0.668,1,0
31,11,52,0.58,1,1
25,7,53,0.045,0,0
29,16,26,0.677,1,1
18,7,47,0.717,1,0
19,12,52,0.636,1,0
43,15,42,0.284,1,0
50,8,31,0.422,0,1
35,4,47,0.4,0,1
22,11,62,0.523,1,1
27,14,46,0.44,1,1
44,8,23,0.607,1,0
56,13,58,0.321,0,1
37,12,57,0.378,0,1
35,12,74,0.336,1,0
44,12,35,0.691,1,0
46,12,59,0.589,1,1
48,13,50,0.433,1,1
56,13,48,0.692,1,0
40,16,52,0.638,1,1
37,13,48,0.342,1,1
22,13,52,0.642,1,0
49,13,20,0.32,1,1
32,12,34,0.793,1,0
36,15,35,0.568,0,0
32,12,50,0.425,1,0
33,5,32,0.341,0,0
23,3,24,0.454,0,0
57,10,46,0.418,0,1
42,6,43,0.65,1,1
36,12,46,0.538,1,0
35,11,30,0.456,0,0
37,13,53,0.388,0,1
32,15,44,0.435,1,1
29,8,48,0.376,1,0
39,11,50,0.326,0,0
48,9,47,0.544,1,0
17,10,42,0.755,1,0
37,12,14,0.516,0,0
37,14,34,0.533,1,0
51,13,36,0.38,1,0
17,9,41,0.421,1,0
49,11,41,0.495,1,0
17,13,29,0.702,1,0
56,12,48,0.156,0,0
30,10,41,0.405,1,0
41,8,12,0.39,0,0
45,7,33,0.464,1,1
34,10,13,0.721,1,0
42,12,52,0.856,1,1
36,12,40,0.544,1,0
67,5,38,0.395,0,0
47,9,35,0.196,0,1
44,11,37,0.63,0,1
20,10,16,0.45,0,1
59,11,41,1.0,1,0
46,9,51,0.705,1,1
41,12,39,0.631,1,0
29,13,39,0.677,1,0
17,16,42,0.397,1,1
45,13,64,0.399,1,1
44,10,26,0.515,0,0
40,7,50,0.725,1,1
24,12,34,0.315,1,1
39,12,43,0.424,0,0
23,9,19,0.384,0,0
42,10,40,0.196,0,0
47,10,25,0.558,1,0
67,12,33,0.272,0,1
30,16,43,0.895,1,1
55,13,41,0.518,0,0
51,14,18,0.602,1,1
51,10,65,0.532,1,1
47,16,49,0.489,1,1
54,13,39,0.284,1,0
39,14,40,0.364,0,1
44,7,42,0.304,1,0
50,13,58,0.751,1,1
28,14,18,0.329,1,0
56,6,50,0.393,0,1
57,13,52,0.356,1,0
31,13,43,0.679,1,1
60,11,43,0.644,1,1
33,11,34,0.662,1,1
39,10,27,0.431,0,0
58,11,36,0.583,0,1
29,14,43,0.581,0,0
54,8,42,0.496,1,0
41,13,48,0.439,1,1
37,11,38,0.559,1,1
65,13,44,0.648,1,1
42,8,49,0.781,1,1
56,6,59,0.821,1,1
43,9,30,0.488,0,0
30,9,37,0.251,0,0
27,10,59,0.348,1,0
41,10,44,0.596,1,0
35,10,26,0.591,1,0
37,8,65,0.365,1,0
44,16,44,0.266,1,1
35,7,43,0.558,1,0
42,12,53,0.428,0,0
67,9,41,0.537,1,1
66,13,53,0.583,1,1
41,13,59,0.584,1,1
30,6,57,0.574,1,0
46,10,50,0.353,0,1
74,12,43,0.732,1,1
27,16,33,0.523,0,0
21,11,26,0.204,0,0
31,9,33,0.347,0,1
43,14,45,0.414,1,1
41,9,46,0.464,1,0
35,13,41,0.289,1,1
28,13,25,0.696,1,1
52,11,51,0.729,1,0
50,13,48,0.755,1,0
22,11,27,0.438,1,0
25,14,51,0.694,1,1
63,10,22,0.625,1,0
23,12,43,0.509,1,0
24,13,25,0.439,0,0
66,13,58,0.512,1,1
69,10,40,0.577,0,1
36,11,40,0.612,0,1
40,10,61,0.322,0,1
37,11,32,0.384,1,0
41,14,40,0.571,0,1
22,10,45,0.27,1,0
49,11,35,0.283,1,1
44,8,40,0.604,1,1
53,11,34,0.41,0,0
34,4,61,0.926,1,0
23,12,40,0.214,0,0
39,16,60,0.495,1,1
29,10,30,0.663,1,1
52,11,35,0.591,1,0
46,10,33,0.735,1,0
43,7,44,0.416,1,0
31,11,53,0.594,1,0
17,14,34,0.113,1,1
40,11,47,0.653,1,1
44,10,35,0.551,0,0
17,8,42,0.342,0,0
57,14,47,0.704,1,1
17,7,37,0.529,0,0
35,15,58,0.485,1,1
23,12,51,0.446,1,0
21,16,50,0.523,1,1
32,11,39,0.293,0,0
45,15,47,0.683,1,0
41,16,13,0.457,1,1
20,11,56,0.509,1,0
20,13,43,0.806,1,1
44,8,40,0.502,1,0
51,10,33,0.674,0,1
17,9,17,0.355,0,0
81,11,22,0.261,0,0
39,10,16,0.233,0,0
49,11,37,0.721,1,0
54,13,34,0.348,1,1
50,9,45,0.518,1,0
17,11,23,0.054,0,0
39,11,63,0.589,1,0
46,12,46,0.494,1,1
57,13,48,0.497,1,0
52,11,41,0.616,1,1
23,9,56,0.587,0,0
36,13,47,0.827,1,1
21,5,29,0.389,0,0
43,11,45,0.937,1,1
17,14,30,0.508,1,0
38,9,21,0.24,0,0
37,10,34,0.766,1,1
48,12,45,0.0,0,0
44,5,45,0.523,0,1
55,11,47,0.95,1,1
51,12,30,0.627,1,0
17,11,48,0.815,1,1
31,14,47,1.0,1,1
55,7,19,0.549,0,1
22,8,56,0.574,1,0
50,13,40,0.841,1,1
29,10,38,0.217,0,0
32,13,32,0.289,0,0
46,13,49,0.394,1,1
38,8,62,0.465,1,0
44,7,33,0.664,1,0
52,11,51,0.334,1,1
30,15,42,0.748,1,1
44,6,36,0.327,0,0
37,11,39,0.655,1,0
33,15,58,0.835,1,1
59,10,46,0.489,1,1
27,16,54,0.586,1,1
28,6,46,0.313,1,1
42,12,34,0.439,1,1
41,10,45,0.476,1,0
47,14,30,0.532,0,1
57,15,71,0.668,1,1
51,12,30,0.403,1,0
47,10,35,0.744,1,1
46,8,54,0.493,0,0
17,13,22,0.395,1,1
39,11,28,0.448,1,0
55,11,50,0.298,1,0
33,11,44,0.758,1,0
38,16,35,0.587,1,1
23,14,58,0.275,1,1
51,9,48,0.556,1,0
31,6,30,0.454,0,0
36,11,27,0.563,0,1
37,11,58,0.652,1,1
43,14,35,0.436,1,1
31,11,45,0.508,1,1
52,7,22,0.361,0,0
48,10,50,1.0,1,1
34,14,46,0.283,1,1
32,14,27,0.568,1,0
41,9,35,0.536,1,0
42,8,43,0.589,0,0
36,12,39,0.473,1,0
26,8,33,0.37,1,1
57,16,27,0.666,1,1
41,8,56,0.35,0,1
39,10,29,0.601,1,1
32,14,43,0.351,1,0
41,10,51,0.31,0,0
22,11,50,0.676,1,0
43,10,16,0.591,0,0
45,13,40,0.311,0,1
42,13,40,0.726,1,0
39,13,42,0.593,1,1
43,12,53,0.55,1,1
33,11,54,0.511,0,0
32,13,28,0.537,1,1
33,13,66,0.514,1,1
57,9,43,0.379,0,0
50,10,39,0.478,0,0
52,16,35,0.077,0,0
25,11,43,0.458,1,1
24,13,35,0.47,1,0
48,12,41,0.535,1,0
28,9,47,0.323,1,0
49,7,22,0.697,1,1
17,12,38,0.276,1,0
48,12,48,0.831,1,0
35,9,50,0.458,1,0
18,12,52,0.603,1,0
24,9,51,0.671,1,1
34,13,27,0.156,0,1
45,14,28,0.482,0,1
37,11,37,0.666,1,0
38,9,26,0.603,0,0
21,13,35,0.283,0,0
54,13,40,0.428,1,1
40,11,31,0.172,0,0
44,10,28,0.471,0,1
17,14,40,0.562,1,1
17,12,48,0.696,1,1
41,12,40,0.646,1,0
33,14,40,0.465,1,0
41,15,42,0.547,1,1
29,11,46,0.123,0,1
43,9,42,0.364,1,0
17,14,42,0.809,1,0
48,10,51,0.584,1,1
33,11,49,0.458,1,1
51,8,26,0.157,0,0
34,14,53,0.179,0,1
45,12,56,0.393,1,1
22,9,32,0.667,1,0
52,13,31,0.389,1,0
27,11,61,0.146,0,0
47,12,41,0.582,1,0
31,14,39,0.482,0,1
48,14,51,0.392,0,1
38,9,45,0.53,1,0
27,11,15,0.631,1,1
53,12,60,0.644,1,1
52,9,53,0.556,1,1
35,10,69,0.664,1,1
51,14,45,0.985,1,1
58,10,35,1.0,1,0
48,13,39,0.324,1,1
62,12,38,0.308,0,0
40,12,38,0.659,1,0
51,10,26,0.075,0,0
39,6,9,0.355,0,0
29,16,45,0.652,1,1
22,13,56,0.178,1,0
47,8,43,0.522,1,0
29,8,52,0.381,0,0
22,13,38,0.46,1,0
17,9,48,0.588,0,0
67,12,49,0.526,0,0
52,7,36,0.335,0,0
31,12,42,0.755,1,1
51,14,14,0.626,1,0
26,8,34,0.387,1,0
45,11,37,0.187,0,1
55,14,37,0.161,0,1
24,10,46,0.417,1,0
53,8,29,0.087,0,1
22,14,34,0.736,1,1
38,10,34,0.56,1,1
35,13,40,0.596,0,1
37,12,37,0.745,1,1
44,6,48,0.269,1,0
49,10,29,0.551,0,1
39,12,42,0.505,1,0
38,12,12,0.765,1,0
38,11,58,0.55,1,1
56,13,33,0.649,1,1
52,9,35,0.359,0,1
20,13,43,0.639,1,1
38,8,24,0.535,1,0
28,8,35,0.576,0,0
46,10,43,0.458,0,1
61,14,33,0.399,0,0
26,14,46,0.431,1,1
42,12,41,0.299,1,1
50,13,29,0.335,1,0
29,10,27,0.389,1,1
38,13,55,0.798,1,1
35,12,65,0.61,1,0
47,10,42,0.389,0,0
67,13,48,0.87,1,1
32,13,50,0.53,1,1
25,7,35,0.756,1,0
45,12,46,0.213,1,0
39,12,49,0.384,1,1
52,12,50,0.671,1,1
21,8,49,0.331,1,0
43,12,37,0.508,1,1
33,12,40,0.714,1,1
36,7,29,0.295,0,0
32,14,54,0.506,1,1
38,10,42,0.784,1,1
34,9,48,0.249,0,0
44,13,26,0.691,1,1
52,15,55,0.641,1,1
17,15,40,0.521,1,1
45,9,28,0.347,1,0
36,12,31,0.803,1,0
62,8,41,0.575,1,1
29,11,13,0.526,0,0
32,14,51,0.566,0,0
23,8,35,0.422,0,0
37,11,26,0.34,0,0
33,11,43,0.708,1,1
43,9,61,0.637,1,1
33,10,52,0.702,1,0
38,14,70,1.0,1,0
26,7,41,0.27,0,0
52,11,51,0.449,0,1
17,7,46,0.777,1,0
46,16,46,0.559,1,1
39,11,53,0.664,1,1
53,10,32,0.405,0,1
63,11,52,0.517,1,1
44,8,52,0.458,0,0
23,11,17,0.528,0,1
42,11,45,0.482,1,0
21,6,52,0.125,0,0
46,12,62,0.442,0,0
47,15,43,0.503,1,1
46,8,42,0.749,1,0
27,12,52,0.706,1,1
50,11,49,0.33,1,1
30,13,64,0.72,1,1
28,11,35,0.292,0,0
29,10,57,0.655,1,1
36,10,32,0.37,0,0
40,11,45,0.77,1,1
38,15,30,0.629,1,0
56,10,43,0.603,1,1
53,10,50,0.51,0,1
42,9,40,0.409,1,0
25,13,40,0.901,1,0
22,14,57,0.453,1,0
54,11,53,0.648,1,0
52,13,48,0.377,1,0
35,15,50,0.393,1,1
39,13,25,0.068,0,0
25,9,54,0.282,1,0
45,16,49,0.578,1,1
17,13,61,0.499,1,0
80,10,45,0.384,1,1
49,12,47,0.521,0,1
45,14,38,0.159,0,0
54,10,56,0.22,1,0
32,8,53,0.525,1,0
41,13,47,0.505,1,0
47,7,28,0.451,1,0
42,11,27,0.13,0,0
40,6,37,0.559,1,0
25,11,56,0.277,0,0
54,11,47,0.455,1,1
38,16,77,0.712,1,1
24,9,44,0.436,1,1
43,11,29,0.626,1,1
42,9,44,0.229,0,0
37,9,57,0.615,1,1
36,13,21,0.303,0,0
26,8,56,0.331,1,1
43,11,43,0.247,0,0
27,11,59,0.49,1,0
59,8,45,0.55,1,0
48,11,51,0.414,1,1
40,12,46,0.865,1,1
51,11,52,0.54,0,0
40,10,51,0.361,1,0
30,11,29,0.371,0,0
38,10,50,0.577,1,1
60,12,41,0.2,1,1
23,11,38,0.503,1,0
22,12,54,0.697,1,1
25,9,41,0.552,1,0
29,11,45,0.718,0,0
31,13,21,0.035,0,0
38,13,40,0.271,1,0
33,12,48,0.506,1,1
33,11,35,0.641,1,0
67,14,55,0.535,1,1
40,16,41,0.342,0,1
17,10,69,0.351,1,0
27,8,30,0.193,0,0
54,8,63,0.456,1,1
43,12,66,0.697,1,1
40,10,47,0.389,1,1
47,12,36,0.512,1,1
19,14,42,0.606,0,0
40,12,39,0.738,1,1
31,8,38,0.689,0,0
29,11,56,0.497,1,1
27,6,44,0.168,0,0
50,8,29,0.226,0,0
52,16,54,0.842,1,1
43,10,37,0.731,1,1
50,13,50,0.512,1,0
19,9,14,0.415,0,0
36,10,37,0.422,1,1
52,11,52,0.52,1,1
50,8,46,0.581,1,1
34,6,45,0.318,0,0
35,12,43,0.203,1,0
40,13,52,0.803,1,0
69,12,46,0.816,1,1
26,10,37,0.401,0,0
44,13,33,0.692,1,1
28,10,32,0.383,0,0
20,16,30,0.384,0,0
42,8,52,0.444,0,0
31,9,43,0.545,1,1
28,8,22,0.273,0,1
30,13,41,0.384,1,0
58,7,54,0.151,0,1
38,11,57,0.63,1,1
56,15,57,0.419,1,0
67,9,51,0.785,1,1
30,12,43,0.248,0,0
40,15,42,0.694,1,1
38,10,26,0.368,0,0
50,10,23,0.353,0,0
56,9,33,0.825,1,1
45,13,29,0.696,1,0
31,11,54,0.612,0,1
38,9,31,0.72,1,0
46,11,26,0.287,1,1
33,8,54,0.633,1,1
35,16,40,0.553,1,1
29,14,17,0.571,0,0
33,12,54,0.475,1,1
18,14,41,0.261,1,0
36,11,30,0.507,0,0
57,13,21,0.391,0,0
47,15,28,0.729,1,1
46,13,26,0.367,1,0
51,13,42,0.495,1,1
23,11,35,0.538,1,1
59,11,40,0.296,1,1
29,11,40,0.532,0,0
47,13,56,0.748,1,1
57,13,64,0.665,1,1
24,10,32,0.391,1,0
32,15,57,0.499,1,1
26,9,29,0.157,0,0
37,10,41,0.588,1,1
70,9,46,0.232,0,1
27,10,45,0.508,1,1
61,11,30,0.564,1,0
25,12,30,0.474,1,1
43,7,42,0.272,0,1
50,5,28,0.39,0,0
17,12,44,0.197,0,0
34,12,46,0.555,1,0
44,12,32,0.532,0,0
46,13,39,0.728,1,0
48,7,43,0.564,1,1
23,11,71,0.762,1,0
41,5,24,0.237,0,0
23,14,58,0.652,1,1
69,8,45,0.258,1,0
46,13,48,0.122,1,0
47,12,31,0.139,0,0
26,11,32,0.872,0,1
30,12,49,0.924,1,1
25,10,32,0.273,0,0
17,14,37,0.353,0,0
35,12,29,0.57,1,1
37,8,48,0.479,1,0
71,14,22,0.65,1,1
42,4,43,0.242,0,0
43,15,45,0.5,1,1
41,13,66,0.69,1,1
63,9,49,0.297,0,1
32,9,45,0.439,1,0
31,13,51,0.757,1,1
19,11,43,0.479,1,0
48,8,33,0.306,1,0
42,9,67,0.0,0,0
21,12,34,0.594,1,0
36,9,53,0.9,1,0
17,12,47,0.636,1,1
45,12,40,0.763,0,1
45,10,38,0.72,1,0
31,12,47,0.445,1,1
38,12,28,0.831,1,0
52,10,25,0.455,0,0
27,12,44,0.872,1,0
34,11,35,0.441,0,0
34,11,48,0.739,1,1
47,12,44,0.412,1,1
30,12,33,0.429,1,0
50,11,57,0.305,1,1
46,11,39,0.481,1,0
56,8,22,0.198,0,0
46,15,35,0.554,1,1
32,10,26,0.455,0,1
45,6,46,0.495,1,0
34,8,53,0.657,1,0
27,13,57,0.565,1,0
47,11,27,0.607,1,0
35,9,45,0.402,1,0
58,10,28,0.366,0,1
19,13,29,0.302,1,0
31,5,39,0.538,1,0
50,15,41,0.528,1,1
37,10,50,0.455,0,0
36,10,49,0.44,1,0
28,16,29,0.556,1,1
57,12,36,0.82,1,1
46,13,55,0.48,0,0
31,13,26,0.787,1,1
39,12,40,0.684,1,1
41,10,77,0.444,1,1
22,13,54,0.646,1,0
48,14,31,0.252,1,0
38,11,40,0.681,1,1
43,10,42,0.202,0,0
17,14,47,0.787,1,1
57,10,39,0.555,1,1
17,11,44,0.235,1,0
40,12,36,0.723,1,1
48,14,57,0.576,1,1
47,14,42,0.077,1,0
19,11,58,0.404,1,0
53,12,18,0.539,1,0
41,8,18,0.673,0,0
67,7,49,0.242,0,1
28,10,41,0.443,1,0
42,12,22,0.858,1,1
32,10,33,0.35,1,0
40,12,41,0.531,1,1
39,13,37,0.568,1,1
49,8,49,0.264,0,0
22,15,36,0.487,1,0
42,12,40,0.673,1,0
57,10,28,0.861,1,1
26,9,54,0.168,0,0
38,11,42,0.65,0,0
45,16,55,0.824,1,1
23,12,26,0.748,1,0
63,13,46,0.369,0,1
29,9,78,0.428,1,0
54,15,49,0.592,1,0
50,9,25,0.556,1,0
27,7,36,0.466,1,0
50,13,57,0.509,1,1
42,16,49,0.323,1,1
60,8,46,0.444,0,0
31,14,11,0.617,1,1
36,9,47,0.52,1,0
47,11,36,0.394,1,0
50,15,41,0.573,1,1
17,9,38,0.262,0,0
30,12,38,0.383,0,1
48,10,56,0.482,1,1
33,13,44,0.568,0,1
37,11,45,0.585,1,1
65,7,22,0.566,0,0
18,10,43,0.563,1,0
17,11,58,0.602,1,1
50,8,37,0.587,0,0
25,15,20,0.313,1,0
30,9,47,0.656,1,1
54,14,41,0.354,0,1
36,10,43,0.604,1,0
17,9,40,0.517,1,0
65,16,31,0.855,1,1
36,12,66,0.487,1,1
22,12,1,0.121,0,0
47,15,52,0.433,0,1
63,7,14,0.033,0,0
40,9,60,0.595,1,0
42,16,40,0.537,1,1
34,13,51,0.803,1,1
36,9,35,0.53,1,0
48,15,27,0.612,1,0
17,12,32,0.983,1,0
40,12,45,0.0,1,0
30,13,61,0.775,1,1
33,14,43,0.213,1,0
48,15,37,0.235,1,0
59,11,44,0.73,1,1
24,11,46,0.595,1,0
22,10,48,0.648,1,0
44,14,39,0.462,1,1
33,10,40,0.363,0,0
36,11,75,0.428,1,1
34,9,35,0.403,0,0
48,14,47,0.449,1,1
65,12,42,0.658,0,0
50,7,51,0.474,1,0
37,7,39,0.448,0,0
41,8,38,0.342,1,0
31,14,17,0.326,0,0
56,9,36,0.626,0,1
40,11,32,0.649,0,1
52,13,30,0.62,1,0
25,9,29,0.453,0,1
30,13,42,0.595,1,1
32,12,43,0.885,1,0
46,11,37,0.602,1,1
18,9,33,0.159,0,0
49,14,63,0.571,1,1
69,9,36,0.846,1,1
51,7,25,0.403,0,0
56,11,47,0.262,1,1
49,8,50,0.895,1,1
49,9,16,0.211,0,0
51,11,46,0.355,0,0
35,12,67,0.173,1,1
27,14,72,0.574,1,0
37,10,34,0.777,0,1
26,11,27,0.432,0,0
54,13,38,0.685,1,1
58,15,43,0.12,0,0
52,11,40,0.659,1,0
25,10,32,0.655,1,0
52,13,39,0.516,1,1
48,8,40,0.555,1,0
51,9,50,0.595,0,1
38,9,44,0.334,1,0
45,10,46,0.626,1,0
37,13,17,0.436,1,1
47,15,52,0.291,1,1
17,8,26,0.393,0,0
44,9,47,0.435,1,0
28,12,42,0.774,1,1
50,12,47,0.479,1,0
44,13,52,0.69,0,1
41,14,37,0.514,1,0
39,12,33,0.568,1,1
35,8,43,0.565,0,0
39,12,53,0.397,1,1
51,11,49,0.416,0,1
43,16,42,0.331,0,1
59,8,54,0.451,1,1
38,8,40,0.447,0,1
61,14,34,0.593,1,1
17,14,39,0.244,0,0
66,13,34,0.695,1,1
65,16,47,0.426,1,1
23,13,39,0.677,1,0
38,13,21,0.517,1,0
57,11,38,0.566,1,1
47,7,36,0.391,1,0
43,13,18,0.574,0,0
32,12,14,0.303,0,0
36,12,38,0.438,1,0
26,14,44,0.584,1,1
39,16,57,0.699,1,1
29,14,30,0.462,1,1
55,15,39,0.338,0,0
47,13,23,0.711,1,0
37,11,4,0.713,1,0
37,10,41,0.378,0,1
38,14,48,0.598,1,1
21,11,36,0.345,1,0
57,10,63,0.53,1,1
59,10,62,0.827,1,1
43,16,55,0.553,1,1
42,10,24,0.559,0,1
53,12,46,0.702,1,1
45,14,37,0.363,1,1
49,11,59,0.48,1,0
20,12,34,0.712,1,1
17,14,55,0.81,1,1
41,12,27,0.559,0,0
32,16,40,0.488,1,1
34,9,17,0.871,1,0
34,13,51,0.604,1,1
41,13,32,0.405,1,1
34,9,45,0.42,1,1
58,12,17,0.349,1,0
40,7,32,0.0,0,0
60,9,42,0.579,1,1
28,13,54,0.62,0,0
54,16,40,0.0,0,0
24,3,27,0.193,0,0
23,10,42,0.25,1,0
53,16,40,0.799,1,1
45,10,41,0.432,1,0
17,13,62,0.292,1,1
32,14,57,0.982,1,1
28,13,45,0.624,1,0
42,13,31,0.16,0,0
70,13,28,0.174,0,1
46,11,60,0.163,1,1
31,11,27,0.592,1,0
47,11,40,0.2,0,1
46,11,64,0.669,1,1
32,13,35,0.698,1,1
66,13,40,0.376,1,1
30,9,34,0.09,0,0
48,8,54,0.731,1,1
34,11,46,0.7,1,1
28,10,28,0.596,1,0
62,15,42,0.335,1,1
43,12,40,0.546,1,1
54,10,51,0.6,1,1
56,14,61,0.417,1,0
31,8,43,0.0,0,0
46,13,35,0.149,1,1
31,11,52,0.298,1,0
18,16,45,0.831,1,1
50,8,64,0.664,1,0
37,6,49,0.657,1,1
58,10,41,0.722,1,0
45,11,49,0.338,1,0
45,16,45,0.736,1,1
50,12,10,0.262,0,0
18,12,44,0.554,1,1
34,12,27,0.251,0,1
35,10,31,0.679,1,0
47,11,48,0.481,1,0
48,8,55,0.607,0,0
53,15,32,0.657,0,0
35,10,48,0.592,0,0
40,11,57,0.455,0,0
36,10,30,0.705,1,1
23,11,63,0.726,1,0
45,9,25,0.567,1,1
18,12,40,0.296,1,0
37,11,40,0.201,0,0
45,14,36,0.194,0,0
71,9,38,0.291,0,0
23,7,43,0.25,0,0
55,15,32,0.68,1,1
48,11,31,0.301,0,1
41,8,16,0.478,0,0
67,12,45,0.389,1,1
17,7,40,0.231,0,1
42,13,39,0.434,0,0
57,11,48,0.298,0,1
30,12,54,0.756,1,1
42,16,46,0.519,1,1
42,14,35,0.367,1,0
26,8,39,0.759,1,0
43,15,33,0.274,0,0
30,4,35,0.192,0,0
28,11,39,0.609,1,0
26,7,33,0.487,1,0
50,11,38,0.393,1,0
44,15,53,0.95,1,1
52,9,34,0.42,1,0
44,11,44,0.738,1,1
31,10,51,0.441,1,0
49,13,55,0.337,1,1
74,13,42,0.788,1,1
25,5,41,0.577,0,0
17,12,52,0.395,0,0
39,14,50,0.683,1,1
42,9,66,0.696,1,1
56,15,32,0.683,1,1
43,8,48,0.605,1,0
37,12,26,0.479,1,0
41,13,25,0.581,0,0
53,12,22,0.788,1,1
39,15,38,0.545,1,1
56,12,41,0.511,1,1
65,12,54,0.411,1,1
43,12,56,0.454,1,1
33,9,27,0.129,0,0
45,13,57,0.155,1,0
39,16,36,0.499,1,1
21,14,27,0.137,0,0
55,11,36,0.73,1,1
45,15,65,0.657,1,1
52,13,32,0.159,0,0
36,15,41,0.55,0,1
17,5,44,0.551,0,0
17,14,53,0.407,1,0
23,10,22,0.55,0,0
26,9,45,0.705,1,0
53,13,38,1.0,1,0
48,13,31,0.631,1,1
36,8,43,0.758,0,1
18,14,37,0.847,1,0
46,13,36,0.786,1,1
33,12,52,0.582,0,0
22,7,31,0.757,0,0
46,8,46,0.544,1,0
50,9,46,0.635,1,1
34,13,63,0.472,1,1
40,10,37,0.817,1,1
35,11,47,0.95,1,1
50,13,39,0.581,1,1
21,15,34,0.84,1,1
34,13,16,0.8,1,0
24,4,48,0.617,1,0
23,13,46,0.319,1,1
31,7,52,0.495,1,0
30,10,31,0.769,1,0
29,11,45,0.695,1,1
36,7,42,0.425,0,0
52,12,56,0.403,1,1
19,10,51,0.396,1,0
69,13,60,0.405,1,1
40,10,47,0.421,1,0
23,11,49,0.607,1,1
38,13,45,0.549,1,0
64,7,50,0.72,0,1
17,11,19,0.401,1,0
19,15,29,0.794,1,0
27,11,43,0.189,1,0
32,11,61,0.069,0,0
57,10,24,0.37,1,1
32,9,44,0.571,1,0
52,11,39,0.67,1,1
40,11,52,0.287,1,1
59,10,42,0.799,1,1
49,9,53,0.927,1,1
25,6,28,0.587,0,1
17,12,22,0.362,1,0
33,11,41,0.758,1,1
26,10,63,0.646,1,1
34,8,28,0.398,0,0
40,14,36,0.739,1,0
36,15,44,0.316,0,0
17,11,36,0.529,0,0
39,13,20,0.311,0,0
34,11,40,0.494,1,0
33,9,43,0.535,0,0
23,12,42,0.538,1,1
19,10,51,0.445,1,0
17,10,49,1.0,1,1
25,9,42,0.243,0,0
17,12,34,0.801,1,0
31,9,57,0.569,0,0
38,8,30,0.481,0,0
50,12,48,0.506,1,1
52,13,49,0.541,1,1
58,15,43,0.514,1,1
46,8,47,0.73,1,0
43,9,51,0.608,1,1
37,10,51,0.359,1,1
18,13,59,0.407,1,1
30,7,22,0.626,1,0
27,9,20,0.179,0,0
45,16,55,0.544,1,1
43,10,66,0.374,1,0
42,9,46,0.812,0,0
21,12,51,0.252,1,1
24,12,54,0.769,1,0
38,16,41,0.893,1,1
57,12,75,0.646,1,1
28,13,29,0.59,1,0
52,11,38,0.602,0,0
51,16,45,0.512,1,1
51,11,28,0.374,1,0
38,14,42,0.451,0,1
44,9,41,0.846,1,1
27,8,33,0.559,1,0
33,13,46,0.732,1,1
59,10,44,0.748,1,0
26,10,31,0.502,0,1
51,12,50,0.602,1,0
34,15,36,0.449,0,0
27,11,40,0.497,1,0
28,6,27,0.394,0,0
30,4,29,0.451,0,0
38,9,42,0.387,1,1
22,11,23,0.518,1,0
32,10,47,0.553,1,0
53,13,28,0.585,1,1
44,8,31,0.333,0,0
21,15,67,0.804,1,1
28,10,19,0.6,0,0
35,11,50,0.418,1,1
55,11,44,0.326,1,1
52,14,33,0.713,1,1
50,15,27,0.745,1,1
49,13,37,0.382,1,0
27,6,36,0.124,0,0
22,11,36,0.541,1,0
17,12,39,0.506,1,0
33,10,32,0.493,0,0
42,14,63,0.455,1,1
49,4,30,0.132,1,0
27,11,40,0.395,1,0
25,13,37,0.501,1,1
59,15,44,0.389,1,1
34,6,34,0.619,1,1
24,9,30,0.313,0,0
50,7,61,0.306,0,1
26,10,45,0.899,1,0
31,9,37,0.655,1,0
45,13,30,0.454,1,1
72,16,28,0.288,1,0
33,9,36,0.318,0,0
44,11,51,0.89,1,1
41,10,32,0.499,0,0
44,9,38,0.247,0,0
25,13,43,0.638,1,1
42,14,28,0.59,0,1
55,13,58,0.576,1,0
41,10,28,0.382,1,1
42,14,47,0.482,1,1
43,11,36,0.061,0,0
42,10,50,0.596,1,1
17,8,42,0.515,1,0
17,10,21,0.224,0,0
23,11,15,0.626,0,0
52,11,35,0.388,1,0
45,13,39,0.845,1,1
45,11,29,0.338,0,1
17,14,41,0.72,1,1
41,10,41,0.7,1,1
48,7,33,0.514,0,1
40,9,25,0.496,1,1
40,13,26,0.272,0,1
29,7,39,0.408,0,0
50,11,36,0.959,1,0
37,11,40,0.329,1,0
40,10,34,0.743,0,0
26,6,17,0.449,1,1
56,11,51,0.353,1,0
39,11,23,0.0,0,0
31,15,34,0.52,1,1
61,12,28,0.393,1,0
46,15,39,0.337,0,0
23,9,55,0.336,1,0
37,9,40,0.865,1,1
21,13,55,0.576,1,0
52,13,40,0.815,1,1
44,8,27,0.427,0,0
31,14,33,0.449,1,0
35,8,43,0.64,1,0
27,10,36,0.537,1,0
28,9,57,0.703,1,1
53,11,51,0.27,0,0
32,8,24,0.068,0,0
28,9,39,0.081,1,0
32,10,28,0.568,1,1
40,10,49,0.665,1,0
53,7,33,0.535,0,0
48,9,44,0.388,1,1
50,15,55,0.625,1,1
31,10,20,0.471,1,1
44,14,31,0.931,1,1
30,11,50,0.44,1,1
17,12,47,0.188,1,0
52,9,23,0.736,0,1
30,13,29,0.279,1,1
17,11,34,0.579,1,0
31,9,59,0.503,1,1
19,6,25,0.683,1,0
42,11,47,0.451,1,0
35,16,62,0.463,1,1
31,9,32,0.505,1,0
55,8,46,0.677,1,0
24,7,42,0.529,1,0
38,9,45,0.686,1,0
48,11,40,0.757,1,1
36,13,39,0.424,1,0
41,8,24,0.535,0,1
27,12,40,0.472,1,0
62,11,43,0.818,1,0
41,6,33,0.58,0,0
44,10,57,0.517,1,0
32,16,24,0.836,1,1
45,13,53,0.667,1,1
34,4,30,0.694,0,0
49,11,44,0.592,0,1
38,12,27,0.722,1,1
26,11,27,0.698,0,0
37,11,32,0.274,0,1
61,11,31,0.688,1,0
37,14,35,0.271,1,1
43,10,35,0.685,1,1
42,12,58,0.492,1,1
43,15,43,0.601,1,1
28,8,32,0.703,1,0
44,12,34,0.883,0,0
31,9,36,0.535,1,0
41,10,39,0.636,1,0
17,13,49,0.664,1,1
58,6,46,0.171,0,0
35,12,44,0.47,1,1
47,12,52,0.601,1,0
24,12,36,0.814,1,1
38,12,41,0.497,1,1
33,14,41,0.407,0,1
49,10,24,0.398,1,1
42,10,46,0.48,1,1
43,10,29,0.58,0,0
36,12,39,0.358,1,1
43,10,31,0.618,0,0
48,10,35,0.989,1,1
47,12,46,0.714,1,0
21,10,60,0.447,1,1
19,14,36,0.326,0,0
59,14,40,0.602,1,1
33,10,37,0.519,1,1
29,12,67,0.5,1,0
38,9,44,0.697,1,0
33,15,42,0.287,1,0
26,11,42,0.407,0,0
43,11,43,0.41,0,0
58,10,23,0.778,0,1
36,16,65,0.965,1,1
53,10,54,0.656,1,1
35,11,52,0.155,1,0
20,12,45,0.643,0,0
34,12,49,0.581,1,0
23,12,62,0.763,1,1
41,9,39,0.201,0,0
22,14,39,0.592,0,1
51,11,60,0.253,0,1
56,10,36,0.63,1,0
47,16,46,0.447,1,1
33,9,38,0.144,1,0
36,10,53,0.596,1,0
74,11,41,0.698,1,1
24,11,42,0.638,1,0
55,10,49,0.278,0,1
56,6,37,0.646,1,0
47,12,59,0.751,1,1
58,13,47,0.61,1,1
49,10,15,0.004,1,0
49,9,49,0.448,0,0
24,16,28,0.487,1,1
17,8,44,0.478,0,0
32,11,44,0.58,1,1
28,14,53,0.593,1,1
40,10,47,0.443,1,0
60,11,53,0.363,0,1
38,7,47,0.454,0,0
17,14,37,0.186,0,1
35,13,49,0.452,1,0
18,12,47,0.576,1,0
39,10,41,0.459,0,1
49,12,41,0.609,1,0
66,14,52,0.85,1,1
65,3,69,0.255,0,0
23,12,39,0.808,1,1
44,13,17,0.708,1,0
42,10,37,0.372,0,0
28,14,33,0.582,1,1
19,15,42,0.662,1,0
63,15,48,0.707,1,1
47,9,55,0.612,1,1
51,14,51,0.622,1,1
28,14,49,0.555,1,0
72,11,24,0.501,1,1
50,4,7,0.233,0,0
27,16,32,0.448,1,0
17,8,25,0.499,1,1
58,11,44,0.494,1,1
23,13,27,0.475,1,0
44,14,59,0.862,1,1
51,10,52,0.446,0,0
28,11,30,0.389,0,0
59,13,58,0.444,1,1
32,13,39,0.221,0,0
46,12,45,0.709,1,1
17,16,28,0.645,1,0
65,8,56,0.551,1,0
17,10,51,0.452,0,0
55,13,46,0.849,1,1
20,10,39,0.455,1,0
44,13,40,0.47,0,0
24,5,36,0.484,0,0
38,15,36,0.714,1,1
47,9,42,0.397,0,0
36,9,61,0.41,1,0
63,9,42,0.465,0,0
46,11,45,0.571,1,1
39,10,50,0.446,1,0
41,12,48,0.429,1,1
65,6,48,0.203,0,0
28,8,41,0.448,1,0
44,9,29,0.503,0,1
41,12,50,0.366,0,1
45,11,68,0.64,1,1
53,8,47,0.521,1,0
23,14,44,0.449,1,0
28,14,48,0.227,0,0
42,9,39,0.574,1,1
62,13,33,0.863,1,1
37,8,41,0.29,0,0
44,7,35,0.113,0,0
20,12,34,0.247,1,0
57,7,38,0.479,1,0
55,9,40,0.404,0,0
30,13,35,0.537,1,0
50,15,45,0.524,1,1
56,8,39,0.455,0,1
56,16,35,0.484,1,1
25,8,58,0.682,1,0
26,16,49,0.63,1,1
17,12,43,0.362,1,1
17,10,48,0.791,1,0
46,5,30,0.41,0,0
46,15,30,0.306,1,1
35,13,27,0.549,0,0
58,10,37,0.64,0,1
36,10,45,0.526,1,0
40,11,44,0.355,0,0
52,8,32,0.429,0,0
54,12,51,0.488,1,0
30,10,49,0.601,1,0
48,11,33,0.277,0,0
21,11,34,0.404,0,1
42,16,46,0.456,0,0
70,8,51,0.106,0,0
33,11,29,0.66,1,1
43,10,61,0.618,0,1
37,12,55,0.457,1,0
40,15,62,0.553,1,1
19,7,38,0.479,0,0
30,10,31,0.327,0,0
46,11,35,0.559,1,1
55,11,25,0.657,1,0
18,12,35,0.417,1,1
43,12,46,0.522,1,1
28,14,50,0.62,1,1
41,12,34,0.622,0,1
33,9,56,0.564,1,0
25,14,56,0.471,1,0
26,11,52,0.396,1,1
50,11,40,0.214,0,1
46,8,41,0.653,1,0
27,14,68,0.723,1,1
27,14,40,0.834,1,1
49,14,57,0.299,1,0
87,10,61,0.779,1,1
47,11,19,0.5,1,0
37,7,26,0.512,0,0
31,15,34,0.206,0,0
27,14,33,0.486,1,1
28,5,42,0.458,0,0
52,10,59,0.467,1,1
35,13,49,0.64,1,1
26,14,50,0.39,1,0
45,11,51,0.375,1,1
42,16,31,0.497,0,0
19,12,41,0.69,1,1
42,9,72,0.622,1,0
36,10,35,0.422,1,0
71,9,41,0.519,1,0
33,12,45,0.452,1,0
44,8,48,0.497,1,1
51,8,32,0.346,0,0
63,14,51,0.301,1,1
35,13,56,0.608,1,0
40,12,43,0.363,0,0
33,10,45,0.671,1,1
32,12,30,0.387,1,1
46,8,32,0.334,0,0
33,8,28,0.081,1,1
38,9,55,0.565,0,1
55,8,36,0.497,0,0
73,9,26,0.551,0,0
40,12,30,0.062,0,1
34,10,47,0.759,1,0
33,9,46,0.627,0,0
51,10,44,0.469,0,0
33,13,56,0.754,1,0
42,16,35,0.259,0,1
30,13,39,0.529,1,1
28,13,45,0.842,1,1
35,8,24,0.141,0,0
43,12,29,0.531,1,0
33,13,37,0.382,1,0
29,15,43,0.535,1,1
46,7,37,0.446,0,0
54,8,54,0.653,1,1
45,12,77,0.439,1,1
43,12,42,0.564,1,1
29,7,22,0.414,0,0
52,9,34,0.61,1,0
33,10,49,0.378,1,0
38,12,57,0.901,1,0
46,9,51,0.47,1,0
38,11,42,0.471,0,0
46,15,66,0.312,1,0
39,9,34,0.405,0,0
39,11,50,0.745,1,0
65,9,45,0.446,1,1
28,10,40,0.365,0,0
40,14,50,0.292,1,0
59,16,53,0.637,1,0
41,12,28,0.752,0,1
45,9,54,0.695,1,0
36,11,56,0.284,1,1
50,5,48,0.422,1,0
55,9,42,0.714,1,0
47,13,59,0.332,1,0
38,6,40,0.268,0,0
41,8,18,0.459,1,1
36,11,59,0.723,1,1
26,4,48,0.343,0,1
40,8,26,0.789,1,0
35,12,44,0.501,1,0
56,12,38,0.429,1,1
26,9,32,0.425,0,0
30,11,48,0.772,1,1
36,10,52,0.529,1,0
19,10,32,0.019,0,0
57,12,53,0.655,1,1
35,11,26,0.314,0,1
52,11,65,0.574,1,1
46,11,25,0.71,1,1
51,10,45,0.372,0,0
45,14,37,0.603,1,1
56,10,8,0.361,0,0
35,10,21,0.841,1,1
41,11,36,0.552,0,0
47,8,31,0.56,1,0
52,9,30,0.881,1,0
60,9,49,0.521,1,1
57,11,28,0.314,0,0
60,10,51,0.135,0,1
44,7,41,0.393,1,0
34,11,24,0.659,1,0
53,12,46,0.435,1,1
51,6,32,0.554,0,0
75,9,46,0.439,0,1
52,13,56,0.254,1,1
29,7,57,0.424,0,0
43,13,66,0.806,1,1
34,14,27,0.636,0,1
19,14,41,0.419,1,1
41,9,42,0.312,1,0
56,8,10,0.62,0,0
58,11,34,0.282,1,0
44,10,16,0.255,0,1
47,10,33,0.441,0,0
47,10,49,0.402,1,0
31,11,25,0.271,0,0
31,5,50,0.784,1,0
46,10,42,0.252,0,0
39,8,36,0.777,1,1
47,15,24,0.467,1,1
24,15,21,0.645,1,1
33,9,36,0.396,0,0
32,13,55,0.822,1,0
27,9,44,0.655,1,0
46,14,55,0.279,1,1
40,11,44,0.37,1,0
53,12,65,0.633,1,1
17,9,49,0.635,1,0
29,13,42,0.399,1,1
47,10,49,0.305,1,0
20,6,34,0.498,1,0
29,16,32,0.605,1,1
47,10,27,0.685,0,1
40,12,30,0.58,0,0
42,12,37,0.711,1,1
49,11,44,0.478,0,1
32,12,39,0.538,1,0
43,8,27,0.244,0,0
41,11,28,0.522,0,0
31,16,38,0.028,1,0
17,5,43,0.354,0,0
46,14,34,0.72,1,1
49,12,31,0.003,0,0
43,9,32,0.19,1,0
56,8,15,0.522,0,0
53,13,42,0.811,1,1
31,11,36,0.516,1,1
27,12,41,0.113,0,0
71,6,33,0.46,1,1
18,7,46,0.438,0,0
50,12,27,0.68,1,1
26,7,31,0.743,0,0
56,11,73,0.247,1,1
58,13,51,0.373,1,0
65,7,43,0.326,0,1
31,11,46,0.431,1,1
31,13,29,0.4,1,0
40,10,46,0.318,1,1
42,8,51,0.342,0,1
45,10,47,0.61,1,1
31,8,52,0.68,1,0
39,14,46,0.746,1,1
45,13,39,0.333,1,1
42,9,32,0.346,0,0
43,12,32,0.617,1,0
40,14,46,0.483,0,0
17,12,35,0.684,1,0
59,11,42,0.576,0,1
52,8,28,0.287,0,0
30,7,43,0.602,1,1
34,12,27,0.481,0,0
46,10,37,0.821,1,1
35,8,57,0.337,0,1
45,16,58,0.705,1,1
47,9,51,0.648,1,1
18,6,21,0.385,0,0
31,8,40,0.319,0,1
62,7,55,0.497,1,0
36,12,40,0.675,0,0
19,10,32,0.949,1,0
66,6,17,0.076,0,0
60,16,51,0.348,1,0
58,12,53,0.348,1,1
35,11,35,0.036,0,0
33,11,22,0.321,0,0
34,16,43,0.646,0,1
63,13,19,0.248,0,0
50,8,45,0.537,0,0
63,14,47,0.458,1,0
17,10,48,0.539,1,0
30,16,47,0.646,1,1
31,9,56,0.597,0,0
41,10,38,0.511,0,1
42,11,41,0.4,1,1
26,7,25,0.65,1,1
20,10,16,0.664,1,0
44,13,53,0.429,1,1
46,10,43,0.601,1,0
23,10,39,0.598,1,1
33,9,52,0.461,1,0
43,9,21,0.592,0,1
53,10,28,0.213,0,1
45,15,57,0.472,0,0
41,12,30,0.585,1,1
23,12,53,0.763,1,1
24,8,34,0.473,0,0
44,11,49,0.755,1,0
24,12,57,0.487,1,1
33,11,15,0.679,0,1
30,9,50,0.295,1,0
54,14,42,0.6,1,0
27,13,34,0.531,1,0
17,8,40,0.55,1,0
30,16,56,0.831,1,1
36,8,24,0.238,0,0
49,11,44,0.132,1,0
23,9,31,0.758,0,0
44,8,14,0.268,0,0
24,12,42,0.647,1,0
17,9,44,0.425,1,0
47,11,38,0.471,1,0
22,10,56,0.446,1,0
43,13,52,0.557,1,1
23,5,43,0.354,0,0
22,10,60,0.302,1,1
19,16,24,0.587,1,1
21,11,47,0.35,1,0
43,13,30,0.457,0,1
22,11,35,0.927,1,1
46,15,55,0.578,1,1
46,10,39,0.611,1,1
31,11,27,0.401,1,1
58,12,47,0.564,1,1
32,7,25,0.388,0,0
40,12,49,0.671,1,1
25,10,36,0.569,0,0
29,13,51,0.184,0,0
44,13,6,0.819,0,1
30,12,37,0.577,0,1
48,12,42,0.583,1,1
48,8,50,0.507,1,1
54,10,58,0.494,1,1
25,12,51,0.451,1,0
47,13,61,0.429,1,0
49,13,42,0.615,1,1
28,10,30,0.735,1,1
17,11,32,0.377,0,0
39,10,41,0.257,1,1
38,14,45,0.534,1,0
56,12,37,0.714,1,0
52,10,30,0.831,1,1
47,9,31,0.429,0,1
28,9,20,0.618,1,0
34,9,27,0.301,1,1
38,7,56,0.116,0,0
50,14,40,0.481,0,1
56,13,47,0.278,1,1
53,8,33,0.344,0,1
35,11,59,0.317,1,1
40,15,40,0.527,1,1
33,9,12,0.22,0,0
47,13,50,0.367,1,0
52,12,41,0.846,1,1
34,9,22,0.374,0,0
59,14,47,0.391,1,1
38,14,44,0.493,1,1
50,8,23,0.409,0,1
25,7,53,0.263,0,1
45,11,57,0.569,1,1
27,7,42,0.28,0,0
25,11,36,0.603,0,0
24,7,43,0.323,0,0
51,13,32,0.317,1,1
34,10,34,0.559,0,0
17,9,36,0.228,0,0
43,12,36,0.311,0,0
67,16,64,0.564,1,1
23,10,50,0.511,0,0
41,8,31,0.542,1,1
32,11,26,0.671,1,0
45,13,58,0.652,1,0
45,7,34,0.356,0,1
46,9,61,0.753,1,1
50,12,38,0.511,1,1
30,11,59,0.694,1,0
32,16,46,0.515,1,0
31,8,43,0.207,0,0
31,11,46,0.605,1,1
28,8,36,0.579,0,0
32,9,41,0.388,0,0
21,10,45,0.588,1,0
31,10,36,0.305,0,0
18,12,34,0.664,1,1
46,16,43,0.409,1,1
26,13,60,0.807,1,0
48,8,48,0.387,0,0
17,14,34,0.469,0,0
38,15,33,0.345,1,1
35,8,63,0.551,1,0
52,7,59,0.678,1,0
31,11,32,0.403,0,1
38,7,12,0.476,0,0
73,10,70,0.578,1,1
66,15,44,0.646,1,1
43,11,46,0.506,1,1
51,11,24,0.33,0,1
47,14,59,0.498,1,1
39,12,35,0.818,1,1
43,16,42,0.758,1,1
50,12,47,0.56,1,1
38,8,21,0.717,1,0
46,13,40,0.691,1,0
59,10,42,0.713,1,1
41,9,34,1.0,1,0
34,5,33,0.568,0,1
48,10,41,0.318,1,1
27,13,40,0.451,1,0
33,12,51,0.47,1,1
35,10,39,0.735,0,0
46,15,29,0.587,1,1
43,13,53,0.364,1,1
32,14,52,0.738,1,1
23,12,26,0.71,1,0
37,15,44,0.713,1,1
20,12,52,0.498,1,0
24,12,39,0.488,0,1
36,12,40,0.287,0,0
39,11,25,0.465,1,0
54,13,58,0.803,1,1
61,8,31,0.649,1,0
47,11,49,0.542,1,0
42,11,52,0.681,1,0
59,10,42,0.395,1,1
47,7,28,0.072,0,0
58,11,23,0.861,1,1
30,8,37,0.197,0,0
32,10,36,0.637,1,1
42,14,42,0.609,1,1
40,16,47,0.577,1,1
52,13,34,0.422,0,1
39,14,27,0.725,1,1
77,13,43,0.498,0,1
36,16,25,0.34,1,1
52,10,60,0.409,1,0
18,16,30,0.498,1,1
33,11,27,0.587,1,0
33,11,42,0.722,1,0
39,8,36,0.403,0,0
48,10,41,0.578,1,0
17,7,38,0.468,0,0
54,12,39,0.66,1,1
41,13,28,0.783,1,1
46,10,35,0.496,0,0
62,11,29,0.352,1,1
40,12,45,0.618,1,1
28,5,48,0.228,0,0
47,14,47,0.488,1,1
49,11,47,0.449,0,0
41,9,35,0.345,1,0
29,11,53,0.682,1,1
39,11,44,0.579,1,1
45,10,54,0.324,1,1
22,5,15,0.052,0,0
39,11,21,0.273,0,0
40,11,49,0.519,1,0
40,9,23,0.403,0,0
23,11,47,0.672,1,0
55,12,29,0.619,1,1
26,16,37,0.464,1,1
43,10,29,0.618,1,1
30,13,8,0.354,0,1
17,8,51,0.378,0,1
41,8,53,0.724,0,0
29,13,37,0.586,1,0
63,14,44,0.359,1,1
29,13,29,0.561,0,1
29,13,25,0.293,0,0
24,10,42,0.578,0,0
50,11,55,0.634,1,0
35,13,33,0.65,1,0
17,12,42,0.162,0,0
49,10,38,0.668,1,1
26,7,40,0.229,0,0
62,12,43,0.556,1,1
54,9,41,0.686,1,1
49,12,20,0.762,1,1
29,15,27,0.578,0,1
53,8,39,0.808,1,0
19,11,48,0.234,0,0
25,10,33,0.223,0,0
40,15,34,0.492,1,1
47,14,29,0.61,1,1
49,12,44,0.766,1,1
42,10,60,0.465,1,0
33,8,30,0.7,0,0
36,11,44,0.565,1,1
60,11,51,0.434,1,0
25,11,18,0.077,1,1
19,8,46,0.695,0,0
36,10,26,0.478,0,0
64,11,50,0.621,1,1
43,12,46,0.362,1,1
40,8,53,0.205,0,0
53,15,39,0.222,1,0
35,14,45,0.807,1,0
33,15,41,0.805,1,1
39,10,45,0.418,1,1
35,13,22,0.403,0,0
28,14,59,0.448,1,0
67,13,36,0.239,0,1
51,12,29,0.559,0,0
54,12,32,0.607,1,1
17,9,50,0.592,0,0
47,7,38,0.556,0,0
56,6,60,0.223,0,1
65,11,51,0.367,1,0
24,13,45,0.268,1,1
52,12,41,0.133,1,0
38,12,44,0.227,1,0
40,12,43,0.78,0,0
37,11,56,0.492,0,0
52,11,41,0.385,1,0
17,11,47,0.679,1,0
45,8,40,0.519,1,1
46,9,38,0.508,0,0
42,10,60,0.712,1,1
24,13,35,0.241,1,1
44,12,65,0.639,1,1
29,8,19,0.435,0,0
42,15,46,0.786,1,1
39,9,24,0.226,0,0
31,13,51,0.42,1,0
35,11,52,0.355,1,0
31,8,47,0.373,1,0
56,8,67,0.651,1,1
20,10,38,0.548,1,0
17,9,38,0.465,1,0
46,16,34,0.263,1,1
41,12,24,0.612,0,1
21,11,41,0.379,1,1
35,11,51,0.764,1,0
34,6,42,0.736,1,1
17,9,42,0.127,0,1
54,7,26,0.303,0,0
20,10,37,0.579,1,0
39,12,48,0.557,0,0
45,13,50,0.478,0,1
68,15,29,0.413,1,1
50,8,32,0.224,0,0
42,9,36,0.145,1,1
41,13,48,0.177,1,1
58,11,23,0.623,1,1
53,11,40,0.501,0,1
35,8,30,0.438,0,0
33,9,39,0.432,0,1
65,13,31,0.352,1,0
20,8,47,0.918,1,1
43,8,23,0.26,0,0
49,11,49,0.602,1,1
24,11,23,0.545,0,1
51,13,48,0.374,1,1
17,12,33,0.44,1,0
35,13,59,0.604,1,0
35,12,34,0.546,0,1
28,11,42,0.375,0,0
34,11,33,0.542,0,1
43,12,42,0.775,1,0
46,16,44,0.429,1,1
44,7,36,0.429,0,0
39,13,24,0.308,0,0
25,10,29,0.513,0,1
45,15,45,0.511,1,1
37,13,36,0.524,1,0
42,9,40,0.354,0,0
53,10,44,0.534,1,0
30,12,37,0.717,1,0
38,16,49,0.522,1,1
60,9,32,0.536,1,0
32,9,61,0.711,1,0
39,11,27,0.453,1,0
19,10,50,0.487,1,1
37,16,35,0.802,1,1
48,10,43,0.496,1,1
22,12,23,0.277,0,0
60,13,46,0.572,1,1
42,6,26,0.327,0,0
22,10,43,0.394,1,0
42,14,45,0.563,1,1
39,11,17,0.443,1,0
45,12,55,0.435,1,0
20,8,44,0.408,0,0
66,10,30,0.506,0,0
49,12,42,0.251,0,0
17,12,46,0.482,0,0
46,13,44,0.526,1,1
38,8,44,0.219,1,1
36,9,44,0.486,1,0
17,9,41,0.377,1,0
41,9,18,0.244,1,0
21,14,50,0.768,1,1
40,10,67,1.0,1,0
24,10,30,0.578,0,1
54,12,29,0.693,1,1
56,8,41,0.548,0,0
42,13,39,0.697,1,1
43,9,38,0.217,0,1
32,10,71,0.79,1,0
34,8,44,0.238,0,0
47,14,74,0.781,1,1
46,9,42,0.423,1,1
29,12,37,0.39,1,1
51,12,29,0.485,0,0
29,8,53,0.623,1,0
49,6,37,0.66,1,1
31,13,49,0.83,1,0
55,11,36,0.422,0,1
49,12,44,0.768,1,1
30,14,52,0.84,1,1
49,14,54,0.374,1,1
63,10,27,0.455,1,0
43,8,32,0.406,0,0
23,13,28,0.199,0,0
35,11,25,0.29,1,0
62,12,53,0.456,1,1
43,12,32,0.219,0,1
39,9,35,0.227,1,0
17,15,37,0.521,1,0
33,12,38,0.436,0,1
46,14,33,0.255,0,0
39,9,59,0.449,1,1
39,14,49,0.449,1,1
26,15,56,0.684,1,1
31,13,34,0.478,1,1
50,16,48,0.807,1,1
64,12,46,0.06,0,1
19,9,39,0.095,1,1
42,9,58,0.387,0,1
62,12,38,0.5,0,0
31,8,41,0.494,1,0
47,11,58,0.643,1,0
41,16,39,0.419,1,0
57,12,67,0.144,0,0
47,9,50,0.819,1,1
32,11,34,0.481,0,0
30,9,20,0.208,0,0
20,12,56,0.554,1,1
43,9,49,0.706,1,0
38,12,21,0.543,0,1
35,9,56,0.753,1,1
44,12,42,0.231,1,1
51,14,41,0.819,1,1
36,11,52,0.495,1,1
20,12,26,0.572,0,0
53,9,53,0.824,1,1
34,9,33,0.35,0,0
32,13,33,0.412,1,1
34,8,57,0.637,1,0
39,9,36,0.631,1,1
39,7,35,0.476,1,0
51,11,24,0.524,1,1
42,9,58,0.504,1,0
47,5,51,0.594,0,0
25,11,37,0.574,1,1
42,16,52,0.434,1,1
25,12,42,0.729,1,0
31,16,53,0.95,1,1
43,9,40,0.291,0,0
32,9,44,0.624,1,0
50,12,33,0.482,0,1
30,12,44,0.533,1,1
22,11,39,0.552,0,0
50,7,62,0.462,1,0
34,7,39,0.619,1,1
41,14,52,0.366,1,1
42,11,24,0.351,0,0
35,11,57,0.717,1,1
72,9,45,0.301,0,0
59,14,44,0.901,1,1
29,15,56,0.607,1,1
37,12,32,0.791,1,0
33,10,43,0.536,0,1
41,14,66,0.654,1,1
49,5,42,0.885,1,1
37,12,31,0.403,0,1
38,6,30,0.431,0,0
55,14,49,0.63,1,1
33,12,54,0.631,1,0
37,15,40,0.631,1,0
55,13,42,0.403,1,1
29,15,37,0.376,1,1
26,14,26,0.427,0,1
41,14,44,0.342,0,0
47,12,47,0.775,1,1
33,12,11,0.566,1,0
58,12,29,0.519,1,0
25,11,55,0.592,1,0
35,11,32,0.683,0,0
45,10,50,0.466,1,0
56,8,33,0.375,0,0
42,11,26,0.317,0,0
57,13,37,0.322,1,0
41,11,44,1.0,1,0
23,12,33,0.602,1,1
42,7,46,0.575,1,0
43,13,54,0.593,1,0
52,5,32,0.238,0,0
33,9,32,0.366,0,1
32,13,37,0.304,1,1
31,8,37,0.329,0,0
50,14,63,0.346,1,1
50,9,37,0.823,0,0
39,8,30,0.219,0,0
28,11,27,0.376,0,0
31,13,61,0.397,1,1
46,10,47,0.583,1,0
25,13,47,0.818,1,1
37,11,28,0.479,0,0
35,10,18,0.637,1,0
24,10,46,0.724,1,1
32,7,19,0.394,0,0
25,13,47,0.685,1,1
43,16,51,0.705,1,1
38,10,36,0.239,0,0
56,11,30,0.736,1,0
42,13,42,0.216,0,0
56,9,41,0.728,1,1
52,10,49,0.762,1,1
18,11,41,0.37,1,1
48,9,51,0.545,1,0
47,11,22,0.481,0,0
29,11,49,0.472,1,1
47,11,51,0.313,1,0
45,14,44,0.728,1,1
66,10,51,0.439,1,1
27,12,66,0.097,1,1
31,9,26,0.328,0,0
55,10,35,0.43,0,1
26,11,35,0.475,0,0
43,11,51,0.336,0,1
58,11,60,0.416,1,1
51,16,39,0.381,1,1
55,10,47,0.438,1,0
47,7,28,0.673,1,1
46,12,24,0.661,1,1
51,13,49,0.454,1,0
47,12,36,0.258,1,0
44,8,43,0.895,1,1
28,8,41,0.737,0,0
24,16,48,0.416,1,0
30,14,48,0.404,1,0
27,10,55,0.376,1,0
23,5,35,0.794,0,0
34,8,25,0.385,0,0
44,14,52,0.445,1,1
26,10,45,0.487,1,0
33,11,45,0.804,1,1
46,8,36,0.219,0,0
23,6,55,0.506,1,0
25,16,47,0.456,1,1
42,9,50,0.199,0,1
21,10,48,0.475,1,0
17,15,43,0.571,0,0
24,12,45,0.792,1,1
35,16,15,0.643,1,0
30,8,63,0.815,1,1
49,13,40,0.709,1,1
53,6,43,0.601,1,0
52,10,34,0.475,0,1
17,13,54,0.792,1,0
51,7,43,0.729,1,0
49,12,39,0.296,1,1
25,11,41,0.334,0,0
34,9,38,0.521,1,0
17,11,48,0.749,1,1
28,14,52,0.232,1,0
24,8,66,0.6,1,0
17,12,46,0.419,0,0
49,12,42,0.427,1,0
49,11,63,0.709,1,1
46,14,56,0.485,1,1
41,9,23,0.546,0,0
36,13,49,0.663,1,1
17,11,45,0.276,1,0
49,8,30,0.571,0,1
24,8,41,0.526,0,0
45,15,51,1.0,1,1
25,11,42,0.349,0,0
32,16,24,0.495,0,0
50,10,50,0.307,1,1
21,12,58,0.677,1,1
17,10,50,0.226,0,0
27,15,34,0.646,0,0
34,14,23,0.432,0,0
39,13,25,0.753,1,0
41,12,51,0.593,1,0
30,11,30,0.225,0,0
31,11,46,0.391,1,0
38,9,36,0.447,0,0
21,12,52,0.281,1,1
30,8,38,0.347,0,0
44,11,37,0.436,1,1
43,9,30,0.137,0,0
49,12,34,0.408,1,1
45,10,41,0.745,1,1
47,9,36,0.627,1,0
48,7,41,0.624,1,0
27,8,31,0.745,1,0
38,13,49,0.584,1,1
38,8,22,0.407,0,0
38,9,33,0.321,0,1
56,13,25,0.445,1,1
32,10,42,0.5,1,1
17,10,30,0.51,0,0
43,6,39,0.546,0,0
41,14,33,0.566,1,1
37,7,21,0.298,0,0
34,11,35,0.671,1,1
51,8,28,0.482,1,0
19,7,52,0.624,1,1
61,11,39,0.476,0,1
66,12,44,0.665,1,1
28,12,32,0.489,1,0
39,11,52,0.367,0,0
60,11,34,0.596,1,1
35,9,45,0.918,1,0
45,8,37,0.58,0,0
35,12,22,0.502,0,0
36,13,50,0.444,1,1
46,12,49,0.672,0,0
26,10,50,0.0,0,1
39,12,50,0.429,0,1
52,13,53,0.61,1,1
43,10,33,0.725,1,1
49,6,43,0.263,0,0
31,11,45,0.529,1,0
73,11,55,0.578,1,1
44,7,54,0.321,1,1
64,6,30,0.353,0,1
38,10,26,0.136,0,0
28,11,59,0.455,1,1
45,8,41,0.613,1,0
55,8,48,0.617,1,1
52,13,51,0.485,1,0
30,9,22,0.224,0,0
33,12,42,0.342,1,0
37,7,41,0.301,1,1
40,16,36,0.503,1,1
61,8,13,0.0,0,0
55,14,63,0.676,1,0
38,11,31,0.68,0,1
40,7,25,0.515,0,0
49,11,30,0.452,1,1
38,8,42,0.642,1,0
22,7,16,0.262,0,0
38,16,54,0.37,1,1
71,14,38,0.76,1,1
61,10,39,0.463,0,0
66,12,28,0.682,1,1
50,8,35,0.394,1,0
32,12,28,0.372,0,0
43,13,39,0.712,1,1
24,8,53,0.196,1,0
28,8,49,0.16,0,0
30,12,48,0.702,1,0
63,12,30,0.673,1,1
31,10,40,0.289,0,1
55,13,31,0.494,1,1
31,13,17,0.734,1,1
39,13,34,0.425,1,1
45,12,45,0.726,1,1
45,10,53,0.599,1,1
39,12,79,0.592,1,0
49,12,41,0.272,0,1
32,9,49,0.488,1,1
36,14,45,0.573,1,1
63,8,41,0.735,1,1
17,16,31,0.573,1,0
46,12,40,0.657,1,1
46,10,38,0.578,1,1
36,15,52,0.392,1,0
40,7,40,0.82,1,0
41,12,14,0.521,0,0
45,10,38,0.156,0,0
59,10,28,0.373,0,0
47,11,53,0.143,0,1
56,13,56,0.46,1,1
46,14,24,0.589,1,1
21,13,33,0.658,1,0
23,12,36,0.32,1,1
51,11,55,0.687,1,1
54,12,59,0.558,1,1
17,10,38,0.366,1,0
27,7,32,0.207,0,0
25,15,49,0.548,1,1
42,13,26,0.334,0,1
48,7,33,0.55,1,0
38,10,41,0.215,0,0
46,15,33,0.358,1,0
24,10,34,0.544,1,0
43,8,27,0.579,0,0
62,7,43,0.238,0,0
44,10,53,0.572,1,1
53,14,49,0.307,1,0
39,11,67,0.44,1,1
17,16,48,0.41,1,1
17,16,23,0.566,1,0
37,13,57,0.625,1,1
53,8,55,0.674,1,0
42,11,34,0.465,1,1
25,11,36,0.56,0,0
44,13,28,0.475,1,1
52,10,33,0.04,0,0
26,7,47,0.489,0,0
19,14,62,0.079,1,1
31,10,33,0.148,0,1
50,10,35,0.119,0,0
50,13,43,0.539,1,1
30,12,25,0.091,0,0
41,12,35,0.596,1,1
34,11,59,0.677,1,0
55,11,62,0.132,0,1
17,13,39,0.396,0,0
40,14,55,0.552,1,1
35,11,53,0.834,1,1
57,15,26,0.981,1,0
55,11,48,0.548,1,1
38,10,38,0.457,1,0
26,12,55,0.569,1,0
22,8,37,0.447,1,0
22,9,30,0.696,1,0
33,12,49,0.543,1,1
34,10,43,0.547,0,1
28,11,39,0.483,0,0
53,16,34,0.587,1,1
19,13,40,0.836,1,1
49,13,36,0.832,1,1
41,12,45,0.52,1,1
32,15,36,0.785,1,1
50,9,50,0.493,1,1
53,13,46,0.275,1,0
36,14,32,0.257,1,0
36,13,36,0.384,1,0
48,8,35,0.761,1,1
40,9,31,0.331,1,0
39,12,30,0.193,0,0
37,16,46,0.688,1,1
49,14,33,0.517,1,0
17,10,13,0.741,0,0
32,12,51,0.376,1,1
53,8,56,0.17,0,0
48,13,51,0.687,1,1
20,7,38,0.594,1,0
29,10,46,0.609,1,0
21,7,37,0.204,0,0
28,6,40,0.099,0,0
54,5,28,0.745,1,0
38,11,43,0.64,0,1
31,7,41,0.616,1,0
40,11,38,0.489,0,0
30,13,19,0.261,1,0
37,9,29,0.394,0,1
62,10,53,0.474,0,0
17,9,59,0.59,1,0
49,16,28,0.782,1,1
29,13,35,0.412,0,0
17,16,44,0.695,1,1
49,11,37,0.56,1,1
37,9,31,0.312,1,0
41,9,56,0.815,1,1
43,9,36,0.659,0,0
32,11,28,0.715,1,0
53,13,51,0.432,1,1
38,13,53,0.417,1,1
50,11,70,0.538,1,1
58,8,70,0.172,0,0
44,12,34,0.938,1,1
59,10,45,0.608,1,0
36,11,54,0.793,1,1
32,14,56,0.488,1,1
40,15,23,0.534,0,1
28,11,41,0.308,0,0
51,12,34,0.091,0,1
27,11,48,0.589,1,1
66,7,37,0.554,1,1
31,7,58,0.4,1,0
17,8,44,0.298,1,0
37,9,49,0.521,1,0
56,13,34,0.232,0,0
56,8,52,0.3,0,1
33,14,28,0.67,1,1
40,10,26,0.601,0,1
33,7,45,0.619,0,0
45,12,10,0.342,1,0
33,13,28,0.536,1,1
47,14,35,0.546,1,1
62,7,28,0.29,1,0
37,13,55,0.447,1,1
43,10,36,0.719,0,0
40,15,32,0.367,1,1
43,6,21,0.562,0,1
31,13,49,0.489,1,1
42,9,29,0.342,0,0
33,16,43,0.858,0,1
26,15,49,0.612,1,1
52,11,48,0.46,0,1
17,7,14,0.492,0,0
59,11,51,0.325,0,0
60,10,32,0.518,1,1
43,15,39,0.37,1,0
32,12,42,0.561,1,1
47,15,29,0.534,1,0
29,13,43,0.492,1,1
54,10,36,0.0,0,1
39,15,31,0.737,1,1
17,6,36,0.176,0,0
36,9,62,0.706,1,0
35,12,31,0.328,0,0
17,16,51,0.392,1,1
58,16,33,0.455,1,1
43,9,40,0.692,1,0
41,12,54,0.74,1,0
38,10,41,0.455,0,0
48,13,47,0.753,1,1
52,12,39,0.57,1,1
55,12,28,0.386,0,1
44,11,38,0.293,1,0
70,11,51,0.609,1,0
71,11,41,0.689,1,0
46,10,14,0.502,1,0
31,9,24,0.151,0,0
53,8,35,0.026,0,0
69,10,31,0.372,1,0
43,11,35,0.201,0,0
24,8,37,0.46,1,1
47,11,56,0.774,1,1
54,8,44,0.233,0,0
45,9,35,0.518,1,1
29,8,43,0.378,1,0
45,11,34,0.839,0,1
43,12,56,0.782,1,1
67,11,46,0.511,1,1
50,14,51,0.688,1,1
50,5,35,0.637,0,0
45,13,60,0.507,0,0
61,9,44,0.319,0,1
30,10,19,0.235,0,0
65,11,56,0.738,1,1
48,8,19,0.374,0,0
43,3,43,0.501,1,0
30,9,38,0.188,0,0
43,12,47,0.613,1,1
32,13,28,0.603,1,0
26,16,54,0.274,1,1
35,12,18,0.543,1,0
18,13,56,0.339,1,0
41,10,30,0.396,0,0
48,8,36,0.746,1,0
44,12,56,0.673,1,1
26,10,54,0.695,1,0
48,9,41,0.427,0,0
57,12,43,0.497,0,0
55,13,42,0.771,1,1
28,12,37,0.501,1,1
45,14,27,0.477,0,0
53,7,42,0.886,1,0
26,9,31,0.638,1,0
42,12,56,0.668,1,1
32,11,35,0.544,1,1
50,12,45,0.496,1,1
41,9,52,0.538,1,1
61,9,27,0.557,1,0
31,9,54,0.469,1,0
48,13,46,0.645,1,1
47,8,22,0.361,0,0
40,8,50,0.485,1,0
17,13,52,0.679,1,0
43,11,42,0.965,1,1
54,5,43,0.207,0,0
53,11,32,0.392,0,1
26,12,36,0.15,0,0
21,9,53,0.459,1,0
38,13,50,1.0,1,0
26,16,58,0.653,1,1
26,11,35,0.304,1,0
31,10,25,0.617,1,0
46,13,47,0.621,1,1
25,13,38,0.94,1,1
36,14,52,0.448,1,0
49,9,49,0.992,1,1
43,11,51,0.396,1,1
76,13,44,0.896,1,1
32,9,40,0.419,1,0
47,16,22,0.432,0,0
52,9,36,0.794,1,0
31,10,42,0.717,1,0
39,12,52,0.542,1,1
17,9,45,0.559,0,0
55,8,31,0.842,1,0
33,9,39,0.583,1,0
45,12,33,0.375,0,1
38,14,62,0.587,1,0
54,9,56,0.587,1,0
46,9,40,0.987,1,1
59,8,57,0.735,1,1
39,9,42,0.56,1,0
53,9,39,0.23,1,0
47,14,48,0.058,1,1
22,12,23,0.433,0,0
47,14,42,0.972,1,1
17,14,24,0.786,1,1
41,9,37,0.323,0,0
41,16,29,0.112,1,1
19,9,33,0.509,1,0
45,16,47,0.277,1,1
34,13,25,0.594,1,0
36,12,32,0.69,1,1
26,16,44,0.498,1,1
65,9,52,0.219,0,1
25,11,43,0.181,0,0
33,12,40,0.473,1,0
50,8,31,0.824,1,0
32,9,53,0.66,1,1
66,11,44,0.268,0,0
39,9,35,0.672,0,0
18,15,45,0.488,0,0
51,13,42,0.742,1,1
47,10,45,0.554,1,0
30,10,47,0.289,1,1
28,10,36,0.45,0,0
46,15,43,0.036,0,0
66,11,54,0.489,1,1
34,10,30,0.228,0,0
37,12,70,0.754,1,1
38,12,43,0.653,1,1
42,11,42,0.755,1,0
22,12,27,0.377,0,0
31,10,15,0.656,0,0
56,10,44,0.789,1,1
70,11,24,0.583,1,0
48,7,54,0.369,1,1
17,11,28,0.733,1,1
45,11,26,0.627,1,0
33,10,46,0.392,1,1
49,13,45,0.459,0,0
31,8,25,0.68,1,1
60,11,52,0.777,1,1
23,14,13,0.588,0,0
32,13,68,0.659,1,1
39,13,37,0.828,1,1
76,11,40,0.847,1,1
32,12,51,0.206,0,1
44,10,43,0.399,0,0
37,14,43,0.485,1,0
64,11,43,0.607,1,1
36,12,37,0.655,0,0
68,10,30,0.706,1,1
19,10,44,0.725,1,0
40,10,29,0.446,0,0
41,11,51,0.683,0,1
43,14,41,0.612,1,0
49,12,45,0.684,1,0
23,16,27,0.597,0,0
17,13,48,0.821,1,0
29,12,39,0.306,1,0
41,6,34,0.428,1,0
40,11,54,0.157,1,1
27,8,33,0.439,1,0
19,13,63,0.722,1,0
39,12,42,0.272,1,0
40,16,9,0.477,1,1
45,14,35,0.435,0,1
40,13,59,0.601,1,1
30,13,44,0.653,1,1
43,10,56,0.455,1,0
20,10,36,0.387,1,0
17,8,30,0.37,0,0
46,16,32,0.302,0,1
27,9,23,0.577,0,1
25,9,40,0.132,0,0
26,12,61,0.649,1,0
48,10,30,0.351,0,1
55,10,16,0.372,0,0
38,16,49,0.982,1,1
64,8,55,0.476,1,0
46,12,43,0.379,0,1
27,11,54,0.678,1,0
33,14,19,0.858,1,1
37,9,30,0.4,0,1
50,12,40,0.695,1,1
52,11,57,0.045,0,1
31,11,40,0.526,1,1
64,14,45,0.691,1,1
29,10,34,0.751,0,0
44,11,54,0.846,1,0
61,13,34,0.422,1,1
29,14,55,0.634,1,1
47,12,41,0.61,0,0
17,12,38,0.287,0,0
39,12,41,0.276,1,1
38,9,46,0.794,1,1
57,16,53,0.309,1,1
35,9,31,0.675,1,1
27,13,56,0.39,1,0
22,8,29,0.147,0,0
25,15,52,0.651,1,0
20,10,39,0.28,0,0
26,15,36,0.457,1,1
34,11,22,0.557,1,0
17,12,44,0.444,1,1
22,13,26,0.265,0,0
46,16,63,0.447,1,1
30,15,46,0.571,1,1
62,11,53,0.123,1,0
19,11,41,0.126,1,0
39,12,55,0.16,0,1
35,5,20,0.46,0,0
40,14,33,0.303,1,0
32,11,36,0.498,1,0
22,9,45,0.917,1,1
32,13,36,0.473,1,1
35,10,68,0.502,1,1
32,11,42,0.379,0,0
30,13,36,0.489,1,0
36,12,32,0.536,1,1
45,8,45,0.456,0,0
24,12,39,0.598,1,0
40,12,62,0.772,1,1
53,13,48,0.563,1,1
32,10,63,0.385,1,0
45,11,26,0.451,1,1
34,11,33,0.893,1,0
40,12,60,0.315,1,1
39,11,60,0.118,0,1
29,8,40,0.458,1,0
29,11,65,0.427,1,0
43,13,37,0.296,1,1
61,10,32,0.433,0,0
51,9,45,0.78,1,1
32,10,55,0.399,1,0
25,13,9,0.794,1,0
45,14,34,0.594,1,1
53,14,41,0.262,1,1
34,11,41,0.594,1,1
53,13,23,0.144,0,0
41,10,33,0.486,1,0
44,15,48,0.356,1,0
63,11,46,0.508,1,1
41,8,43,0.051,0,0
22,10,48,0.763,1,1
54,7,60,0.078,0,0
48,11,51,0.777,1,1
50,12,45,0.595,1,1
46,13,17,0.191,0,0
40,11,44,0.677,1,0
20,11,60,0.472,1,0
37,8,37,0.688,0,0
40,5,16,0.225,0,0
59,13,44,0.417,0,1
52,13,31,1.0,1,1
52,8,41,0.334,1,0
45,14,62,0.603,1,1
61,10,35,0.175,0,0
37,11,26,0.031,0,0
62,9,39,0.448,1,1
51,12,43,0.561,1,0
31,14,37,0.263,0,1
24,13,40,0.486,1,0
31,12,33,0.81,1,0
42,10,57,0.89,1,1
32,10,30,0.436,0,1
36,15,42,0.445,1,1
47,10,20,0.44,1,0
30,12,48,0.557,1,0
54,9,51,0.643,1,0
31,9,20,0.331,0,0
17,15,28,0.867,1,1
26,11,50,0.495,1,0
52,11,36,0.079,0,1
53,16,58,0.531,0,1
45,13,32,0.714,1,1
21,14,35,0.766,1,1
25,14,39,0.322,1,0
41,11,35,0.394,0,0
47,12,41,0.531,1,0
17,10,25,0.174,0,0
19,11,55,0.519,1,0
24,8,45,0.098,0,0
51,9,54,0.429,0,0
45,10,32,0.613,0,1
52,9,54,0.455,0,0
37,13,45,0.685,1,1
44,12,24,0.619,0,1
28,11,20,0.547,1,0
28,10,26,0.817,1,0
32,9,25,0.473,0,1
35,10,28,0.402,1,0
68,11,53,0.308,0,1
47,13,35,0.84,1,0
25,12,33,0.231,0,1
32,12,50,0.861,1,1
36,16,43,0.398,1,0
54,8,50,0.778,1,0
30,9,43,0.576,1,1
38,7,48,0.232,0,0
25,13,49,0.738,1,0
22,10,50,0.696,1,0
53,12,34,0.516,1,0
42,16,37,0.77,1,1
38,8,19,0.764,0,1
47,11,36,0.692,0,0
48,16,48,0.678,1,1
19,10,32,0.712,1,0
53,10,39,0.613,1,1
38,9,33,0.406,0,0
39,11,38,0.351,0,0
51,14,64,0.343,1,0
52,12,41,0.558,1,0
49,8,46,0.639,1,1
25,10,37,0.146,1,1
34,10,24,0.423,0,0
35,11,48,0.632,1,1
32,13,38,0.598,1,1
36,12,42,0.357,1,1
30,8,37,0.631,0,0
46,13,32,0.355,1,1
45,10,38,0.392,0,0
19,12,50,0.462,0,0
45,10,47,0.188,0,0
28,6,28,0.337,0,0
44,12,30,0.567,0,1
35,12,36,0.706,1,0
17,11,63,0.336,1,1
17,11,38,0.489,1,0
46,10,31,0.427,1,0
19,12,39,0.601,1,0
49,8,41,0.356,0,0
41,10,36,0.351,0,0
24,10,49,0.355,1,0
40,11,22,0.746,1,0
60,13,31,0.894,1,1
46,15,53,0.434,1,1
49,11,39,0.536,1,0
35,15,43,0.642,1,0
26,11,5,0.191,0,0
49,9,45,0.44,1,0
39,11,47,0.746,1,1
32,10,43,0.945,1,0
34,12,37,0.472,0,1
61,11,43,0.457,1,1
39,9,44,0.513,1,0
40,7,47,0.552,0,0
46,9,33,0.639,1,1
35,11,40,0.623,1,0
45,11,14,0.524,0,0
47,11,47,0.769,1,1
23,15,36,0.822,1,1
22,10,33,0.168,1,1
44,12,48,0.675,1,1
36,13,40,0.557,1,1
39,10,40,0.667,1,1
44,9,47,0.626,1,1
36,13,29,0.834,1,1
27,9,36,0.271,1,0
75,13,43,0.525,1,1
48,7,27,0.711,1,0
42,14,54,0.795,1,0
37,12,49,0.449,1,1
32,12,36,0.483,1,1
17,8,17,0.383,0,0
35,10,31,0.326,1,1
53,14,46,0.275,0,1
57,8,33,0.489,1,0
51,11,56,0.846,1,0
45,12,29,0.297,0,0
57,16,27,0.576,1,1
42,12,48,0.247,0,0
40,9,41,0.222,0,0
46,10,46,0.451,1,1
35,12,41,0.656,1,1
45,7,26,0.346,0,0
58,8,25,0.234,0,1
37,16,38,0.725,1,1
45,15,48,0.548,1,1
39,11,50,0.859,1,1
38,13,43,0.557,0,1
44,14,53,1.0,1,1
26,10,30,0.57,1,1
46,14,33,0.446,1,1
29,10,42,0.753,1,0
41,12,34,0.512,0,0
51,10,31,0.301,0,0
59,11,41,0.604,1,1
33,12,45,0.497,0,0
41,8,15,0.452,1,0
40,12,32,0.0,0,0
39,11,43,0.459,1,0
43,8,33,0.738,1,1
51,15,49,0.09,1,0
26,12,52,0.505,1,1
36,12,37,0.395,0,0
32,11,33,0.359,1,1
44,16,30,0.424,1,1
39,11,45,0.783,1,1
31,12,38,0.38,1,0
45,12,36,0.534,0,1
27,10,50,0.505,0,0
49,10,29,0.648,1,1
32,13,43,0.245,1,0
34,10,43,0.189,0,0
44,14,30,0.823,1,1
33,9,44,0.685,1,1
27,10,27,0.242,0,0
49,12,32,0.277,1,0
53,12,27,0.567,1,1
22,10,19,0.067,0,0
47,9,37,0.233,0,0
17,13,54,0.526,1,1
46,12,48,0.286,1,1
37,12,51,0.552,1,1
58,10,34,0.307,0,1
17,10,36,0.311,0,0
41,13,33,0.831,1,1
22,12,41,0.529,1,1
37,16,49,0.517,1,0
23,13,46,0.6,1,0
60,8,37,0.533,0,0
44,13,51,0.613,1,0
37,12,39,0.492,1,0
35,14,43,0.594,1,0
30,14,39,0.806,1,1
54,14,55,0.44,1,1
44,11,34,0.37,1,0
28,11,48,0.27,1,0
17,12,45,0.575,1,0
37,12,31,0.447,0,0
55,11,44,0.602,1,1
31,12,45,0.382,1,0
35,7,46,0.458,1,1
47,13,19,0.307,1,1
18,14,38,0.604,1,1
21,12,27,0.1,1,0
22,10,57,0.447,0,0
45,11,37,0.589,1,1
55,11,73,0.586,1,1
53,12,35,1.0,1,1
31,8,38,0.326,1,1
36,14,16,1.0,1,1
24,12,73,0.423,1,0
17,5,36,0.408,0,0
45,8,53,0.323,1,1
29,9,63,0.682,1,1
38,13,60,0.318,1,1
46,12,25,0.717,1,0
52,9,22,0.274,0,0
51,10,28,0.596,0,1
51,13,50,0.464,1,1
37,7,46,0.465,1,0
28,9,41,0.435,1,1
51,12,37,0.643,1,1
58,13,39,0.402,1,1
48,11,26,0.1,0,0
47,14,47,0.502,1,1
45,14,51,0.458,1,0
52,10,14,0.405,0,0
39,8,44,0.645,1,0
63,10,36,0.694,1,1
50,12,43,0.61,1,1
32,13,41,0.819,1,1
73,16,40,0.604,1,1
43,9,32,0.252,0,0
43,11,49,0.469,1,0
49,12,59,0.854,1,1
48,16,49,0.45,1,1
57,10,18,0.395,0,0
18,15,83,0.659,1,1
22,11,43,0.705,1,1
29,13,50,0.499,1,0
66,15,53,0.211,1,1
47,11,55,0.273,0,0
56,11,52,0.355,1,1
17,15,35,0.691,1,0
23,9,22,0.604,1,0
30,12,53,0.616,1,0
48,10,40,0.68,1,1
30,4,45,0.367,0,0
51,14,29,0.922,1,1
57,10,18,0.314,0,0
41,7,44,0.702,1,1
29,9,48,0.051,0,0
34,14,44,0.796,0,1
20,13,39,0.591,1,0
48,9,22,0.47,0,0
31,11,47,0.317,0,0
35,11,45,0.501,1,1
36,10,42,0.51,0,0
25,13,34,0.294,0,1
35,10,40,0.701,1,1
23,11,48,0.484,0,0
35,14,43,0.222,1,0
55,13,19,0.609,1,1
36,14,38,0.598,1,1
32,12,28,0.612,0,0
19,11,41,0.261,0,0
69,13,58,0.528,0,1
58,13,29,0.228,0,0
32,13,29,0.482,0,0
44,11,31,0.789,1,1
36,11,35,0.337,0,0
70,11,54,0.548,0,0
25,16,40,0.32,0,0
22,12,29,0.384,1,1
35,8,46,0.416,0,0
46,10,34,0.421,0,1
42,14,54,0.53,1,1
38,9,23,0.441,0,0
45,2,28,0.164,0,0
48,10,41,0.233,1,1
60,9,39,0.602,1,1
46,12,51,0.508,0,0
65,10,53,0.664,1,1
51,10,65,0.647,1,0
35,14,30,0.763,1,1
17,13,35,0.477,0,0
54,12,36,0.494,1,1
18,11,26,0.349,0,0
64,14,14,0.646,1,0
42,3,58,0.167,0,0
29,14,36,0.318,1,1
33,10,46,0.622,1,0
50,14,45,0.649,1,1
37,11,55,0.804,1,1
56,11,34,0.298,1,0
24,13,52,0.395,0,1
37,10,35,0.599,1,0
66,13,46,0.579,1,0
21,8,28,0.709,1,0
22,14,59,0.502,1,1
23,13,31,0.387,1,1
72,13,50,0.694,1,1
47,9,56,0.496,1,0
77,7,55,0.49,0,0
17,12,45,0.393,0,0
48,16,49,0.627,1,1
32,13,44,0.407,1,0
43,14,32,0.657,1,1
44,13,29,0.38,1,0
29,11,25,0.404,1,0
46,4,36,0.493,0,0
45,9,37,0.459,0,1
48,14,29,0.709,1,0
33,11,30,0.927,1,1
58,11,38,0.702,1,1
55,10,40,0.306,1,0
51,15,36,0.569,0,1
18,11,54,0.449,1,0
50,10,40,0.82,1,1
41,6,28,0.744,1,0
20,6,57,0.547,1,0
60,10,28,0.724,1,0
40,12,36,0.666,0,1
38,11,34,0.087,0,0
50,10,40,0.913,1,1
59,8,35,0.074,0,1
32,11,21,0.736,1,0
31,14,33,0.426,1,1
44,11,54,0.454,1,1
43,11,62,0.684,1,0
40,14,51,0.569,1,1
35,6,31,0.484,0,1
55,5,28,0.511,1,0
56,12,35,0.492,0,1
35,14,25,0.495,0,0
50,8,51,0.29,1,1
36,7,40,0.357,0,1
55,11,45,0.291,0,1
38,7,32,0.41,0,0
44,11,41,0.666,1,1
52,12,61,0.641,1,1
42,10,17,0.72,1,0
36,12,29,0.607,1,1
65,10,41,0.638,1,1
36,12,30,0.368,0,0
40,14,54,0.354,1,1
29,9,39,0.818,1,1
32,15,43,0.729,1,1
44,16,53,0.36,1,1
37,11,70,0.0,0,0
43,16,35,0.878,1,0
38,14,29,0.514,1,0
39,13,21,0.479,1,0
29,15,40,0.658,1,0
17,7,31,0.7,0,0
43,16,37,0.412,1,1
17,5,45,0.8,1,1
54,10,56,0.472,1,1
28,8,30,0.738,1,0
59,13,58,0.295,1,1
64,13,59,0.388,1,1
20,10,54,0.848,1,1
25,10,43,0.495,1,0
30,12,39,0.384,1,1
23,6,36,0.741,1,0
20,10,43,0.726,1,0
59,10,48,0.79,1,1
43,13,46,0.348,1,1
49,12,63,0.459,1,1
57,11,32,0.669,0,0
29,11,54,0.206,1,1
40,14,45,0.216,1,1
37,13,12,0.352,1,0
42,9,28,0.558,0,0
66,8,31,0.697,0,0
37,14,37,0.387,0,0
30,11,37,0.493,1,1
49,11,25,0.594,0,0
63,7,47,0.464,0,0
35,13,25,0.683,1,0
19,9,27,0.672,1,0
51,12,41,0.531,1,1
32,12,47,0.65,1,0
47,8,39,0.502,0,1
56,7,32,0.427,0,0
40,9,45,0.462,1,0
60,11,42,0.75,1,1
33,10,46,0.656,1,0
40,8,61,0.2,1,1
17,9,34,0.435,1,0
37,12,29,0.675,1,0
58,11,53,0.248,1,1
44,13,26,0.589,1,1
54,12,60,0.656,1,1
52,11,41,0.926,1,0
17,7,40,0.471,0,1
45,7,51,0.631,1,0
35,9,38,0.477,1,0
35,10,52,0.297,0,0
38,11,47,0.506,1,1
54,10,47,0.604,1,1
35,11,41,0.857,1,1
17,7,44,0.515,0,0
24,13,56,0.623,1,0
61,5,52,0.426,0,0
22,10,25,0.594,1,0
42,10,40,0.56,0,0
38,15,49,0.512,1,1
40,10,30,0.159,0,0
35,9,38,0.299,1,0
43,5,40,0.275,0,0
35,10,23,0.426,0,0
35,6,32,0.0,0,1
26,11,30,0.607,1,1
45,6,26,0.737,1,1
43,12,28,0.377,0,1
26,11,51,0.632,1,0
52,7,26,0.862,1,0
44,13,43,0.518,1,1
30,13,67,0.436,1,0
47,12,55,0.487,1,1
26,8,50,0.764,1,0
22,11,29,0.49,1,1
38,11,43,0.507,1,0
36,7,36,0.427,0,1
52,9,51,0.605,0,0
36,9,41,0.632,1,0
72,11,44,0.836,1,1
30,8,25,0.231,0,0
37,14,40,0.687,1,1
37,6,61,0.723,1,1
48,11,43,0.736,1,1
36,15,38,0.793,1,1
35,13,41,0.86,1,0
58,10,34,0.019,0,0
37,12,45,0.561,0,1
31,9,34,0.348,0,0
36,11,37,0.519,0,0
45,11,56,0.533,1,1
55,10,34,0.314,1,0
17,14,47,0.93,1,1
26,12,37,0.412,0,0
29,8,29,0.482,0,1
17,8,30,0.674,0,0
30,9,37,0.674,1,0
34,11,45,0.708,1,1
44,14,53,0.459,1,1
36,9,34,0.4,0,0
40,10,29,0.177,0,0
33,10,28,0.575,1,1
47,10,27,0.508,1,1
19,12,46,0.288,0,0
49,10,43,0.362,0,0
59,15,44,0.76,1,1
27,8,42,0.26,0,1
70,15,35,0.702,1,0
51,10,38,0.88,1,0
33,12,45,0.706,1,1
35,12,34,0.696,1,0
33,9,31,0.567,0,0
31,12,55,0.703,1,1
36,10,17,0.442,1,0
28,15,27,0.398,0,1
53,14,49,0.451,1,1
53,7,39,0.374,0,0
44,8,18,0.612,0,0
26,9,43,0.628,1,0
61,12,32,0.741,1,1
27,12,43,0.766,1,1
48,8,58,0.657,1,1
17,13,47,0.456,0,0
52,11,51,0.405,1,0
17,12,48,0.149,0,0
21,6,35,0.186,0,0
43,11,57,0.192,1,0
42,9,37,0.408,0,1
37,12,44,0.567,1,1
46,11,21,0.788,1,1
38,7,56,0.421,0,0
47,11,29,0.645,1,0
36,16,44,0.511,1,0
42,13,31,0.83,1,1
27,13,34,0.503,0,0
44,11,28,0.586,0,0
29,9,41,0.559,1,1
47,12,27,0.23,0,1
42,8,31,0.424,0,0
32,13,50,0.371,1,1
29,8,47,0.147,0,1
48,10,53,0.483,1,1
37,14,46,0.571,1,1
34,12,25,0.276,0,0
53,15,53,0.483,1,1
25,12,45,0.354,1,1
30,6,62,0.228,1,0
39,13,66,0.536,1,0
51,12,47,0.41,0,0
30,12,41,0.569,0,0
28,11,45,0.909,1,1
34,14,40,0.349,1,0
34,10,34,0.753,1,0
38,13,33,0.676,1,0
31,10,48,0.514,1,1
27,9,27,0.51,0,0
65,12,27,0.507,0,0
40,9,45,0.665,1,0
35,9,25,0.772,1,1
28,13,54,0.531,1,1
37,13,51,0.873,1,1
34,15,55,0.45,1,0
48,12,52,0.553,1,1
45,10,17,0.487,1,1
48,13,57,0.332,1,1
27,12,17,0.439,1,0
32,16,31,0.599,1,1
45,15,35,0.422,1,1
45,11,35,0.331,0,1
41,5,34,0.177,0,0
44,9,32,0.493,0,0
50,14,24,0.352,1,0
22,7,34,0.236,0,0
60,16,40,0.819,1,1
41,13,34,0.513,1,1
25,13,29,0.483,1,0
37,11,46,0.617,1,1
38,11,23,0.573,0,1
41,12,45,0.635,0,1
49,10,54,0.781,1,0
24,11,55,0.247,0,1
55,11,39,0.389,0,0
42,8,37,0.672,0,0
50,13,35,0.833,1,0
46,11,42,0.62,1,0
45,11,47,0.518,1,0
44,13,47,0.633,1,1
59,9,61,0.39,0,0
67,13,42,0.852,1,1
24,12,35,0.266,0,1
18,13,52,0.485,1,1
54,8,35,0.713,0,0
19,8,40,0.492,1,0
40,12,41,0.327,1,0
59,8,47,0.166,0,0
40,10,48,0.309,0,0
37,8,25,0.489,0,0
53,8,50,0.483,0,1
54,11,41,0.65,0,1
63,13,48,0.473,1,1
41,12,27,0.208,0,0
32,9,23,0.413,0,1
32,12,27,0.396,0,1
38,14,41,0.62,0,0
48,10,43,0.471,0,0
33,14,31,0.776,1,1
51,13,26,0.764,0,1
58,6,20,0.632,1,0
61,12,51,0.484,1,1
48,9,52,0.422,1,1
17,11,24,0.558,0,0
41,16,39,0.609,1,1
34,10,29,0.253,1,0
34,8,21,0.386,0,0
44,13,60,0.359,0,1
31,10,66,0.8,1,1
55,16,35,0.376,1,1
49,11,41,0.288,1,0
47,13,28,0.239,0,1
31,10,54,0.544,1,0
24,9,17,0.506,1,1
46,12,49,0.348,1,0
46,12,37,0.469,0,0
35,9,46,0.563,1,0
17,16,33,0.362,1,1
51,12,21,0.348,0,1
61,15,42,0.648,1,1
35,12,48,0.952,1,1
31,11,25,0.41,1,1
49,5,47,0.436,0,0
47,16,42,0.736,1,1
27,13,56,0.463,1,1
25,10,16,0.477,1,1
31,13,41,0.617,1,0
47,9,18,0.268,0,0
29,14,49,0.643,1,1
58,14,61,1.0,1,1
30,10,64,0.491,1,1
32,10,51,0.394,1,0
45,12,58,0.437,1,1
58,10,42,0.523,1,1
23,14,38,0.657,1,1
44,10,36,0.77,1,0
53,8,31,0.588,0,1
25,15,42,0.342,1,1
32,10,55,0.375,1,0
52,12,35,0.528,1,1
33,11,51,0.636,1,0
35,10,38,0.615,1,0
43,10,42,0.577,1,1
17,7,39,0.401,0,0
27,9,46,0.876,1,0
40,13,55,0.644,1,1
58,11,31,0.315,0,1
42,9,20,0.223,0,0
70,9,24,0.538,0,1
28,12,46,0.654,1,1
26,9,45,0.375,1,0
48,13,45,0.484,0,1
35,9,37,0.073,0,0
52,12,55,0.573,1,1
58,14,38,0.744,1,1
44,14,39,0.442,1,1
53,12,32,0.553,1,0
44,11,30,0.144,0,1
17,11,26,0.552,0,0
17,16,43,0.647,1,0
44,13,36,0.374,1,1
45,12,30,0.413,1,0
51,16,44,0.614,1,1
25,15,51,0.659,1,1
54,16,42,0.276,1,1
29,11,45,0.468,1,0
45,11,46,0.444,1,0
36,12,36,0.5,1,0
57,13,49,0.721,1,0
55,12,51,0.296,1,0
43,13,43,0.236,1,0
17,10,39,0.366,1,0
61,11,42,0.369,0,1
29,12,41,0.705,1,1
39,11,32,0.811,1,0
23,10,57,0.502,1,1
47,11,36,0.651,0,1
48,10,45,0.571,1,1
27,10,39,0.263,1,0
31,8,25,0.328,0,0
41,15,56,0.814,1,1
17,13,59,0.564,0,1
17,11,44,0.649,1,0
42,14,44,0.326,0,0
57,14,33,0.567,1,1
47,13,57,0.414,1,0
35,13,46,0.638,1,1
39,14,19,0.416,0,1
17,13,47,0.503,1,1
51,12,63,0.589,1,0
36,11,47,0.657,1,0
24,10,31,0.282,0,0
41,13,21,0.325,1,1
33,12,29,0.745,1,0
35,9,52,0.447,1,0
50,9,54,0.641,0,0
27,8,24,0.504,1,1
19,11,48,0.511,1,0
33,10,38,0.557,1,1
28,8,26,0.65,1,0
47,11,47,0.394,1,0
31,11,28,0.286,0,1
17,10,41,0.684,1,0
44,8,35,0.407,0,0
68,13,43,0.74,1,1
36,11,34,0.62,1,1
63,11,30,0.464,0,0
39,7,52,0.702,1,0
24,14,38,0.132,1,0
44,10,29,0.101,0,1
26,11,49,0.166,1,0
46,14,39,0.719,1,1
48,12,63,0.242,1,1
19,9,37,0.116,0,0
56,12,28,0.866,1,1
18,16,34,0.633,1,1
51,10,37,0.526,1,0
39,13,43,0.855,1,1
17,10,52,0.397,1,0
32,9,45,0.515,1,1
53,15,38,0.822,1,1
38,6,48,0.576,1,1
33,10,39,0.679,1,1
26,8,40,0.373,0,0
58,12,62,0.891,1,1
32,14,51,0.13,1,0
17,11,55,0.528,1,0
43,7,45,0.633,0,0
54,11,45,0.904,1,1
42,11,48,0.462,1,1
56,10,34,0.199,0,0
42,11,55,0.695,1,1
37,9,39,0.323,1,1
49,13,35,0.711,1,1
59,11,14,0.431,0,0
61,12,53,0.344,1,1
39,10,40,0.555,0,1
29,13,28,0.352,1,0
54,15,37,0.686,1,1
34,10,34,0.442,0,1
62,11,56,0.539,1,1
35,6,43,0.5,1,0
41,11,41,0.16,0,1
23,11,74,0.199,1,1
26,15,47,0.405,1,1
30,15,26,0.73,1,1
24,16,50,0.383,0,0
36,13,29,0.804,1,0
37,14,31,0.768,1,1
31,15,42,0.466,1,1
42,12,36,0.185,0,0
19,7,34,0.206,0,0
23,13,54,0.9,0,0
44,7,34,0.029,0,1
34,12,50,0.662,1,1
38,7,69,0.432,1,0
40,11,45,0.765,1,1
24,11,39,0.197,1,0
32,11,46,0.907,1,0
18,9,53,0.19,1,0
38,5,54,0.303,1,0
40,11,45,0.462,1,0
37,10,28,0.301,0,0
42,14,69,0.795,1,1
60,15,37,0.41,0,1
45,5,65,0.507,1,0
54,14,50,0.785,1,1
27,7,41,0.841,1,0
17,10,54,0.24,0,0
33,9,51,0.479,1,0
51,11,23,0.333,1,1
45,9,34,0.624,1,1
17,10,22,0.383,0,0
46,14,35,0.647,1,0
38,13,44,0.577,1,1
36,10,52,0.742,1,1
33,8,27,0.298,1,0
41,8,23,0.07,0,0
44,14,43,0.543,1,0
36,10,34,0.482,1,0
40,6,26,0.159,0,0
34,13,51,0.42,1,1
25,9,49,0.584,1,0
34,12,31,0.559,1,0
44,16,56,0.543,1,0
35,12,33,0.583,1,1
17,10,36,0.458,0,0
59,10,46,0.421,0,1
67,4,19,0.148,0,0
38,7,43,0.376,1,1
44,12,63,0.837,1,1
47,11,48,0.229,0,1
24,12,43,0.259,0,0
31,15,41,0.607,1,1
35,11,41,0.86,1,0
20,12,52,0.548,1,1
38,9,28,0.536,1,1
33,11,1,0.625,1,0
53,16,40,0.552,1,1
32,16,32,0.498,0,0
17,13,47,0.378,1,0
36,12,41,0.577,1,0
33,11,35,0.215,0,0
32,10,40,0.603,1,1
42,9,25,0.408,0,0
22,11,45,0.486,0,0
46,8,37,0.0,0,0
40,11,49,0.306,0,1
45,16,39,0.533,1,1
29,12,50,0.502,1,1
47,11,41,0.281,0,0
41,10,44,0.749,1,0
41,11,35,0.172,0,0
35,8,30,0.383,0,0
25,15,40,0.538,1,1
43,12,38,0.569,1,1
60,11,36,0.653,0,0
44,14,51,0.221,0,0
47,10,51,0.499,1,1
18,6,48,0.448,1,0
37,9,60,0.46,1,0
61,8,47,0.62,1,1
23,6,32,0.437,0,0
32,12,48,0.481,1,1
29,10,30,0.46,1,0
36,12,58,0.52,1,1
17,14,39,0.228,0,0
24,8,46,0.453,0,0
43,8,46,0.479,0,0
23,10,39,0.581,1,1
17,9,33,0.598,1,1
32,7,39,0.497,0,0
33,11,58,0.369,0,1
43,14,61,0.411,1,1
60,8,32,0.729,1,0
44,12,57,0.626,1,1
17,10,51,0.601,1,1
49,12,44,0.398,1,0
38,11,38,0.252,0,0
38,13,48,0.695,1,1
37,12,36,0.268,0,1
17,11,37,0.582,1,1
57,12,40,0.685,1,1
17,13,21,0.517,1,0
56,8,51,0.715,1,0
28,11,33,0.667,1,0
42,14,48,0.429,1,0
24,9,57,0.591,1,1
17,11,62,0.358,1,0
50,11,56,0.915,1,1
43,16,61,0.497,1,0
24,16,48,0.925,1,1
37,10,27,0.221,0,0
20,11,16,0.532,0,0
40,13,49,0.874,1,0
47,13,54,0.555,1,1
17,10,39,0.572,1,0
60,9,32,0.496,0,0
23,11,33,0.134,0,0
17,11,26,0.303,0,0
26,13,46,0.448,1,0
17,14,50,0.624,1,1
34,7,34,0.145,0,1
48,10,41,0.213,0,1
40,9,39,0.402,1,0
41,10,61,0.566,0,0
35,9,37,1.0,1,1
37,9,42,0.235,0,0
38,10,42,0.493,0,1
54,8,35,0.539,0,0
21,9,38,0.529,0,0
29,9,39,0.507,1,1
63,15,37,0.403,1,1
49,16,44,0.61,1,1
55,7,52,0.51,1,1
31,9,24,0.471,0,0
40,11,38,0.747,0,1
26,6,35,0.0,0,0
34,11,39,0.4,1,1
45,14,45,0.461,1,1
32,10,38,0.0,0,0
37,13,37,0.372,1,0
43,11,50,0.258,1,0
46,11,42,0.41,1,0
29,13,41,0.803,0,0
57,12,41,0.012,1,0
17,14,34,0.5,1,0
54,9,33,0.406,1,1
39,13,53,0.685,1,1
42,11,42,0.427,0,0
26,14,40,0.32,1,1
43,13,63,0.499,1,1
30,15,37,0.586,1,0
64,11,42,0.622,1,0
70,10,39,0.935,1,1
52,10,22,0.617,1,0
37,16,40,0.548,1,0
47,13,41,0.277,1,1
33,12,69,0.367,1,1
29,12,64,0.803,1,0
31,11,44,0.546,1,1
17,9,40,0.379,1,0
17,10,29,0.74,1,0
45,9,48,0.643,1,0
57,12,57,0.457,1,0
25,12,30,0.452,1,1
32,10,28,0.356,0,0
44,15,53,0.665,1,1
46,11,53,0.195,1,0
20,13,40,0.667,1,1
28,11,35,0.333,0,0
39,10,34,0.46,1,0
30,12,37,0.698,1,0
32,14,28,0.491,1,0
54,14,48,0.469,0,0
33,12,32,0.41,1,1
41,11,40,0.466,1,1
53,12,12,0.421,0,0
24,10,34,0.532,1,0
46,12,54,0.807,1,1
30,9,63,0.641,1,1
17,6,49,0.702,0,0
37,12,54,0.024,0,1
35,12,51,0.678,1,1
41,10,39,0.553,0,1
52,15,37,0.448,1,1
26,9,25,0.868,1,1
44,15,30,0.631,1,0
41,13,16,0.505,0,0
42,14,39,0.551,1,1
35,11,46,0.477,1,0
44,8,47,0.779,1,0
25,11,29,0.435,0,0
38,6,28,0.39,0,0
21,14,44,0.487,1,0
40,14,45,0.593,1,1
30,12,50,0.179,1,0
41,11,39,0.697,1,0
39,12,66,0.677,1,1
45,7,45,0.488,1,0
41,14,56,0.75,1,1
31,13,55,0.677,1,1
32,12,43,1.0,1,1
44,13,52,0.659,1,1
74,12,34,0.385,0,1
32,14,29,0.224,1,1
29,13,35,0.638,0,0
26,12,22,0.417,0,0
35,9,58,0.204,1,0
44,15,27,0.723,1,1
43,9,48,0.723,0,0
22,9,49,0.599,1,1
27,5,34,0.177,0,0
49,9,53,0.396,1,0
32,16,11,0.297,0,1
38,11,44,0.41,1,0
22,14,59,0.767,1,1
40,12,20,0.622,0,0
39,13,25,0.845,1,1
17,10,29,0.298,0,0
40,11,36,0.773,1,0
17,8,43,0.629,0,0
30,8,32,0.312,0,0
37,10,29,0.37,0,0
41,10,53,0.776,1,1
64,11,33,0.45,1,0
68,9,54,0.446,1,0
33,13,22,0.455,1,1
61,11,23,0.126,0,1
38,14,23,0.206,0,1
50,15,28,0.667,1,1
39,12,42,0.294,1,1
45,14,41,0.545,1,0
30,15,48,0.631,1,0
40,10,29,0.537,0,0
55,9,48,0.616,1,1
26,7,32,0.381,0,0
57,12,33,0.517,0,0
17,11,21,0.538,1,0
42,14,46,0.811,1,1
27,14,39,0.694,1,1
53,10,27,0.221,0,0
59,10,31,0.549,1,1
17,14,52,0.699,1,1
20,12,32,0.537,1,1
61,11,21,0.77,1,1
48,8,23,0.28,1,0
28,11,35,0.817,0,0
21,12,18,0.53,0,0
55,7,19,0.177,0,0
20,14,59,1.0,1,0
35,12,27,0.72,1,1
59,7,42,0.512,0,0
36,13,42,0.051,0,0
17,13,45,0.425,1,1
19,6,28,0.65,0,0
54,10,38,0.623,1,0
41,10,24,0.221,0,0
17,12,35,0.419,0,0
30,12,44,0.468,1,1
23,14,12,0.083,0,0
89,13,34,0.575,0,0
54,10,52,0.701,1,1
43,12,38,0.691,1,1
39,9,34,0.641,0,0
46,11,38,0.784,1,1
17,10,29,0.829,1,0
72,10,42,0.553,1,0
19,12,54,0.522,1,1
60,16,31,0.38,0,1
28,8,30,0.483,0,0
34,6,27,0.798,0,1
42,9,45,0.433,1,1
52,15,40,0.365,0,1
41,14,46,0.304,1,1
33,11,36,0.755,1,1
37,11,32,0.204,0,1
36,10,37,0.551,1,0
50,14,50,0.338,1,1
48,3,24,0.293,0,0
40,14,43,0.366,1,1
60,10,62,0.587,1,1
49,12,53,0.387,1,1
22,12,30,0.666,1,1
32,12,25,0.436,1,1
28,12,56,0.222,1,0
50,11,27,0.426,0,0
59,7,16,0.301,0,0
32,12,35,0.525,1,1
42,13,38,0.584,1,1
28,9,28,0.208,0,0
45,9,23,0.623,1,0
31,11,46,0.51,1,0
30,12,36,0.34,0,0
45,16,34,0.721,1,1
43,10,27,0.616,0,1
17,10,28,0.844,1,0
47,13,51,0.661,1,1
29,12,57,0.73,1,1
53,11,39,0.763,1,1
19,7,28,0.395,0,0
59,13,65,0.489,1,1
41,13,51,0.282,0,1
56,11,29,0.357,1,0
37,10,46,0.508,1,1
51,10,32,0.885,1,1
60,10,44,0.723,1,1
53,15,45,0.687,1,1
53,14,40,0.297,1,1
53,8,28,0.357,0,1
51,8,52,0.528,1,0
24,11,31,0.405,1,0
64,7,24,0.253,0,0
60,8,43,0.218,1,1
17,11,55,0.67,1,1
50,12,28,0.72,0,1
29,8,36,0.652,1,1
47,7,53,0.138,0,0
57,11,47,0.539,1,0
17,8,43,0.594,1,1
56,9,26,0.333,0,1
27,13,49,0.358,0,1
38,10,24,0.251,0,0
41,13,51,0.333,1,1
22,12,44,0.305,1,1
27,7,28,0.0,0,0
42,15,36,0.491,1,0
51,12,43,0.598,1,0
39,10,39,0.721,1,1
29,15,56,0.302,1,1
36,5,25,0.387,0,1
45,15,45,0.768,1,1
42,11,46,0.352,1,1
50,16,54,0.775,1,1
30,10,40,0.736,1,1
19,8,42,0.77,1,0
50,10,28,0.883,0,0
44,13,60,0.675,1,0
60,14,19,0.505,1,0
42,12,37,0.429,1,0
51,9,28,0.775,1,1
33,14,51,0.535,1,1
49,11,36,0.663,1,1
45,9,22,0.416,0,0
45,13,44,0.331,0,1
42,12,45,0.346,0,1
41,13,40,0.69,1,1
39,7,44,0.519,1,0
25,8,45,0.896,1,1
51,14,34,0.553,1,1
17,10,24,0.161,0,0
48,11,49,0.158,1,0
50,10,36,0.281,1,0
55,7,41,0.525,0,0
46,11,39,0.489,1,0
20,16,31,0.307,1,0
30,11,38,0.436,1,0
34,8,33,0.491,0,0
46,13,39,0.972,1,1
29,12,46,0.637,1,1
34,15,28,0.56,1,1
39,16,52,0.499,1,1
40,9,47,0.171,0,1
45,7,24,0.05,0,0
44,7,65,0.515,1,1
17,15,36,0.488,1,0
17,10,51,0.531,1,0
37,13,40,0.257,0,0
45,12,40,0.879,1,1
42,10,52,0.85,1,0
17,5,47,0.613,1,0
27,12,42,0.181,0,0
55,14,37,0.346,1,1
48,9,30,0.503,0,0
24,10,47,0.632,0,0
36,6,28,0.668,1,0
37,15,36,0.613,1,1
28,7,51,0.309,0,0
49,9,29,0.358,0,0
41,10,43,0.565,1,0
57,12,48,0.768,1,1
47,15,34,0.594,1,1
43,12,40,0.524,1,0
48,14,33,0.701,1,0
51,11,35,0.65,0,1
59,14,39,0.478,0,0
49,9,35,0.409,0,0
36,11,38,0.725,1,1
28,9,48,0.244,0,0
53,9,45,0.775,1,1
55,11,34,0.21,1,0
36,13,32,0.503,0,0
55,11,43,0.368,1,1
41,14,40,0.685,1,1
42,7,27,0.447,0,0
49,11,49,0.345,1,0
46,11,47,0.602,1,0
49,9,35,0.465,1,0
41,9,43,0.398,0,0
34,12,31,0.368,1,1
45,10,16,0.77,1,0
38,8,29,0.301,0,0
28,3,20,0.53,0,0
40,8,42,0.384,1,0
38,13,57,0.352,1,1
54,13,18,0.287,0,1
24,9,45,0.305,0,0
29,15,67,0.224,1,1
26,10,29,0.676,0,1
43,11,20,0.076,0,0
25,13,41,0.461,0,1
46,10,45,0.384,1,1
53,7,44,0.332,0,0
19,11,55,0.901,1,1
61,12,44,0.711,1,0
41,9,43,0.907,1,1
40,9,40,0.36,1,1
50,10,50,0.414,1,0
28,8,34,0.163,0,0
38,11,50,0.698,1,1
28,12,37,0.655,1,0
48,10,34,0.711,1,1
30,14,42,0.441,1,1
41,7,34,0.583,1,0
43,14,49,0.485,1,1
32,11,33,0.366,0,1
49,13,39,0.48,1,0
39,14,57,0.776,1,1
59,12,40,0.697,1,1
40,6,26,0.285,0,0
32,11,45,0.412,0,1
30,6,44,0.395,0,1
42,10,29,0.746,1,0
30,13,58,0.568,0,0
45,8,36,0.407,0,0
30,13,36,0.321,0,1
34,9,50,0.714,1,0
28,14,45,0.781,1,1
29,12,65,0.373,0,1
67,12,38,0.709,1,0
50,13,36,0.426,1,0
29,9,60,0.833,1,1
38,11,49,0.727,1,0
35,11,47,0.376,0,0
42,14,39,0.228,1,0
36,13,42,0.465,1,0
33,8,51,0.223,1,0
52,11,29,0.491,1,0
35,10,39,0.412,0,1
33,9,42,0.394,0,0
17,12,54,0.463,1,0
33,13,55,0.617,1,0
45,13,34,0.489,1,1
25,11,20,0.343,0,1
58,9,27,0.43,1,0
37,11,37,0.682,1,1
31,13,36,0.625,1,1
38,9,41,0.359,1,0
38,10,34,0.352,0,0
39,15,18,0.365,0,1
38,11,49,0.464,1,1
37,14,45,0.541,1,0
26,4,48,0.949,1,1
36,10,44,0.439,1,0
58,10,62,0.447,0,1
21,10,47,0.406,0,0
35,10,43,0.651,1,1
69,10,53,0.295,1,0
61,10,55,0.814,1,0
43,12,41,0.384,0,0
22,13,38,0.589,1,0
40,11,30,0.908,1,0
41,9,35,0.42,0,0
63,12,32,0.0,1,0
36,14,43,0.682,1,1
45,8,27,0.658,1,0
24,13,19,0.534,1,0
30,14,60,0.417,1,0
70,10,56,0.647,1,1
49,15,29,0.599,1,1
38,9,59,0.805,1,1
37,8,53,0.0,0,0
23,14,47,0.826,1,1
17,8,77,0.409,0,1
44,13,34,0.597,1,1
34,16,27,1.0,1,1
28,6,32,0.468,1,0
41,9,36,0.45,0,0
43,12,41,0.485,1,0
61,12,39,0.525,1,1
59,11,45,0.403,0,1
20,12,49,0.433,1,0
39,14,44,0.424,1,1
51,12,42,0.58,1,1
39,10,27,0.467,1,1
63,10,33,0.473,0,0
53,6,59,0.35,1,0
31,10,38,0.668,1,1
41,10,58,0.523,1,0
34,8,34,0.359,0,1
41,11,46,0.732,1,1
46,12,33,0.394,0,0
25,14,53,0.498,1,1
38,11,36,0.603,1,1
17,8,49,0.589,1,0
21,11,43,0.568,1,0
29,11,37,0.38,1,1
50,10,41,0.275,1,1
32,9,29,0.338,1,0
68,10,65,0.29,1,1
33,16,42,0.709,1,1
20,10,34,0.45,1,0
42,11,32,0.376,1,1
25,10,51,0.654,1,1
39,15,40,0.674,1,1
38,8,27,0.3,0,0
23,12,52,0.34,1,1
38,10,45,0.281,1,1
35,9,36,0.35,0,0
35,12,49,0.401,1,0
53,16,68,0.828,1,1
39,13,50,0.588,1,0
45,11,48,0.558,1,0
31,12,30,0.502,1,0
46,13,36,0.615,1,0
43,11,67,0.854,1,1
32,11,42,0.394,1,0
56,13,33,0.915,1,1
34,10,37,0.24,1,1
40,13,63,0.726,1,0
59,12,39,0.231,1,1
44,12,57,0.527,1,0
61,14,53,0.205,1,0
42,11,61,0.536,1,0
60,8,44,0.368,0,0
17,10,64,0.61,1,1
41,16,20,0.567,1,1
27,9,47,0.473,1,1
42,13,29,0.672,1,0
23,13,43,0.136,1,0
42,10,46,0.732,1,1
33,12,43,0.432,0,0
22,8,36,0.832,1,1
37,11,44,0.672,1,0
24,11,36,0.574,1,1
28,11,54,0.635,1,0
47,12,34,0.621,1,1
48,16,34,0.479,1,1
60,12,52,0.517,1,1
44,10,43,0.612,1,1
31,13,64,0.755,1,0
28,9,30,0.106,0,0
34,8,48,0.377,1,0
33,6,25,0.461,0,0
53,13,40,0.609,1,1
41,10,45,0.525,1,1
43,12,37,0.484,0,1
60,10,33,0.388,0,0
38,9,39,0.632,0,0
37,8,42,0.509,0,1
35,13,25,0.441,1,1
27,16,47,0.642,1,1
37,9,58,0.278,0,0
28,12,64,0.728,1,1
47,10,51,0.585,1,1
17,8,14,0.666,1,0
42,8,24,0.15,0,0
30,11,49,0.596,1,0
31,10,33,0.483,1,1
50,10,27,0.386,1,1
46,10,30,0.319,0,0
34,10,46,0.315,1,0
42,13,51,0.573,1,1
48,9,47,0.379,1,0
28,6,37,0.801,1,1
29,11,33,0.587,0,1
32,12,30,0.522,1,0
25,13,35,0.446,0,0
21,16,32,0.461,1,0
43,9,56,0.238,1,0
48,15,36,0.0,0,0
38,9,44,0.238,1,1
52,12,44,0.993,1,1
17,9,47,0.472,1,1
56,11,43,0.33,0,0
66,6,56,0.241,0,1
30,12,50,0.495,1,0
46,6,51,0.408,1,1
46,15,25,0.686,1,0
39,14,39,0.459,1,0
17,8,27,0.598,0,0
41,11,32,0.458,0,1
33,10,34,0.5,0,0
50,6,35,0.429,0,0
30,14,21,0.628,1,1
66,9,30,0.401,0,0
46,13,63,0.614,1,0
34,9,52,0.425,0,0
17,15,54,0.539,1,0
30,9,43,0.731,1,0
47,9,32,0.08,0,0
41,10,24,0.491,1,1
35,6,37,0.504,0,0
40,10,46,0.81,1,1
36,10,63,0.888,1,1
43,10,54,0.396,1,1
42,9,59,0.704,1,1
27,8,45,0.39,1,0
41,12,22,0.268,0,0
45,12,38,0.728,1,1
34,10,26,0.785,1,1
17,8,26,0.587,0,0
39,7,36,0.062,0,0
47,13,30,0.363,1,0
43,4,31,0.487,0,0
36,13,50,0.544,1,1
54,13,30,0.353,0,0
18,7,45,0.415,1,0
34,11,37,0.296,1,0
46,6,62,0.74,1,1
71,9,41,0.672,1,0
35,7,33,0.732,1,1
34,9,52,0.661,1,1
28,9,39,0.274,0,0
48,12,23,0.656,1,1
30,12,33,0.604,1,0
58,9,49,0.519,1,0
45,9,33,0.269,1,0
45,11,48,0.543,1,1
47,13,31,0.362,1,1
46,14,46,0.241,0,0
28,11,62,0.585,1,1
17,6,33,0.486,0,0
28,16,35,0.464,1,0
39,10,31,0.614,1,1
37,8,58,0.554,1,1
17,8,35,0.818,1,0
48,13,37,0.447,1,1
36,9,34,0.494,0,0
44,14,25,0.23,1,1
20,11,36,0.121,0,0
44,10,23,0.262,0,0
51,5,45,0.45,1,0
51,11,41,0.235,0,1
36,11,61,0.617,1,0
36,15,45,0.311,1,1
17,15,43,0.873,1,1
56,16,44,0.869,1,0
35,10,19,0.577,0,0
69,7,30,0.316,0,1
48,13,34,0.682,1,0
25,11,34,0.451,0,0
59,15,41,0.721,1,0
36,6,50,0.449,0,1
33,11,49,0.487,1,1
54,8,53,0.367,0,1
36,13,31,0.354,1,1
44,10,40,0.702,1,1
37,8,37,0.571,0,1
52,10,47,0.39,0,0
41,10,34,0.789,1,0
50,9,33,0.52,1,0
17,9,28,0.551,1,0
49,11,49,0.65,1,1
40,16,34,0.306,1,1
54,14,42,0.103,1,0
37,10,53,0.449,1,1
38,9,33,0.136,0,0
17,6,23,0.472,0,1
33,11,44,0.581,1,1
34,13,41,0.715,1,1
53,7,45,0.576,1,1
32,9,64,0.605,1,1
52,13,33,0.198,0,0
44,13,55,0.456,1,1
48,16,43,0.483,1,1
55,9,36,0.652,1,0
24,13,51,0.746,1,1
31,10,47,0.692,1,1
28,7,27,0.402,0,0
22,13,44,0.367,0,1
20,13,30,0.685,1,0
37,10,49,0.451,1,1
17,9,43,0.527,0,0
42,12,27,0.468,0,0
49,16,76,0.744,1,1
37,9,39,0.339,0,1
58,10,22,0.332,1,0
52,13,29,0.213,1,0
19,9,50,0.637,1,1
32,11,33,0.386,0,0
66,13,50,0.15,0,1
32,15,44,0.198,0,0
44,11,41,0.452,1,0
37,12,58,0.474,1,0
46,9,42,0.511,1,1
42,10,50,0.808,1,1
43,12,50,0.0,0,0
22,13,54,0.717,1,1
62,7,46,0.908,1,1
21,11,35,0.942,1,0
39,7,38,0.284,1,0
51,10,33,0.687,0,0
58,9,28,0.555,0,0
37,14,34,0.862,1,1
23,7,50,0.367,1,1
36,12,55,0.279,1,0
26,16,43,0.318,1,0
47,11,30,0.973,1,1
39,12,48,1.0,1,0
40,11,40,0.888,1,1
57,14,39,0.437,1,0
48,14,56,0.871,1,1
37,12,33,0.171,0,1
27,11,43,0.393,1,0
39,7,30,0.697,1,0
26,13,51,0.189,1,0
29,12,35,0.439,1,0
20,13,45,0.653,1,0
49,7,66,0.219,0,0
36,16,40,0.53,1,1
56,8,30,0.443,1,0
39,11,42,0.675,1,1
68,11,51,0.511,1,1
49,11,15,0.281,0,1
39,12,48,0.684,1,0
34,11,52,0.637,1,1
31,11,34,0.769,1,1
21,9,52,0.568,1,1
37,14,31,0.541,1,1
17,13,46,0.352,1,0
42,11,17,0.708,0,1
18,10,31,0.119,0,0
22,8,29,0.483,0,0
31,12,30,0.206,0,1
31,12,31,0.083,0,0
28,9,40,0.808,0,1
28,13,45,0.189,0,0
33,8,50,0.628,1,1
38,10,77,0.357,1,0
39,11,53,0.428,1,1
47,12,54,0.377,0,1
42,10,42,0.844,1,0
45,11,39,0.688,1,0
34,12,51,0.473,1,0
23,10,61,0.797,1,1
32,16,31,0.164,0,0
50,15,50,0.517,1,1
27,13,31,0.677,1,1
46,15,37,0.228,1,0
32,13,32,0.713,1,0
42,12,30,0.337,0,0
40,16,40,0.19,1,1
39,10,36,0.114,0,0
26,13,59,0.654,1,1
21,10,48,0.519,1,0
51,14,66,0.76,1,1
60,14,52,0.505,1,1
28,10,59,0.371,0,0
33,11,49,0.894,1,1
25,11,58,0.514,0,1
25,10,30,0.713,0,0
41,9,47,0.6,1,1
35,13,26,0.546,1,1
24,11,57,0.586,1,1
51,14,52,0.473,1,1
60,11,36,0.335,1,1
35,12,34,0.335,0,1
52,13,16,0.38,0,0
32,13,49,0.214,0,0
22,10,46,0.251,0,0
38,14,46,0.613,1,1
17,11,30,0.391,1,1
35,11,27,0.496,1,0
40,9,58,0.372,0,1
38,11,44,0.45,0,1
34,8,38,0.568,1,1
51,6,22,0.651,0,0
33,11,17,0.547,1,0
43,7,43,0.174,1,0
42,10,27,0.884,1,1
26,10,52,0.544,0,0
35,7,33,0.369,0,0
37,13,32,0.44,0,0
34,9,23,0.151,0,0
31,10,44,0.426,0,1
17,13,37,0.541,1,0
43,15,12,0.228,0,0
23,12,49,0.751,1,1
55,10,31,0.354,0,0
27,9,41,0.386,0,1
45,12,54,0.254,1,0
52,15,53,0.767,1,1
40,10,27,0.159,0,0
46,11,28,0.425,1,0
71,9,49,0.621,0,0
28,8,28,0.684,1,1
22,15,37,0.671,1,1
49,8,35,0.507,0,1
33,15,47,0.949,1,1
30,6,42,0.278,0,0
46,14,36,0.502,0,1
30,7,18,0.281,0,0
26,8,65,0.678,1,1
58,9,29,0.382,0,0
50,6,40,0.624,1,0
49,14,44,0.867,1,1
26,12,44,0.48,1,0
45,12,38,0.0,0,1
62,12,14,0.6,0,0
41,12,31,0.381,0,0
47,10,32,0.418,1,1
17,13,33,0.452,0,0
54,13,22,0.795,0,0
43,12,32,0.614,1,0
26,8,44,0.036,0,0
17,15,32,0.211,1,0
46,11,43,0.524,1,0
38,12,50,0.656,1,1
46,11,49,0.485,1,1
46,9,45,0.501,0,0
34,9,49,0.894,1,1
27,14,34,0.276,1,1
50,5,47,0.604,0,1
54,13,49,0.201,1,1
56,10,31,0.138,0,0
48,11,43,0.26,1,0
57,8,60,0.478,0,1
45,9,34,0.086,0,0
48,7,49,0.518,1,1
34,6,37,0.396,0,0
58,12,35,0.388,0,1
45,14,58,0.766,1,0
56,9,48,0.507,1,1
63,11,15,0.487,1,0
49,10,27,0.21,0,1
56,13,26,0.468,0,0
17,11,46,0.387,0,1
62,3,38,0.413,0,0
42,13,35,0.264,0,1
51,12,33,0.284,0,0
17,11,47,0.485,0,0
42,10,41,0.588,0,1
37,13,51,0.377,1,1
31,9,37,0.762,1,1
34,10,41,0.529,0,0
40,9,45,0.311,0,0
43,8,38,0.284,1,1
17,11,19,0.377,0,0
57,10,24,0.518,0,1
43,9,54,0.821,1,1
17,8,55,0.516,0,1
41,12,60,0.576,1,1
24,12,32,0.734,1,1
21,9,64,0.645,1,1
34,12,49,0.542,0,0
40,11,31,0.577,0,0
42,9,22,0.361,0,0
54,13,49,0.385,0,1
61,9,34,0.221,0,1
45,16,47,0.625,1,1
45,11,40,0.63,1,1
37,8,7,0.279,0,0
23,11,57,0.233,0,0
49,9,34,0.507,1,1
40,9,41,0.296,0,0
51,13,33,0.365,1,0
53,11,46,0.152,0,0
58,8,39,0.611,1,1
71,11,53,0.705,1,1
58,3,37,0.456,0,0
23,10,59,0.605,1,1
36,8,57,0.544,1,0
45,15,29,0.553,0,1
36,14,56,0.63,1,1
54,8,44,0.375,0,0
51,13,51,0.887,1,1
49,6,48,0.625,0,0
40,12,26,0.549,1,1
35,6,29,0.633,0,0
39,15,25,0.291,1,1
17,13,26,0.196,0,0
49,14,24,0.102,0,0
34,13,45,0.0,0,0
19,11,53,0.921,1,1
27,13,66,0.548,1,1
40,13,60,0.542,1,0
24,6,34,0.519,0,1
54,11,34,0.891,1,1
33,10,32,0.363,1,0
55,14,43,0.444,1,1
37,16,35,0.625,1,0
46,13,56,0.617,1,0
48,10,46,0.308,1,0
44,12,39,0.292,0,1
28,11,44,0.481,1,1
30,8,35,0.253,0,0
56,11,63,0.491,1,1
17,10,26,0.343,1,0
25,10,51,0.538,0,1
33,8,33,0.487,1,0
55,13,46,0.144,1,1
32,12,50,0.569,1,1
28,7,26,0.682,0,0
29,10,45,0.899,1,1
41,12,29,0.7,1,0
30,8,44,0.833,1,1
32,13,62,0.498,1,0
27,12,43,0.454,1,1
38,12,59,0.614,1,1
20,10,44,0.335,0,0
37,9,53,0.471,1,0
17,7,30,0.042,0,0
19,10,22,0.74,0,0
63,11,46,0.346,1,1
45,12,44,0.646,1,1
17,9,30,0.242,0,0
28,12,37,0.372,1,0
50,10,25,0.295,0,1
17,11,39,0.841,1,0
23,10,53,0.501,1,0
36,13,38,0.432,1,0
31,9,31,0.442,0,0
40,10,40,0.287,0,0
34,12,38,0.686,1,1
35,13,33,0.513,1,0
38,9,34,0.698,0,0
25,14,31,0.738,1,0
51,12,25,0.642,0,0
25,10,42,0.571,1,0
56,12,56,0.565,1,1
33,13,52,0.463,1,1
50,16,25,0.249,1,1
17,13,69,0.688,1,1
53,11,44,0.489,1,1
31,10,28,0.477,0,1
37,6,27,0.245,0,0
51,11,50,0.727,1,1
36,15,50,0.529,1,0
41,13,51,0.258,1,0
30,13,38,0.562,1,1
42,12,44,0.649,1,1
57,8,25,0.573,1,1
55,12,46,0.545,1,1
32,12,41,0.649,1,1
49,12,36,0.724,1,1
48,7,20,0.421,0,0
54,16,39,0.44,1,1
41,11,41,0.384,0,1
42,12,32,0.379,0,0
51,15,40,0.76,1,1
39,13,26,0.559,0,1
39,11,50,0.508,1,1
38,10,54,0.511,1,0
44,12,55,0.586,0,0
35,8,43,0.338,0,0
17,15,59,0.397,1,1
38,11,38,0.6,1,1
17,12,41,0.705,1,0
40,11,36,0.444,0,1
33,11,51,0.575,1,0
28,15,34,1.0,1,1
44,12,35,0.648,1,1
17,11,50,0.754,1,1
41,14,55,0.431,1,1
31,10,41,0.638,1,0
59,5,44,0.426,1,0
26,13,36,0.543,1,1
39,12,36,0.532,1,0
39,9,27,0.239,0,0
40,14,51,0.473,1,0
21,11,58,0.077,1,0
27,10,27,0.468,0,1
39,13,57,0.453,1,1
19,9,45,0.435,1,0
25,14,36,0.43,1,1
44,10,21,0.452,0,0
27,15,41,0.473,1,0
22,10,22,0.641,1,1
31,11,62,0.524,1,1
28,14,31,0.544,1,0
23,15,46,0.546,1,0
39,13,51,0.354,1,1
43,14,41,0.565,1,0
31,11,36,0.301,0,1
43,9,38,0.414,1,0
48,13,57,0.586,1,0
53,10,17,0.233,1,0
37,8,67,0.568,0,0
33,11,31,0.69,1,0
21,14,38,0.302,1,1
42,10,70,0.191,1,1
39,10,43,0.764,1,1
46,8,50,0.415,0,0
37,11,37,0.663,1,0
57,12,46,0.814,0,0
31,13,37,0.696,0,0
25,15,28,0.163,0,0
37,15,32,0.567,1,0
59,11,21,0.514,1,1
17,10,39,0.29,0,0
59,8,55,0.694,1,0
41,11,42,0.331,1,0
38,11,21,0.625,1,0
31,10,32,0.878,0,0
46,9,60,0.665,1,1
55,13,44,0.754,1,1
53,16,28,0.485,1,1
56,12,54,0.448,1,0
41,9,52,0.252,1,1
17,10,20,0.376,0,0
49,10,25,0.367,0,0
28,15,43,0.763,1,0
32,11,35,0.139,1,1
46,16,37,0.355,1,1
56,8,48,0.215,0,0
31,12,47,0.723,1,1
38,10,26,0.436,0,1
34,8,16,0.64,1,0
36,12,26,0.476,0,0
19,13,53,0.456,1,1
38,10,48,0.532,1,1
30,10,33,0.731,1,0
31,13,62,0.37,1,1
26,10,24,0.51,0,0
23,11,60,0.852,1,0
47,13,51,0.478,1,1
33,13,53,0.714,1,0
28,12,51,0.536,1,1
33,10,45,0.63,1,0
36,15,61,0.391,1,1
57,12,38,0.744,1,1
17,11,48,0.248,1,0
26,9,60,0.826,1,0
61,13,66,0.54,1,0
28,14,44,0.662,1,1
56,10,47,0.303,0,0
43,9,31,0.336,1,0
18,11,32,0.336,1,0
38,15,52,0.548,1,1
45,13,40,0.589,0,1
45,8,46,0.756,1,0
39,13,42,0.457,1,1
37,6,31,0.489,0,0
39,11,31,0.731,1,1
19,11,21,0.505,0,0
37,12,44,0.491,1,0
23,12,32,0.366,1,0
38,8,65,0.465,1,0
18,10,39,0.157,0,0
26,13,34,0.394,1,0
54,12,42,0.706,1,1
38,13,50,0.521,1,1
28,8,44,0.658,1,1
35,8,33,0.338,0,0
17,11,45,0.488,1,0
17,12,27,0.596,1,0
37,12,23,0.682,1,0
51,11,66,0.439,1,1
38,12,42,0.503,1,1
28,12,31,0.258,0,0
83,12,39,0.473,1,1
38,12,49,0.572,1,0
40,14,48,0.585,1,1
32,9,39,0.223,0,0
39,10,43,0.831,1,0
32,12,35,0.227,0,1
48,12,35,0.456,1,1
29,14,28,0.769,1,1
42,12,34,0.755,1,0
44,8,26,0.171,0,0
47,11,30,0.192,1,1
49,9,64,0.801,1,0
26,13,27,0.28,0,0
26,11,33,0.642,1,0
34,10,42,0.109,0,1
17,14,27,0.199,1,1
27,8,50,0.669,1,0
27,11,33,0.622,0,0
50,13,41,0.124,0,1
45,12,21,0.474,0,1
37,7,36,0.545,1,0
22,11,39,0.667,0,0
43,9,52,0.267,1,1
27,10,53,0.567,1,0
39,12,28,0.441,1,0
27,12,14,0.356,0,1
34,6,44,0.382,0,0
22,9,38,0.734,1,1
35,9,35,0.596,1,0
35,7,31,0.492,1,0
27,13,43,0.529,1,0
37,7,28,0.613,1,0
31,12,54,0.543,1,1
36,12,38,0.746,1,1
17,10,35,0.219,0,0
43,13,47,0.556,1,1
40,12,46,0.429,1,0
33,12,46,0.91,1,1
33,13,27,0.554,1,1
33,12,70,0.449,1,1
38,13,11,1.0,1,0
54,12,33,0.525,1,1
30,8,33,0.705,0,1
27,14,36,0.583,0,0
42,16,55,0.37,1,1
24,11,37,0.205,1,0
17,6,36,0.347,1,0
30,12,47,0.545,1,1
57,13,47,0.507,1,1
39,9,32,0.435,0,1
46,6,33,0.407,0,0
38,12,27,0.493,1,1
17,10,41,0.232,0,0
47,9,36,0.528,0,0
36,13,48,0.581,1,0
33,6,26,0.371,0,0
30,14,32,0.465,1,0
76,6,48,0.658,1,0
54,10,54,0.437,0,1
34,10,51,0.451,1,0
22,14,38,0.309,0,0
46,10,39,0.077,1,0
28,14,41,0.436,1,0
47,8,20,0.317,0,0
43,9,55,0.865,1,1
46,9,51,0.478,0,0
41,8,44,0.703,1,1
17,12,39,0.392,1,0
38,8,39,0.643,1,0
39,13,49,0.632,0,1
49,7,30,0.355,0,0
18,12,41,0.838,1,1
31,11,49,0.251,0,1
39,10,44,0.254,0,1
41,11,39,0.49,0,0
30,12,38,0.514,1,1
29,8,28,0.131,0,0
17,10,42,0.796,0,0
51,11,50,0.336,0,1
45,12,41,0.533,1,1
18,14,13,0.098,0,0
49,11,45,0.537,1,1
28,9,48,0.273,0,0
62,10,24,0.636,0,1
45,9,36,0.505,0,0
36,12,44,0.91,1,1
57,13,48,0.47,1,1
33,8,32,0.397,1,0
58,11,53,0.753,1,1
38,13,39,0.482,1,1
42,11,28,0.497,1,1
28,15,41,0.374,1,1
23,11,32,0.577,1,0
34,8,6,0.738,0,0
39,16,31,0.395,0,1
48,14,42,0.758,1,1
32,10,39,0.707,1,0
67,13,32,0.623,1,1
20,10,33,0.394,0,0
36,12,35,0.692,1,0
49,16,18,0.6,1,1
42,11,39,0.239,0,0
42,10,52,0.565,1,1
21,8,39,0.283,0,0
47,14,33,0.646,1,1
57,10,44,0.17,0,1
52,12,26,0.317,0,1
38,7,41,0.257,0,0
31,12,49,0.577,1,1
51,7,48,0.558,1,1
36,7,30,0.385,0,0
37,7,46,0.415,0,0
52,8,53,0.877,1,1
46,10,26,0.576,0,1
49,6,34,0.446,0,0
32,7,48,0.5,1,0
25,12,36,0.449,1,1
23,16,40,0.439,1,1
17,8,34,0.275,1,0
65,9,63,0.66,1,1
21,12,24,0.498,1,0
29,7,44,0.527,0,0
68,11,49,0.625,1,1
31,9,30,0.162,0,0
23,14,46,0.572,1,1
58,7,42,0.656,0,0
39,8,23,0.098,0,0
38,12,27,0.338,1,0
42,16,31,0.103,1,0
27,9,39,0.304,1,1
43,16,45,0.794,1,1
41,5,18,0.565,0,0
50,13,35,0.731,1,1
60,9,39,0.435,0,0
28,13,42,0.722,1,0
65,8,26,0.225,0,0
20,11,42,0.445,1,0
25,16,50,0.899,1,1
17,8,23,0.691,1,1
36,10,25,0.463,0,0
44,10,49,0.331,0,1
27,13,40,0.364,0,0
33,13,40,0.288,1,0
17,9,36,0.199,0,0
61,8,67,0.269,1,0
29,12,35,0.605,1,1
26,11,44,0.764,1,0
37,12,35,0.187,0,1
49,13,61,0.877,1,1
40,15,29,0.515,1,1
56,11,35,0.833,1,1
45,11,48,0.552,0,0
19,7,30,0.58,1,0
38,12,43,0.319,1,0
17,14,39,0.616,1,0
35,16,29,0.273,0,1
17,7,32,0.959,1,1
30,15,36,0.506,1,0
70,12,38,0.579,1,1
56,13,63,0.431,1,0
36,8,22,0.682,1,0
27,12,65,0.716,1,1
64,16,53,0.499,1,1
42,11,49,0.573,1,1
28,8,24,0.421,0,1
32,12,57,0.527,1,1
64,12,43,0.737,1,1
27,9,48,0.569,1,0
19,11,37,0.217,1,0
34,14,38,0.724,1,1
35,16,52,0.298,1,0
24,13,55,0.515,1,1
30,10,41,0.482,1,0
49,15,36,0.597,1,1
46,13,43,0.916,1,1
28,15,40,0.557,1,1
45,14,35,0.846,1,1
35,13,44,0.563,0,0
34,14,46,0.888,1,1
46,10,51,0.47,0,1
20,10,26,0.305,1,0
25,14,45,0.318,1,0
17,9,27,0.126,0,0
17,13,44,0.951,1,0
41,10,25,0.704,1,0
42,13,59,0.529,1,1
35,11,51,0.433,1,0
56,12,48,0.698,1,1
23,12,53,0.567,1,1
65,11,43,0.301,1,1
43,10,50,0.259,1,1
29,13,35,0.76,1,1
22,9,33,0.161,0,0
57,8,43,0.71,0,0
22,13,30,0.459,1,1
46,11,53,0.754,1,0
55,9,38,0.518,1,0
49,10,52,0.879,1,0
37,12,39,0.557,1,0
31,12,46,0.62,1,1
51,8,55,0.449,1,1
35,9,56,0.48,1,1
46,13,60,0.501,1,0
52,10,21,0.229,0,0
17,12,23,0.495,1,0
40,13,19,0.437,1,0
31,15,52,0.879,1,1
35,15,37,0.632,1,1
25,11,53,0.238,1,1
41,9,50,0.466,1,0
41,11,39,0.421,1,0
24,11,50,0.693,1,1
35,11,41,0.547,1,0
34,10,20,0.476,1,0
25,12,45,0.896,1,1
58,9,36,0.441,0,1
58,11,51,0.686,1,1
51,11,37,0.525,1,0
19,8,43,0.774,1,1
29,11,28,0.554,1,1
42,11,51,0.519,1,1
22,10,45,0.837,1,1
25,16,58,0.656,1,1
53,12,46,0.839,1,1
48,14,31,0.471,0,0
31,9,30,0.697,1,0
17,12,56,0.408,1,0
40,12,52,0.572,1,1
23,12,27,0.695,1,0
32,11,34,0.48,1,0
38,13,34,0.626,1,0
63,12,57,0.681,1,1
37,12,51,0.561,1,1
51,12,41,0.416,0,1
48,15,64,0.517,1,1
63,8,29,0.222,0,0
43,8,38,0.306,0,0
36,12,25,0.296,1,0
34,15,59,0.537,1,0
55,11,39,0.731,1,1
45,14,50,0.273,1,0
48,12,52,0.349,1,0
42,12,47,0.33,0,1
42,12,8,0.298,0,0
29,9,22,0.251,0,0
17,12,48,0.637,1,1
27,9,61,0.651,1,0
49,7,29,0.257,0,0
54,9,52,0.839,1,0
34,10,59,0.458,1,1
27,10,31,0.513,1,0
54,12,25,0.513,0,1
46,13,49,0.7,1,1
34,13,31,0.216,1,1
23,13,60,0.637,1,1
38,12,62,0.816,1,0
34,10,47,0.541,0,1
57,5,52,0.411,0,1
41,11,37,0.697,1,0
50,16,47,0.491,1,1
22,10,38,0.597,1,0
29,11,39,0.655,1,0
41,13,44,0.447,1,0
37,13,33,0.498,1,1
22,11,36,0.588,1,0
38,14,53,0.294,1,1
37,13,46,0.731,1,1
66,10,39,0.549,1,1
48,11,16,0.505,1,1
38,9,45,0.535,0,1
43,11,41,0.293,0,0
51,6,23,0.264,0,0
32,9,39,0.455,0,0
31,16,52,0.52,1,0
35,16,64,0.472,1,0
27,13,37,0.822,1,0
17,7,27,0.65,1,1
54,16,40,0.297,1,1
38,12,33,0.627,1,1
19,15,62,0.628,1,0
53,14,61,0.552,1,1
47,11,42,0.498,1,0
51,12,14,0.577,0,0
49,8,28,0.391,0,1
33,13,50,0.653,1,1
39,14,43,0.27,1,0
36,11,32,0.399,0,0
37,11,56,0.427,1,1
50,7,26,0.461,0,1
17,12,44,0.393,0,0
40,13,7,0.54,1,1
36,11,52,0.32,1,1
42,9,29,0.51,1,0
28,13,39,0.445,1,0
43,15,41,0.857,1,0
20,14,24,0.972,1,0
26,8,24,0.389,0,0
61,11,44,0.644,0,1
48,12,33,0.717,1,1
31,7,34,0.51,1,0
34,11,38,0.556,1,1
42,12,47,0.693,1,0
41,11,29,0.097,0,0
32,12,36,0.556,1,0
34,15,51,0.805,1,1
49,16,27,0.681,1,0
38,10,48,0.523,1,0
35,9,59,0.6,1,0
44,13,46,0.919,1,0
21,11,47,0.157,1,0
38,12,25,0.367,0,0
44,11,40,0.183,0,1
48,10,55,0.417,1,1
46,12,30,0.307,0,0
49,15,30,0.147,1,1
63,14,39,0.736,1,1
47,13,53,0.779,1,1
58,10,47,0.543,1,1
56,13,46,0.918,1,1
44,12,37,0.56,1,0
38,16,34,0.55,1,1
17,7,36,0.109,0,0
63,13,40,0.49,0,0
43,8,29,0.506,0,0
39,13,54,0.602,1,1
41,14,34,0.0,0,0
39,15,38,0.358,0,1
39,9,26,0.744,1,1
47,12,51,0.72,1,1
37,10,37,0.737,1,0
36,12,52,0.807,1,0
75,11,52,0.499,0,1
18,9,46,0.261,0,0
59,12,39,0.427,1,1
38,11,41,0.575,0,1
25,10,37,0.149,0,1
17,8,54,0.548,1,0
26,14,49,0.346,1,0
21,12,54,0.282,1,0
64,16,33,0.783,1,1
51,9,37,0.555,1,1
17,10,39,0.759,1,1
46,10,40,0.685,1,1
39,6,40,0.613,1,1
50,12,27,0.579,1,0
23,11,50,0.788,1,0
26,13,49,0.504,0,0
29,16,36,0.526,1,0
60,13,28,0.244,0,1
61,11,42,0.408,1,0
37,10,62,0.666,1,1
36,15,63,0.708,1,1
22,7,53,0.493,1,0
26,10,46,0.486,1,1
34,8,1,0.322,0,1
38,12,61,0.572,1,1
48,15,60,0.961,1,1
46,9,65,0.483,1,0
52,11,31,0.417,1,1
43,7,39,0.082,0,0
48,14,40,0.479,1,1
51,8,45,0.771,1,0
56,9,49,0.475,1,0
19,11,40,0.692,1,1
53,12,42,0.482,1,0
17,16,34,0.4,1,0
48,10,41,0.659,1,1
49,11,28,0.616,0,1
43,11,78,0.876,1,0
51,8,24,0.396,1,0
34,12,44,0.602,1,1
42,13,22,0.624,0,0
23,8,42,0.218,1,0
63,10,47,0.856,1,1
37,10,44,0.296,1,1
30,10,43,0.622,1,0
54,10,38,0.261,0,0
50,15,37,0.407,0,0
23,11,24,0.537,1,0
20,15,46,0.844,1,1
50,14,25,0.528,1,0
30,5,28,0.434,0,0
23,7,62,0.495,1,0
46,14,57,0.638,1,1
19,10,36,0.563,0,0
30,9,46,0.549,1,0
31,10,37,0.288,1,1
17,15,32,0.644,1,0
42,15,38,0.338,1,0
30,13,37,0.417,0,0
40,13,36,0.61,0,0
32,13,44,0.607,1,1
40,14,46,0.624,1,1
22,9,36,0.383,0,0
19,11,38,0.139,0,0
28,13,33,0.753,1,1
40,10,42,0.579,1,1
21,8,17,0.542,0,0
50,15,27,0.698,0,1
31,11,43,0.652,1,1
47,4,56,0.082,0,0
33,15,34,0.393,1,0
38,12,42,0.572,1,0
20,12,50,0.661,1,0
24,16,41,0.949,1,1
38,13,38,0.29,0,0
47,16,34,0.559,1,1
45,12,41,0.554,0,1
36,16,52,0.489,1,0
42,11,71,0.656,1,0
32,14,45,0.75,1,0
27,14,39,0.328,0,0
55,12,36,0.706,1,1
34,14,40,0.489,0,0
47,15,41,0.821,1,1
55,8,37,0.255,1,1
17,10,44,0.5,1,0
33,12,48,0.615,1,0
64,14,42,0.183,0,1
35,11,40,0.58,1,1
31,9,30,0.444,1,0
45,10,26,0.266,0,1
33,9,38,0.34,1,1
20,8,28,0.384,0,0
40,11,38,0.257,1,0
33,13,32,0.177,0,0
30,13,67,0.556,1,1
48,8,59,0.611,1,0
31,11,42,0.538,1,1
41,10,52,0.473,0,0
53,10,23,0.514,1,1
48,7,61,0.735,1,1
22,11,49,0.612,1,1
43,12,36,0.552,1,0
52,11,47,0.538,1,0
53,10,43,0.722,0,1
18,11,31,0.483,1,0
41,6,53,0.608,1,0
61,10,35,0.666,1,0
24,13,33,0.641,1,0
90,14,28,0.579,1,1
55,9,36,0.584,1,0
54,14,53,0.719,1,1
49,13,36,0.634,0,1
29,9,38,0.525,0,0
38,14,39,0.379,0,0
52,11,54,0.564,1,1
29,12,52,0.621,1,0
21,12,20,0.234,0,0
55,10,23,0.573,0,0
18,9,30,0.153,0,1
39,13,54,0.905,1,1
61,9,22,0.161,0,0
44,9,34,0.367,1,1
49,12,32,0.702,1,0
45,11,58,0.419,1,1
52,7,33,0.274,0,0
50,11,32,0.586,1,1
46,11,41,0.62,1,0
50,13,49,0.258,1,1
47,12,52,0.525,1,1
36,12,31,0.673,1,1
35,14,34,0.642,1,0
45,6,36,0.306,0,0
44,8,57,0.4,1,1
33,11,42,0.341,0,1
36,10,67,0.541,1,1
17,10,71,0.693,1,1
33,12,39,0.535,1,1
39,12,48,0.702,1,1
45,13,25,0.317,0,1
42,11,53,0.702,1,1
45,8,45,0.631,1,1
17,12,36,0.36,0,0
25,12,50,0.531,1,0
23,4,50,0.416,1,0
37,13,48,0.772,1,1
48,13,54,0.389,1,1
49,8,26,0.369,0,0
33,11,19,0.559,1,0
39,8,15,0.507,0,0
67,10,30,0.55,1,0
49,7,26,0.289,0,0
23,14,36,0.507,0,1
42,14,63,0.685,1,1
26,15,37,0.389,1,0
55,13,37,0.587,1,0
39,12,15,0.207,0,1
49,11,29,0.624,1,0
33,9,30,0.88,1,0
44,7,41,0.545,1,0
47,11,36,0.773,1,1
34,7,49,0.412,0,1
38,13,38,0.233,1,0
41,4,33,0.324,0,0
42,14,56,0.447,1,1
39,16,45,0.561,1,1
44,12,40,0.437,0,0
42,11,38,0.497,1,0
40,12,37,0.553,1,0
42,13,48,0.559,1,1
50,13,54,0.557,1,1
36,15,20,0.299,1,0
59,13,24,0.112,0,1
67,12,40,0.616,1,1
37,11,51,0.753,1,0
73,14,38,0.452,1,1
17,12,39,0.557,1,0
38,11,32,0.714,1,0
33,11,49,0.452,1,1
47,16,46,0.44,1,1
40,10,29,0.212,0,0
36,15,57,0.502,1,1
49,8,47,0.347,0,1
57,13,55,0.656,1,0
56,14,57,0.327,1,1
27,16,46,0.706,1,1
39,9,45,0.613,1,0
36,11,47,0.725,1,1
39,5,52,0.391,0,1
59,12,51,0.89,1,1
33,10,26,0.524,1,0
29,11,44,0.625,1,0
33,16,49,0.469,1,1
23,13,50,0.565,1,1
44,14,45,0.668,1,1
69,10,53,0.908,1,1
22,12,47,0.28,0,0
29,14,59,0.548,1,1
63,11,33,0.846,1,1
43,7,33,0.316,0,0
46,9,38,0.399,1,0
48,7,39,0.494,0,0
36,11,38,0.648,1,1
44,11,40,0.701,1,1
46,8,32,0.211,0,0
57,14,25,0.6,1,1
46,3,24,0.497,0,0
41,15,46,0.481,0,1
35,12,26,0.641,0,1
25,16,30,0.533,1,1
42,12,41,0.703,1,1
19,11,17,0.375,0,0
36,14,53,0.646,1,1
34,9,41,0.425,0,0
27,10,52,0.604,0,0
45,13,56,0.721,1,1
20,15,35,0.547,0,0
17,15,37,0.88,1,0
58,9,53,0.468,1,1
42,8,39,0.509,1,0
57,9,38,0.39,0,1
23,16,48,0.594,1,1
54,8,67,0.497,1,1
63,12,49,0.413,1,1
53,10,36,0.392,0,0
39,11,28,0.657,0,0
40,12,43,0.768,1,0
34,16,34,0.907,1,1
44,12,64,0.441,1,0
36,13,40,0.329,0,0
20,14,43,0.293,0,1
60,12,14,0.679,1,0
57,6,24,0.381,0,0
73,7,51,1.0,1,1
39,13,44,0.065,0,0
45,10,26,0.424,1,0
47,15,32,0.567,1,1
27,8,31,0.264,0,0
23,11,42,0.372,1,0
42,11,29,0.682,1,1
37,14,46,0.585,1,1
21,10,23,0.529,1,0
44,13,41,0.58,1,0
33,7,52,0.452,0,0
44,12,42,0.343,0,0
51,7,42,0.18,0,0
19,10,50,0.494,1,0
32,9,41,0.827,1,1
52,8,34,0.32,0,0
38,14,35,0.728,1,1
56,11,34,0.387,1,0
55,11,53,0.523,1,1
17,10,42,0.81,1,1
36,11,29,0.279,1,0
21,11,43,0.375,1,0
33,16,65,0.921,1,1
44,11,29,0.543,0,0
39,11,41,0.274,1,0
35,11,26,0.279,0,0
22,9,56,0.542,1,0
37,14,48,0.613,1,0
31,11,31,0.706,1,0
72,12,35,0.488,1,1
37,15,48,0.558,1,1
46,4,37,0.229,0,0
58,10,48,0.63,1,1
47,9,36,0.459,1,1
21,14,23,0.538,0,0
17,10,43,0.224,0,0
38,10,39,0.162,0,0
40,6,42,0.324,1,0
34,16,17,0.677,1,1
34,8,28,0.617,1,1
17,7,50,0.411,0,0
20,7,35,0.483,1,0
40,12,60,0.825,1,1
35,9,52,0.597,1,1
36,4,52,0.533,0,0
36,12,56,0.55,1,1
19,9,50,0.451,1,0
39,11,35,0.295,0,0
50,9,48,0.592,0,1
31,14,39,0.508,1,0
34,12,21,0.367,0,0
38,7,34,0.502,0,0
59,11,46,0.698,1,0
26,10,39,0.78,1,1
48,8,44,0.53,0,1
38,13,33,0.708,1,1
17,7,43,0.47,0,0
41,16,38,0.432,1,1
44,6,20,0.528,1,0
41,12,38,0.922,1,1
42,15,49,0.628,1,1
40,10,26,0.373,0,0
48,11,38,0.409,1,0
33,8,23,0.258,0,0
33,15,53,0.942,1,1
55,13,62,0.536,1,1
42,10,34,0.557,1,1
44,12,48,0.198,1,1
53,7,40,0.291,1,1
58,13,45,0.286,0,0
41,14,31,0.264,0,0
30,13,37,0.633,1,1
55,16,64,0.529,1,1
45,10,48,0.722,1,0
37,16,68,0.729,1,1
21,16,57,0.878,1,1
36,10,33,0.34,1,1
31,11,20,0.509,1,0
45,13,55,0.559,1,1
41,9,55,0.52,1,0
41,9,24,0.378,1,0
39,12,24,0.415,1,0
44,12,57,0.664,1,0
48,9,48,0.346,0,0
41,11,46,0.264,1,1
39,16,40,0.515,1,1
40,14,61,0.832,1,0
37,8,39,0.525,1,0
59,10,41,0.529,1,1
45,12,48,0.408,0,1
41,10,39,0.659,1,0
54,12,65,0.696,1,1
18,12,29,0.607,1,1
41,11,60,0.336,1,1
44,13,40,0.512,1,0
36,11,45,0.541,1,0
37,12,37,0.347,0,1
44,14,58,0.844,1,1
49,11,51,0.373,1,1
31,10,36,0.628,0,0
39,13,34,0.533,0,0
53,10,29,0.862,1,0
22,9,12,0.436,0,1
36,11,26,0.372,0,0
41,11,55,0.425,0,1
42,9,44,0.62,1,0
70,13,34,0.597,1,1
53,7,39,0.319,1,1
34,14,23,0.57,1,0
48,16,39,0.389,1,1
49,9,35,0.484,1,0
34,11,39,0.451,1,0
59,12,54,0.777,1,0
54,14,37,0.255,0,1
30,13,45,0.77,0,0
17,11,52,0.18,0,0
18,13,41,0.791,1,1
46,11,32,0.364,0,0
17,15,36,0.8,0,1
35,15,48,0.719,1,1
53,15,39,0.732,1,1
63,12,51,0.545,1,1
29,9,51,0.128,0,1
43,10,48,0.751,1,1
40,10,39,0.596,1,0
30,13,43,0.57,1,0
50,6,56,0.73,1,1
29,12,56,0.691,1,1
32,9,37,0.458,0,0
48,9,51,0.444,1,1
59,5,51,0.462,1,1
27,6,48,0.656,0,0
66,12,15,0.401,1,1
52,15,44,0.616,1,1
19,15,21,0.487,0,0
17,10,30,0.495,1,0
60,8,42,0.638,1,1
56,14,31,0.364,0,0
49,9,30,0.302,1,0
30,11,46,0.412,1,0
30,9,23,0.351,0,0
58,9,42,0.411,1,0
35,12,41,0.63,1,0
43,12,58,0.588,1,0
44,11,55,0.857,1,1
57,11,33,0.807,1,1
35,15,34,0.701,0,1
49,6,23,0.368,0,0
58,13,52,0.24,0,1
22,9,39,0.527,1,0
38,15,46,0.447,1,1
27,11,38,0.757,1,0
28,6,47,0.485,1,0
62,12,30,0.708,0,0
20,10,49,0.311,1,1
36,10,41,0.568,1,0
31,11,55,0.499,1,1
59,13,54,0.56,1,1
18,12,35,0.208,0,0
40,10,46,0.565,1,1
47,9,37,0.372,1,1
32,13,40,0.447,1,1
44,8,32,0.171,0,0
34,12,41,0.495,1,1
47,11,36,0.435,1,0
35,14,61,0.597,1,0
54,14,27,0.404,1,0
60,15,27,0.224,0,1
17,13,37,0.337,1,0
39,8,22,0.268,0,0
48,10,44,0.362,1,0
61,3,41,0.477,0,0
48,12,33,0.443,1,0
30,10,59,0.225,0,1
34,13,27,0.331,0,0
24,10,31,0.276,0,0
62,14,55,0.699,1,1
33,10,47,0.486,0,0
47,10,27,0.15,0,1
38,15,32,0.185,1,1
44,6,52,0.204,1,0
29,11,53,0.286,1,1
44,7,28,0.772,1,1
45,14,40,0.685,1,1
44,13,57,0.335,1,1
55,7,34,0.448,0,0
60,8,42,0.412,0,0
55,9,49,0.485,1,0
33,13,58,0.251,0,0
44,12,41,0.64,1,1
28,16,40,0.682,1,1
49,9,25,0.354,1,0
38,11,42,0.451,0,0
51,10,41,0.745,1,0
52,11,25,0.216,0,0
29,10,20,0.625,0,0
51,12,47,0.278,0,0
29,14,28,0.541,1,0
45,11,39,0.394,1,0
54,9,44,0.641,1,1
56,10,47,0.104,0,1
65,13,34,0.569,1,0
44,12,51,0.545,1,0
37,12,22,0.523,1,0
47,9,70,0.373,1,1
30,12,48,0.432,1,0
35,8,11,0.769,0,0
63,13,38,0.449,1,1
30,12,45,0.46,1,0
43,13,50,0.636,1,1
37,10,55,0.661,1,0
32,16,45,0.336,1,1
43,11,28,0.497,1,0
38,10,52,0.803,1,0
18,11,31,0.455,1,0
47,7,34,0.467,0,1
36,9,35,0.651,1,0
62,12,49,0.804,1,1
48,9,50,0.368,1,1
17,9,27,0.598,0,0
43,15,31,0.534,1,1
38,13,39,0.503,0,1
43,12,44,0.786,1,0
46,7,11,0.681,0,0
51,11,30,0.733,1,1
48,9,31,0.522,1,0
58,7,38,0.342,0,0
42,13,53,0.416,1,1
31,11,44,0.77,1,1
36,10,22,0.259,1,1
36,12,33,0.33,1,1
50,13,43,0.241,1,0
41,12,29,0.421,0,0
63,16,25,0.291,0,0
49,14,13,0.614,1,0
37,11,34,0.71,0,1
32,16,47,0.533,1,1
33,9,27,0.372,0,1
54,13,33,0.612,1,1
47,11,40,0.95,1,1
51,12,35,0.58,1,1
53,9,49,0.69,1,0
36,11,24,0.349,0,1
45,10,52,0.276,1,0
28,15,26,0.357,1,0
41,4,28,0.485,0,0
34,8,34,0.565,1,1
21,14,45,0.73,1,1
43,12,43,0.592,1,1
49,15,49,0.283,1,0
48,13,45,0.423,1,0
53,8,56,0.69,1,0
28,10,62,0.358,1,0
52,8,43,0.694,1,1
34,11,51,0.455,1,1
58,11,64,0.662,1,1
50,11,35,0.559,1,0
25,13,49,0.542,1,0
30,9,38,0.444,1,0
25,11,53,0.568,1,1
53,10,27,0.268,0,0
23,10,42,0.404,1,1
65,8,48,0.429,0,0
47,10,24,0.62,0,1
33,11,40,0.0,0,0
72,10,46,0.734,1,1
34,14,49,0.973,1,1
44,11,34,0.66,1,0
22,11,46,0.299,1,0
35,12,51,0.429,1,1
77,11,51,0.28,1,1
34,13,35,0.506,1,1
17,16,64,0.504,1,1
32,15,32,0.325,1,0
55,10,33,0.286,0,0
40,8,47,0.565,1,0
55,13,60,0.512,0,1
55,5,42,0.649,0,0
32,16,43,0.955,1,1
46,4,54,0.569,0,0
37,10,29,0.432,1,1
62,7,49,0.511,1,0
46,11,28,0.538,0,0
25,16,27,0.371,1,1
63,11,26,0.397,0,0
45,13,35,0.398,0,1
34,15,36,0.505,1,0
29,11,52,0.348,1,1
39,11,55,0.455,1,1
45,12,47,0.462,1,1
53,12,41,0.751,1,1
42,12,42,0.696,0,1
21,13,40,0.351,1,1
46,15,55,0.686,1,1
50,14,60,0.577,1,1
37,12,48,0.452,1,1
60,10,16,0.402,0,1
31,12,30,0.763,0,0
37,10,59,0.535,1,0
31,11,41,0.843,1,1
31,13,42,0.189,0,1
56,12,26,0.587,1,1
48,14,31,0.757,1,1
69,16,56,0.48,1,1
38,12,55,0.79,1,1
26,12,28,0.485,0,0
23,10,31,0.56,1,0
31,14,45,0.843,1,1
25,15,35,0.652,1,0
31,8,46,0.499,1,1
33,16,36,0.378,1,0
45,8,49,0.301,1,0
44,9,36,0.627,1,0
36,7,31,0.301,0,1
59,10,51,0.326,0,0
53,9,40,0.579,0,1
24,8,48,0.309,1,0
41,12,42,0.928,1,1
49,10,41,0.243,1,0
47,14,40,0.765,1,1
31,9,47,0.601,1,0
30,13,47,0.646,1,0
39,13,33,0.528,0,1
41,7,77,0.366,1,1
59,13,44,0.324,1,1
50,7,43,0.251,0,0
52,11,33,0.773,1,0
40,16,25,0.737,0,1
43,12,47,0.804,1,1
49,5,31,0.42,1,0
38,11,31,0.557,1,0
49,10,33,0.031,0,1
51,12,37,0.853,1,1
53,13,30,0.344,0,0
35,9,45,0.217,0,0
42,10,38,0.766,1,0
17,14,49,0.465,1,1
40,9,28,0.868,1,1
41,12,45,0.522,0,1
35,8,48,0.766,1,0
26,10,36,0.476,0,0
38,15,60,0.663,1,1
19,8,34,0.59,1,0
35,12,36,0.448,0,1
51,11,39,0.678,1,1
17,6,39,0.232,0,0
35,8,22,0.345,0,0
50,10,58,0.569,1,0
48,10,61,0.46,1,0
24,13,36,0.348,1,0
38,10,31,0.386,0,0
23,14,50,0.716,0,1
44,10,48,0.529,1,1
37,10,50,0.569,1,0
33,8,43,0.832,1,0
57,11,34,0.566,0,1
37,15,34,0.818,1,0
24,7,28,0.0,0,0
47,13,15,0.686,1,1
46,11,33,0.272,0,1
44,10,49,0.934,1,1
38,6,37,0.583,1,1
43,11,37,0.712,1,1
18,11,50,0.574,0,0
27,11,34,0.653,1,1
22,9,41,0.571,1,0
29,7,32,0.265,0,0
45,8,29,0.696,1,1
38,13,34,0.763,0,1
33,12,64,0.616,1,0
53,6,26,0.573,0,0
38,12,33,0.308,0,1
24,11,33,0.816,1,0
36,9,45,0.563,0,1
42,11,37,0.737,0,1
41,11,29,0.727,1,0
41,11,34,0.697,1,1
44,12,26,0.687,0,1
41,14,47,0.249,1,0
34,6,48,0.238,0,0
37,11,43,0.298,1,1
29,13,32,0.457,1,1
58,12,19,0.483,0,0
40,8,44,0.174,0,0
36,10,20,0.634,1,0
54,6,22,0.4,0,0
17,8,38,0.51,1,0
56,10,16,0.392,0,0
35,11,35,0.273,0,1
29,13,50,1.0,1,1
19,15,45,0.763,1,0
17,9,44,0.73,1,1
17,10,28,0.411,1,0
66,11,27,0.413,1,0
30,9,43,0.464,0,0
23,11,39,0.253,1,0
23,10,60,0.769,1,1
25,9,31,0.414,0,1
17,10,54,0.573,1,0
32,10,39,0.378,1,1
48,11,33,0.398,0,0
54,12,43,0.688,1,1
50,15,36,0.241,1,1
25,13,27,0.64,1,0
56,13,56,0.341,1,1
25,10,59,0.247,1,0
30,12,35,0.747,1,0
50,12,50,0.527,1,1
43,8,43,0.466,0,0
59,16,42,0.449,1,1
45,10,49,0.764,1,0
60,16,18,0.696,1,0
45,6,36,0.196,0,0
46,12,48,0.674,1,1
39,7,26,0.286,0,0
54,12,28,0.261,0,1
44,16,39,0.514,1,1
19,8,51,0.702,1,0
51,15,53,0.468,0,1
58,15,41,0.785,1,1
25,11,35,0.504,1,1
39,8,18,0.336,0,0
49,9,45,0.38,1,1
53,9,50,0.226,0,0
24,15,22,0.473,1,0
33,9,52,0.634,1,1
35,10,33,0.74,1,0
47,14,59,0.829,1,0
56,15,42,0.658,1,1
41,9,39,0.192,1,0
59,5,41,0.543,0,0
24,12,31,0.348,0,0
17,7,48,0.502,1,0
17,12,43,0.586,1,0
44,8,52,0.553,1,1
29,13,54,0.554,1,0
40,14,27,0.658,1,1
42,14,26,0.471,1,1
37,11,48,0.574,1,0
23,13,37,0.619,1,1
56,12,50,0.271,1,1
47,13,38,0.665,1,0
37,7,55,0.081,1,0
57,11,46,0.415,1,1
41,8,55,0.527,1,1
17,10,50,0.334,0,0
42,8,20,0.224,0,0
39,13,42,0.311,0,0
36,14,63,0.809,1,1
42,12,36,0.393,1,1
17,12,41,0.299,0,1
49,8,11,0.756,0,0
32,10,14,0.349,0,0
28,14,49,0.371,1,0
34,13,59,0.626,1,1
17,9,36,0.41,1,0
39,13,24,0.462,0,0
36,14,53,0.393,1,1
27,5,56,0.588,0,0
26,13,58,0.643,1,1
34,9,44,0.527,1,1
43,9,48,0.325,0,1
35,10,34,0.776,1,0
25,9,45,0.781,1,0
29,12,51,0.279,0,0
17,9,38,0.712,1,0
32,10,50,0.155,0,0
25,12,40,0.063,0,0
27,10,42,0.901,1,0
41,10,41,0.921,1,1
17,9,28,0.318,0,0
49,8,37,0.478,1,0
54,14,42,0.58,1,1
53,12,19,0.557,0,0
55,8,50,0.618,1,1
51,8,50,0.402,1,1
27,7,48,0.561,1,0
21,14,31,0.333,1,0
28,11,50,0.695,1,0
32,12,48,0.376,1,0
38,13,34,0.3,1,1
31,9,40,0.612,0,0
25,8,38,0.544,0,0
44,12,37,0.801,1,1
57,10,48,0.123,0,0
36,9,31,0.503,0,0
19,9,52,0.619,1,1
67,9,32,0.604,1,1
39,14,34,0.29,1,1
40,15,57,0.538,1,1
49,10,41,0.217,0,0
34,14,42,0.419,0,1
34,14,37,0.442,1,1
28,11,51,0.356,1,1
25,8,54,0.554,1,0
39,6,26,0.333,0,0
55,9,17,0.35,0,1
35,10,53,0.505,1,0
70,13,61,0.6,1,1
28,15,29,0.514,1,0
29,8,16,0.395,0,0
33,11,46,0.789,1,1
55,9,27,0.504,1,0
33,8,42,0.318,0,0
47,16,43,0.814,1,1
39,13,50,0.741,1,1
58,13,38,0.461,1,1
17,10,34,0.276,1,0
58,12,56,0.554,1,1
52,9,26,0.202,1,0
37,12,33,0.352,1,1
23,12,47,0.715,1,1
38,9,52,0.629,1,1
17,10,55,0.525,1,1
32,11,61,0.603,1,1
49,16,52,0.739,1,1
48,12,58,0.496,1,1
25,15,46,0.534,1,0
31,13,23,0.036,0,0
30,11,53,0.668,1,0
64,8,46,0.747,0,1
24,8,48,0.173,0,0
66,8,45,0.477,1,0
44,9,53,0.736,1,0
54,14,40,0.313,0,1
30,13,24,0.338,1,1
44,10,39,0.605,0,0
38,14,43,0.595,1,1
36,8,38,0.433,0,0
35,8,54,0.643,0,0
44,10,45,0.361,0,1
34,12,41,0.667,1,0
43,14,39,0.549,1,0
24,11,47,0.487,1,0
80,9,47,0.556,1,1
29,10,52,0.586,1,1
25,13,38,0.507,1,0
36,14,44,0.841,1,1
37,12,36,0.5,1,0
58,11,35,0.451,1,0
30,9,43,0.651,1,0
46,10,19,0.521,0,0
49,11,29,0.324,1,0
29,9,37,0.17,0,0
17,13,51,0.713,1,1
47,8,49,0.498,1,1
34,15,48,0.561,1,0
37,8,47,0.525,0,0
41,12,48,0.42,0,0
50,12,26,0.585,1,0
33,13,56,0.568,0,0
25,8,29,0.077,0,0
33,8,44,0.518,1,0
41,12,42,0.56,1,0
17,9,39,0.458,1,1
40,16,29,0.754,0,1
37,7,47,0.935,1,1
57,9,38,0.725,1,0
45,10,47,0.541,1,0
35,12,53,1.0,1,1
39,11,27,0.852,1,0
32,12,57,0.698,1,0
52,7,44,0.577,1,0
46,10,37,0.452,1,0
31,12,43,0.422,0,1
51,13,38,0.226,1,0
33,14,18,0.315,0,0
31,12,8,0.663,1,0
55,8,47,0.339,1,0
33,9,41,0.462,0,0
58,11,68,0.629,1,0
21,13,54,0.363,1,0
36,11,46,0.783,1,0
28,8,37,0.249,1,0
32,8,41,0.788,1,0
48,12,53,0.496,1,1
48,9,50,0.644,0,1
37,10,41,0.528,1,0
19,12,37,0.547,1,0
28,11,21,1.0,1,0
42,9,49,0.624,1,1
37,11,36,0.511,1,1
55,13,25,0.576,1,1
57,15,35,0.704,1,1
38,10,44,0.136,0,0
33,10,42,0.03,1,1
57,13,45,0.929,1,1
20,12,29,0.266,0,0
46,5,35,0.543,0,0
45,12,19,0.472,1,0
45,14,56,0.409,1,1
24,10,53,0.668,1,1
47,10,56,0.345,1,1
55,11,43,0.407,1,1
39,8,30,0.414,0,0
27,11,38,0.497,0,0
23,14,24,0.551,0,0
52,10,35,0.597,1,0
45,11,56,0.759,1,1
32,12,50,0.572,1,1
33,9,25,0.504,0,0
25,16,51,0.435,1,0
42,12,35,0.412,1,1
24,9,40,0.686,0,0
22,8,49,0.441,0,0
31,13,43,0.554,0,1
22,16,34,0.533,1,0
76,10,60,0.717,1,1
51,10,41,0.534,1,0
57,10,37,0.566,0,0
55,14,45,0.599,1,1
35,12,43,0.639,1,1
18,8,46,0.524,0,0
49,12,38,0.42,1,1
47,9,38,0.055,0,0
47,9,15,0.333,1,1
51,15,51,0.526,1,0
32,13,33,0.547,1,0
46,13,49,0.201,0,1
25,9,32,0.274,0,0
71,16,37,0.58,1,1
61,13,44,0.626,1,1
54,12,41,0.154,1,1
28,10,55,0.654,1,1
17,10,7,0.326,0,0
56,16,73,0.395,1,1
59,9,43,0.23,1,1
44,12,39,0.342,0,1
25,16,43,0.454,1,0
38,6,54,0.408,0,0
38,9,24,0.432,0,0
45,8,34,0.887,1,0
37,12,28,0.677,1,0
60,8,48,0.313,1,0
29,11,40,0.587,1,0
49,10,55,0.403,1,0
24,8,32,0.434,1,0
32,10,37,0.324,0,0
66,13,40,0.367,1,0
36,11,32,0.881,1,1
45,13,46,0.255,1,1
49,12,54,0.748,1,1
59,10,21,0.647,0,0
27,10,49,0.352,1,1
23,16,39,0.573,0,1
46,11,55,0.728,1,1
35,15,40,0.61,1,1
44,16,45,0.482,1,1
58,13,62,0.48,1,0
44,7,33,0.54,1,0
28,12,54,0.674,1,0
47,14,65,0.553,1,1
49,11,52,0.637,1,1
41,15,49,0.386,1,0
49,8,53,0.431,1,0
38,10,44,0.656,1,1
47,13,65,0.385,1,0
41,7,37,0.256,1,0
24,12,34,0.633,1,1
29,13,40,0.67,1,1
55,13,24,0.108,0,0
42,16,62,0.477,1,1
20,11,64,0.559,1,1
40,9,45,0.291,0,0
70,7,45,0.414,0,1
27,11,34,0.31,0,0
54,11,40,0.22,1,0
60,11,52,0.745,1,1
30,8,26,0.617,1,0
45,9,24,0.103,0,0
57,12,13,0.525,1,1
47,9,50,0.288,0,0
52,7,47,0.252,1,0
36,13,50,0.254,1,1
30,8,49,0.845,1,0
40,13,45,0.82,1,1
46,10,35,0.358,0,1
39,9,36,0.452,0,1
36,5,31,0.288,0,0
21,16,53,0.569,1,1
45,12,53,0.363,0,1
49,10,53,0.573,1,1
17,10,31,0.952,0,0
62,8,37,0.349,0,1
32,9,29,0.54,0,1
34,4,44,0.329,0,0
35,10,37,0.382,1,1
49,9,38,0.713,1,1
48,13,59,0.577,1,1
42,13,41,0.743,1,1
36,11,48,0.629,0,1
63,13,2,0.801,0,1
24,10,30,0.458,0,0
27,9,33,0.478,1,0
26,7,37,0.193,1,0
39,8,31,0.647,1,1
34,15,34,0.089,0,1
51,13,44,0.386,1,1
35,15,41,0.533,1,1
36,11,34,0.77,1,1
41,14,52,0.394,1,1
39,11,29,0.466,0,1
45,12,57,0.533,1,1
31,15,32,0.347,1,1
69,10,26,0.554,0,1
54,10,27,0.229,0,1
34,15,36,0.287,1,1
34,13,26,0.736,1,1
28,14,47,0.388,1,1
35,8,38,0.287,0,0
58,11,30,0.27,0,0
31,8,26,0.417,0,0
36,12,34,0.475,1,0
37,11,46,0.724,1,0
68,11,50,0.401,1,1
66,12,53,0.542,1,1
40,10,36,0.248,0,1
53,7,36,0.645,0,0
17,11,33,0.614,1,0
31,11,53,0.553,0,1
40,10,42,0.435,1,0
31,10,39,0.448,0,0
17,7,28,0.636,1,0
39,9,32,0.226,0,0
46,16,29,0.857,1,1
40,15,22,0.584,1,1
45,13,62,0.558,1,0
56,13,41,0.599,1,1
17,14,46,0.566,1,0
60,13,57,0.396,1,1
39,10,36,0.33,1,0
44,14,45,0.65,1,1
29,9,27,0.798,1,0
45,10,43,0.885,1,1
38,12,42,0.782,1,1
36,11,36,0.382,1,0
24,12,52,0.626,1,1
63,8,40,0.848,1,0
33,11,50,0.381,0,0
18,9,45,0.59,0,1
38,11,37,0.016,0,0
45,13,39,0.571,1,1
51,12,34,1.0,1,1
42,10,47,0.615,1,0
47,11,46,0.632,1,1
40,12,24,0.319,0,0
35,11,47,0.398,1,0
27,13,42,0.018,0,0
45,9,28,0.216,0,0
49,12,21,0.328,1,0
25,11,34,0.255,1,0
56,13,46,0.545,1,0
41,11,44,0.608,1,1
24,8,29,0.461,0,0
55,9,47,0.455,1,1
68,12,31,0.293,1,1
36,9,27,0.578,0,0
63,13,36,0.424,1,1
28,15,39,0.724,1,1
33,11,40,0.349,0,0
53,15,50,0.489,1,1
45,11,34,0.491,0,1
17,12,31,0.541,0,0
39,12,40,0.405,1,0
37,9,53,0.625,1,0
36,14,29,0.705,1,1
35,13,43,0.588,1,1
64,8,45,0.555,1,0
27,8,66,0.793,1,1
33,13,45,0.508,1,1
56,16,36,0.505,1,0
27,7,49,0.371,1,0
28,12,47,0.32,1,1
46,6,51,0.452,0,0
32,10,34,0.75,0,0
39,10,24,0.405,1,1
28,11,44,0.675,1,0
17,11,43,0.458,1,0
24,13,35,0.571,0,0
39,10,24,0.664,0,0
62,10,46,0.396,1,1
43,11,70,0.557,1,1
20,9,46,0.414,1,0
31,13,23,0.657,0,0
34,11,28,0.357,1,0
46,11,44,0.688,1,1
37,11,42,0.199,0,0
22,12,16,0.478,0,0
58,12,36,0.766,1,1
42,15,49,0.385,1,1
55,11,44,0.346,1,1
66,13,55,0.579,0,1
39,11,28,0.226,0,0
35,11,52,0.683,1,1
33,15,28,0.77,0,0
31,14,49,0.679,1,1
43,12,40,0.66,1,1
25,12,45,0.432,1,1
25,15,64,0.801,1,1
20,7,53,0.753,1,0
45,13,51,0.349,0,1
38,13,32,0.815,1,1
53,11,33,0.465,1,1
44,10,25,0.829,1,0
32,12,47,0.123,1,0
17,16,40,0.367,1,1
48,8,42,0.412,0,1
36,14,36,0.354,0,1
28,14,40,0.491,1,0
44,13,74,0.524,1,1
25,9,38,0.93,1,1
47,10,39,0.254,0,1
36,4,48,0.151,0,0
41,14,39,0.561,0,1
39,12,39,0.73,1,1
47,9,48,0.675,1,1
61,11,44,0.473,1,1
49,7,36,0.724,1,0
38,11,21,0.26,0,0
48,10,59,0.393,1,1
62,10,29,0.675,1,1
48,13,55,0.578,1,0
51,12,32,0.487,1,1
25,12,38,0.093,1,1
42,10,45,0.491,1,1
26,12,43,0.49,0,1
52,7,52,0.534,0,1
23,12,50,0.413,1,1
32,11,44,0.655,1,0
58,12,38,0.342,1,0
25,8,32,0.0,0,0
19,10,39,0.42,0,0
40,13,40,0.564,1,1
27,12,41,0.52,0,1
38,12,37,0.264,1,0
39,9,48,0.723,1,0
17,11,49,0.865,1,0
33,15,42,0.68,1,1
45,13,46,0.518,0,1
60,11,43,0.435,0,1
47,9,48,0.487,1,0
34,13,39,0.645,1,0
22,11,31,0.411,0,0
37,12,44,0.219,0,0
60,10,51,0.369,0,1
22,9,48,0.755,0,1
38,11,41,0.427,1,0
43,8,34,0.202,1,0
44,12,50,0.564,1,1
29,16,32,0.603,1,1
23,10,35,0.737,1,0
42,12,50,0.551,1,1
42,10,51,0.426,0,0
34,15,48,0.374,1,0
47,15,58,0.654,1,1
30,15,44,0.371,1,1
37,13,45,0.271,0,0
39,7,34,0.747,1,0
45,9,30,0.309,0,0
19,9,32,0.279,0,1
24,10,46,0.632,1,0
58,12,40,0.419,1,1
46,16,40,0.871,1,1
29,13,41,0.799,1,0
32,7,42,0.297,1,1
65,11,38,0.641,1,1
30,8,25,0.733,1,1
20,10,67,0.647,1,0
18,16,39,0.379,1,0
64,8,43,0.395,0,1
17,14,49,0.517,1,1
37,11,25,0.265,0,1
45,12,25,0.314,1,1
39,13,40,0.687,1,1
17,11,22,0.0,0,0
54,9,70,0.392,0,0
28,14,43,0.5,1,1
49,15,32,0.535,1,0
36,14,36,0.55,1,0
36,9,59,0.243,0,0
34,9,45,0.175,1,0
70,9,35,0.507,0,0
51,12,41,0.81,1,1
53,11,41,0.232,1,1
38,11,41,0.554,1,0
33,9,59,0.379,0,0
34,9,48,0.363,0,0
31,11,40,0.648,1,1
56,7,26,0.435,1,1
21,11,25,0.515,1,0
44,16,54,0.511,1,1
52,10,42,0.194,1,0
23,11,40,0.431,1,0
24,11,44,0.27,0,0
24,10,45,0.555,1,0
41,13,35,0.277,0,0
32,13,36,0.527,1,0
41,13,46,0.164,1,1
39,7,36,0.436,1,0
57,12,50,0.394,0,0
41,10,45,0.634,1,1
47,9,32,0.613,0,0
18,12,37,0.953,1,0
23,10,50,0.522,0,1
42,8,31,0.403,0,0
26,13,50,0.849,1,0
30,13,53,0.574,1,1
36,10,45,0.065,0,0
29,8,26,0.274,0,0
53,8,36,0.561,1,0
54,14,42,0.498,0,0
39,13,35,0.587,1,0
61,13,31,0.514,1,0
20,15,36,0.299,1,0
74,12,30,0.333,1,1
33,16,24,0.616,1,0
45,9,55,0.768,0,1
35,14,63,0.623,1,1
17,9,28,0.551,0,0
51,15,45,0.4,1,1
45,12,19,0.396,1,1
17,8,42,0.402,1,0
42,14,33,0.769,1,1
36,15,35,0.892,1,1
24,8,41,0.939,1,0
60,12,44,0.644,1,1
25,13,20,0.0,0,1
28,11,21,0.494,0,0
52,10,51,0.586,1,1
38,11,44,0.648,1,0
31,10,25,0.569,0,0
34,10,36,0.73,1,0
32,12,51,0.491,1,0
34,13,35,0.883,1,0
30,11,29,0.335,0,0
41,10,19,0.535,0,0
37,13,33,0.715,1,0
44,11,53,0.387,0,0
36,11,42,0.494,1,1
38,12,49,0.616,1,0
45,13,47,0.729,1,0
27,11,44,0.209,1,1
24,10,58,0.597,1,0
41,13,66,0.613,1,1
31,6,21,0.368,0,0
27,12,23,0.407,1,1
28,12,37,0.416,1,0
33,13,45,0.541,1,0
53,12,62,0.242,1,1
29,11,38,0.501,1,0
27,11,51,0.425,1,0
52,11,45,0.621,1,1
48,12,49,0.207,1,0
39,12,51,0.639,1,0
48,11,56,0.722,1,0
46,12,28,0.504,0,1
25,14,35,0.423,1,0
36,16,35,0.419,1,1
33,16,45,0.483,1,0
21,12,42,0.528,1,1
58,13,56,0.345,1,1
46,10,47,0.941,1,1
56,15,22,0.132,0,0
25,9,74,0.299,1,0
41,13,31,0.563,1,0
41,10,42,0.381,0,1
51,15,66,0.428,1,1
50,9,36,0.611,1,0
37,13,26,0.626,0,0
45,12,29,0.155,0,0
42,9,33,0.552,1,0
41,16,42,0.193,1,1
45,13,55,0.638,1,1
41,9,38,0.752,1,0
38,16,41,0.493,1,1
42,10,18,0.533,0,0
56,12,44,0.538,1,1
46,11,77,0.408,1,0
50,12,38,0.695,1,1
41,16,44,0.609,1,1
65,12,36,0.551,1,1
17,10,37,0.551,0,0
49,11,55,0.68,1,0
38,11,60,0.453,1,1
34,15,28,0.584,1,1
31,14,46,0.0,0,1
18,10,44,0.392,1,1
36,12,37,0.919,1,1
43,12,32,0.606,1,0
40,11,26,0.161,1,0
20,10,38,0.377,1,0
28,11,32,0.601,1,0
47,12,28,0.654,1,1
40,9,29,0.582,1,1
29,14,54,0.438,1,1
43,11,44,0.574,1,1
61,14,52,0.746,1,1
26,16,48,0.874,1,1
17,6,49,0.596,1,0
25,13,44,0.486,1,1
27,14,53,0.428,1,0
18,14,45,0.662,1,0
31,12,44,0.596,1,0
64,5,57,0.662,0,0
58,12,21,0.479,0,1
42,11,21,0.0,0,0
43,11,22,0.657,1,0
63,13,48,0.66,1,1
24,8,48,0.567,1,0
32,9,51,0.545,0,0
40,6,42,0.198,0,0
41,12,51,0.614,1,0
61,10,36,0.368,0,0
24,10,55,0.512,1,1
46,8,39,0.325,1,1
47,16,48,0.62,1,1
44,12,40,0.578,1,1
20,12,38,0.942,1,1
34,15,44,0.554,1,0
20,10,55,0.595,1,0
49,12,23,0.756,1,1
31,13,40,0.494,0,1
26,15,30,0.616,1,1
46,16,47,0.549,0,1
17,14,52,0.51,1,1
40,9,46,0.806,1,1
55,12,54,0.14,1,1
54,11,52,0.018,0,0
54,4,42,0.227,0,0
25,10,26,0.599,0,0
65,9,50,0.781,1,1
55,16,44,0.603,1,1
35,15,30,0.519,1,0
33,10,32,0.554,1,1
39,9,35,0.422,1,0
42,11,20,0.308,1,1
26,12,56,0.57,1,1
43,9,17,0.781,0,0
51,14,34,0.483,1,1
21,14,37,0.61,1,0
52,10,33,0.179,0,0
31,10,47,0.294,0,0
54,9,23,0.369,0,0
37,9,43,0.718,1,0
17,14,24,0.59,1,0
31,7,37,0.65,1,1
52,16,16,0.201,0,1
46,11,45,0.342,0,0
25,12,44,0.792,1,0
29,10,41,0.29,1,0
46,6,37,0.461,1,0
31,15,37,0.454,1,0
21,16,47,0.788,1,0
28,10,35,0.381,1,0
38,12,49,0.345,0,0
52,9,44,0.18,0,1
34,10,36,0.46,0,0
41,9,45,0.301,0,0
37,11,16,0.65,1,1
56,11,43,0.314,0,0
57,12,54,0.487,1,1
56,11,34,0.367,0,0
39,13,74,0.549,1,1
58,10,28,0.345,0,0
36,11,52,0.409,0,0
45,7,39,0.29,0,0
52,12,39,0.637,1,1
73,10,46,0.423,1,0
22,12,42,0.416,0,1
25,11,48,0.44,0,0
70,11,23,0.615,0,1
45,10,32,0.382,0,0
52,11,49,0.906,1,0
58,10,44,0.215,0,0
26,11,50,0.589,1,1
37,9,38,0.395,1,1
68,11,54,0.512,0,1
44,8,30,0.393,0,0
41,8,39,0.75,1,0
56,10,32,0.229,1,0
42,12,54,0.449,1,1
37,7,28,0.313,0,0
45,11,58,0.495,1,1
35,11,60,0.573,1,0
59,7,40,0.56,0,0
17,15,31,0.744,1,1
33,9,38,0.372,0,0
30,12,52,0.586,1,1
21,11,31,0.321,0,1
48,11,36,0.7,1,1
31,10,30,0.366,0,0
37,12,28,0.422,0,0
25,13,44,0.639,1,1
48,14,55,0.284,1,1
22,13,47,0.46,1,1
42,9,38,0.359,1,1
37,7,39,0.611,0,1
49,9,28,0.757,0,0
51,12,52,0.57,1,0
35,13,14,0.4,0,0
47,6,38,0.318,0,0
20,10,42,0.506,0,0
76,13,48,0.173,1,0
32,12,41,0.724,1,1
42,12,45,0.683,1,1
50,16,47,0.633,1,1
33,13,62,0.555,1,1
42,7,38,0.428,0,0
41,14,49,0.747,1,1
33,11,35,0.474,0,0
33,11,43,0.559,1,1
28,12,47,0.519,1,0
28,10,36,0.456,0,0
57,9,35,0.476,0,1
40,14,35,0.515,0,1
32,13,24,0.363,0,0
58,10,29,0.571,0,0
57,10,48,0.625,1,1
36,12,50,0.508,1,0
27,8,40,0.486,0,0
36,13,27,0.514,0,1
28,11,35,0.524,0,1
43,11,39,0.621,1,1
46,15,55,0.513,1,1
41,10,59,0.278,0,1
39,12,11,0.234,0,0
62,9,29,0.271,0,0
74,13,27,0.092,0,0
27,10,13,0.382,0,0
17,13,47,0.479,1,0
26,7,62,0.52,1,1
34,11,55,0.747,1,1
61,12,47,0.611,1,0
41,12,58,0.56,0,1
33,6,52,0.515,1,0
55,13,54,0.679,0,1
17,11,34,0.293,0,0
40,16,64,0.784,1,1
41,14,26,0.459,1,0
26,13,59,0.507,1,0
35,12,41,0.489,1,1
17,7,16,0.606,0,0
52,11,37,0.756,1,1
40,13,30,1.0,1,0
50,11,56,0.517,0,0
22,15,37,0.444,0,0
26,10,38,0.223,0,0
54,7,41,0.366,1,0
38,12,35,0.868,1,1
67,10,14,0.856,1,0
50,14,48,0.755,1,1
27,12,29,0.343,1,0
38,4,48,0.398,1,0
19,15,52,0.721,1,1
50,7,50,0.534,1,1
61,13,41,0.404,1,1
35,6,33,0.289,0,0
51,10,54,0.38,1,0
38,16,34,0.281,1,1
40,11,60,0.455,1,0
42,16,39,0.424,1,1
17,8,63,0.688,1,1
45,10,47,0.46,1,1
25,10,41,0.209,0,0
43,12,34,0.717,1,0
72,9,47,0.797,1,0
22,11,43,0.331,1,1
26,8,29,0.256,0,0
34,12,39,0.901,1,1
41,8,16,0.621,0,0
30,11,26,0.639,1,1
17,10,26,0.401,1,0
36,11,43,0.588,1,1
40,9,42,0.332,0,0
39,11,26,0.754,1,1
66,13,28,0.604,0,1
30,11,50,0.632,1,1
20,12,36,0.358,1,1
56,12,42,0.571,1,1
45,11,61,0.196,1,1
46,16,37,0.433,1,1
48,10,43,0.184,0,0
30,8,29,0.143,0,0
59,7,34,0.326,0,1
50,12,31,0.421,1,0
17,11,36,0.454,0,0
41,7,37,0.542,1,0
43,9,32,0.076,0,1
43,11,35,0.779,1,1
17,8,56,0.394,1,0
43,15,45,0.612,1,1
55,15,31,0.491,1,1
32,11,36,0.258,0,0
51,12,43,0.826,1,1
49,10,42,0.532,1,0
59,11,42,0.838,1,1
40,8,63,0.479,0,1
44,13,44,0.338,0,0
42,11,45,0.491,1,0
50,12,59,0.327,1,0
21,11,39,0.602,1,0
34,10,37,0.455,1,0
35,10,36,0.243,1,0
52,9,43,0.429,1,1
39,10,16,0.505,1,0
42,11,46,0.602,1,1
41,10,33,0.792,1,1
17,15,58,0.667,1,0
45,11,36,0.283,1,0
55,13,48,0.811,1,1
55,9,48,0.888,1,0
49,10,36,0.546,0,0
44,12,52,0.27,1,1
24,6,40,0.564,0,1
58,10,39,0.0,0,0
47,9,42,0.527,1,0
39,7,67,0.731,1,0
35,5,45,0.271,0,0
54,15,29,0.795,0,1
24,14,21,0.562,1,1
57,13,36,0.711,1,1
42,10,52,0.702,1,0
44,11,40,0.696,1,0
37,10,41,0.426,0,0
20,13,57,0.873,1,1
53,8,52,0.791,1,0
24,14,43,1.0,1,1
58,8,23,0.48,0,0
52,11,30,0.672,0,0
43,9,25,0.076,0,0
17,14,63,0.676,1,1
17,7,33,0.337,0,0
46,13,50,0.656,1,1
40,13,61,0.518,1,1
39,10,50,0.556,0,1
31,10,22,0.915,1,1
36,13,35,0.465,0,1
78,13,34,0.658,0,1
52,13,47,0.456,0,0
29,4,67,0.598,1,1
21,13,38,0.345,1,0
31,13,32,0.524,1,0
35,11,46,0.72,1,0
62,14,58,0.599,1,1
42,12,45,0.372,1,1
62,11,41,0.858,0,1
40,6,41,0.185,0,0
40,9,54,0.673,1,0
43,8,45,0.981,1,1
31,12,27,0.456,1,1
38,11,34,0.141,0,1
43,12,41,0.528,0,0
29,8,46,0.328,1,0
41,11,28,0.442,0,0
46,10,39,0.304,1,0
38,11,29,0.341,0,1
34,13,57,0.545,1,1
45,10,52,0.724,1,0
39,12,40,0.663,1,1
26,10,15,0.559,1,0
51,10,48,0.487,1,0
42,10,42,0.533,1,0
44,11,54,0.406,1,0
57,10,56,0.746,1,1
34,5,31,0.342,0,0
24,9,34,0.553,1,0
35,15,42,0.372,1,0
17,8,62,0.676,1,0
48,9,38,0.283,1,0
35,12,43,0.78,1,0
17,10,37,0.452,1,0
26,7,54,0.823,1,0
22,7,35,0.302,0,0
49,11,57,0.671,1,1
45,14,35,0.726,1,1
38,14,34,0.377,0,0
62,8,67,0.491,1,1
17,12,25,0.49,1,0
25,16,57,0.702,1,1
51,16,32,0.157,0,1
40,10,35,0.287,0,1
30,9,43,0.444,1,1
42,13,38,0.609,1,1
17,10,40,0.82,1,1
43,6,52,0.149,0,0
57,11,34,0.607,1,1
34,15,64,0.549,1,1
53,11,61,0.916,1,0
40,12,31,0.788,1,0
62,8,26,0.723,0,0
24,15,47,1.0,1,1
41,12,49,0.335,1,1
47,14,33,0.205,0,0
26,11,47,0.538,1,0
28,7,29,0.608,1,0
17,11,36,0.39,0,0
57,13,45,0.419,0,0
33,13,40,0.416,1,1
24,10,24,0.384,0,0
54,9,55,0.317,0,1
45,6,50,0.563,0,0
45,10,35,0.196,1,1
40,6,29,0.753,0,0
27,11,50,0.663,1,0
37,14,61,0.505,1,1
38,9,48,0.615,0,0
27,12,17,0.734,1,0
26,9,65,0.764,1,1
44,11,34,0.605,0,0
79,10,48,0.609,1,1
27,15,55,0.608,1,0
27,12,53,0.51,1,1
25,13,55,0.266,1,1
64,8,47,0.647,1,1
18,10,31,0.44,1,0
46,11,33,0.992,1,1
60,12,36,0.258,0,1
41,10,35,0.126,0,1
30,14,52,0.663,1,0
40,10,43,0.284,0,0
47,13,40,0.334,1,0
42,10,30,0.525,1,0
29,12,40,0.57,1,1
50,16,51,0.677,1,1
31,13,27,0.672,1,1
24,15,33,0.508,1,1
45,8,42,0.303,1,0
51,7,46,0.397,0,0
42,13,23,0.819,1,1
41,10,31,0.428,0,0
55,11,5,0.774,1,0
45,14,56,0.759,1,0
40,6,47,0.265,0,0
48,6,14,0.428,0,0
43,8,30,0.656,1,0
38,14,51,0.312,1,0
27,7,36,0.673,1,0
50,10,63,0.353,1,0
25,8,52,0.543,0,0
26,6,55,0.498,0,1
33,10,40,0.821,1,0
49,9,20,0.415,0,0
62,13,39,0.451,1,1
33,16,33,0.529,0,1
17,12,43,0.423,1,0
41,13,41,0.487,1,1
43,12,28,0.428,0,1
51,9,23,0.609,1,0
65,11,45,0.789,1,1
50,7,48,0.508,1,1
31,14,35,0.214,0,0
45,10,43,0.069,0,0
61,12,52,0.561,1,1
43,15,29,0.609,1,0
36,12,34,0.512,0,1
17,15,29,0.246,1,0
52,14,40,0.63,1,1
37,9,52,0.175,0,0
45,11,55,0.871,1,1
48,14,29,0.38,0,1
36,10,41,0.247,0,0
18,13,26,0.157,0,0
31,16,42,0.678,1,0
90,9,42,0.46,1,1
27,11,49,0.455,1,1
49,11,47,0.772,0,1
37,8,44,0.738,1,1
32,7,45,0.576,1,0
57,16,38,0.638,0,1
28,12,39,0.173,1,0
31,12,40,0.37,1,0
41,7,40,0.344,0,0
50,12,49,0.045,0,0
47,13,39,0.228,0,0
56,10,44,0.628,1,1
53,6,12,0.394,0,0
34,10,36,0.655,1,0
38,12,34,0.602,1,0
34,12,54,0.282,1,0
42,11,36,0.483,1,1
57,15,33,0.312,1,1
17,15,42,0.614,0,0
44,8,28,0.359,0,0
28,11,41,0.441,1,0
47,13,46,0.623,0,1
44,16,27,0.762,1,1
65,11,31,0.413,0,0
33,11,26,0.436,1,0
47,8,38,0.552,0,1
51,6,55,0.307,1,0
38,15,18,0.727,1,0
46,13,57,0.519,1,1
24,11,45,0.526,1,0
46,9,31,0.0,0,1
22,15,37,0.611,1,1
34,10,43,0.536,1,0
35,9,60,0.43,1,0
40,9,37,0.358,0,0
46,13,50,0.627,1,1
33,12,41,0.679,0,0
48,7,58,0.886,1,0
37,12,60,0.516,1,1
66,12,37,0.707,1,0
40,10,47,0.526,1,0
32,16,38,0.521,1,0
65,9,31,0.633,0,0
52,11,36,0.547,0,0
43,8,57,0.476,1,1
55,16,34,0.5,1,1
23,9,39,0.584,1,0
39,12,22,0.534,0,0
42,15,51,0.312,0,1
37,6,82,0.937,1,1
43,15,35,0.716,1,1
32,6,37,0.824,1,1
52,9,51,0.559,1,0
43,13,35,0.542,1,1
27,9,41,0.703,1,0
17,8,31,0.185,0,0
51,12,51,0.374,1,1
42,14,37,0.521,1,1
30,9,31,0.363,0,1
35,13,27,0.719,1,1
24,5,59,0.566,1,1
39,8,19,0.56,0,0
23,9,38,0.461,1,0
38,9,55,0.592,1,1
23,12,32,0.774,1,1
51,12,48,0.577,1,1
38,12,40,0.549,1,0
17,6,39,0.687,0,0
32,8,45,0.368,0,0
52,12,59,0.708,1,0
18,9,15,0.309,0,0
51,12,32,0.48,0,1
48,10,40,0.644,1,0
59,12,51,0.526,1,0
43,11,46,0.542,1,1
41,12,48,0.185,0,0
37,13,51,0.503,1,0
26,12,34,0.429,1,0
17,11,47,0.166,0,0
45,10,33,0.352,1,1
56,15,38,0.59,1,1
33,7,20,0.515,0,0
46,16,32,0.393,0,0
29,8,44,0.354,0,0
48,6,43,0.388,1,1
27,9,31,0.286,0,0
37,11,46,0.388,1,0
29,14,32,0.364,1,0
40,11,35,0.499,1,0
59,8,37,0.133,1,0
34,9,27,0.854,0,0
49,11,26,0.53,0,0
45,10,37,0.259,0,0
33,12,36,0.217,0,1
47,10,45,0.457,0,1
43,13,40,0.434,1,1
30,8,48,0.518,0,0
35,14,49,0.755,1,0
39,16,51,0.782,1,0
32,13,30,0.269,1,0
17,13,49,0.379,0,0
51,7,33,0.504,0,0
45,11,22,0.658,0,0
19,16,42,0.625,1,0
38,6,43,0.336,0,1
30,9,36,0.307,1,0
47,11,47,0.636,1,1
61,14,29,0.693,1,1
50,13,48,0.32,1,1
58,7,33,0.634,1,0
25,11,54,0.406,0,0
30,16,47,0.926,1,1
39,12,54,0.747,1,1
48,11,44,0.513,1,1
17,10,39,0.273,0,0
27,9,38,0.703,1,0
55,11,47,0.455,1,1
33,10,31,0.78,1,1
59,6,51,0.0,0,0
19,13,48,0.945,1,1
17,8,49,0.633,1,0
21,16,52,0.591,1,1
32,13,34,0.306,1,0
29,12,39,0.724,1,0
35,14,72,1.0,1,1
49,8,39,0.355,0,0
17,10,47,0.535,1,1
30,10,28,0.648,1,1
39,12,35,0.781,1,1
44,12,39,0.773,1,1
48,13,56,0.546,1,0
19,13,14,0.544,1,1
38,14,37,0.45,1,1
17,8,33,0.663,1,0
49,12,23,0.471,1,0
17,7,11,0.208,0,0
42,7,45,0.205,0,0
24,11,41,0.289,0,1
19,15,33,0.776,1,0
37,16,39,0.336,1,1
20,11,49,0.428,1,0
45,9,39,0.797,1,0
44,14,46,0.441,1,0
35,9,45,0.342,0,0
31,10,15,0.505,1,1
53,10,36,0.455,1,1
61,13,51,0.409,1,1
31,15,39,0.562,1,1
52,6,37,0.476,1,0
43,9,33,0.456,0,1
44,7,27,0.2,0,0
17,8,35,0.401,1,0
36,12,38,0.462,1,1
28,12,46,0.844,1,1
34,11,33,0.456,0,0
54,13,41,0.453,0,0
44,14,62,0.776,1,1
17,9,44,0.217,0,1
45,11,34,0.404,1,1
38,9,64,0.729,1,0
33,9,62,0.673,1,1
51,13,47,0.841,1,1
19,6,34,0.263,0,0
31,12,33,0.664,1,1
28,12,38,0.239,1,0
26,11,25,0.281,0,0
62,11,42,0.585,1,0
40,6,30,0.319,0,0
55,10,30,0.371,1,0
43,15,47,0.569,1,1
18,16,40,0.491,1,0
20,9,42,0.102,0,0
53,12,43,0.073,1,0
42,12,36,0.43,0,0
58,12,58,0.804,1,1
45,12,50,0.501,1,1
40,9,34,0.29,0,0
36,7,58,0.583,0,0
63,12,36,0.429,1,1
76,10,34,0.467,1,1
56,14,44,1.0,1,1
64,9,50,0.695,1,0
47,10,33,0.997,1,1
44,10,33,0.215,0,0
37,8,33,0.208,0,0
17,13,56,0.172,1,0
55,10,43,0.788,1,1
51,9,41,0.099,0,0
47,13,47,0.485,1,0
17,15,56,0.293,1,0
24,14,58,0.783,1,1
52,16,53,0.13,0,1
47,12,49,0.484,1,1
29,12,27,0.327,1,0
34,13,50,0.49,1,1
54,16,58,0.918,1,1
34,9,14,0.55,1,1
22,11,29,0.549,0,1
37,9,36,0.65,1,1
29,12,46,0.666,1,1
47,8,53,0.461,1,0
70,16,46,0.69,1,1
42,13,55,0.609,1,0
42,10,29,0.471,0,0
49,8,39,0.613,0,1
45,11,44,0.59,1,0
51,11,36,0.497,1,0
19,11,25,0.211,0,0
33,15,37,0.213,0,1
53,11,50,0.456,0,0
42,16,23,0.361,1,0
29,15,60,0.889,1,1
45,13,61,0.538,1,1
40,13,36,0.389,0,1
17,11,47,0.457,1,1
47,11,44,0.854,1,1
38,16,31,0.167,1,0
49,8,40,0.132,0,0
17,6,38,0.238,0,0
52,13,39,0.264,1,0
54,13,47,0.499,1,1
24,15,40,0.653,1,0
28,13,53,0.633,1,1
55,11,59,0.42,1,1
49,9,40,0.72,0,1
35,11,37,0.544,1,0
39,10,56,0.4,0,0
38,9,48,0.437,1,1
26,14,55,0.432,1,0
41,11,32,0.493,1,0
21,11,31,0.565,1,1
35,13,41,0.89,1,1
59,14,50,0.568,1,1
34,12,27,0.595,0,0
28,9,72,0.33,1,1
41,11,40,0.464,0,1
45,11,57,0.438,1,1
25,7,56,0.463,1,0
66,12,29,0.405,0,1
50,14,50,0.806,1,1
25,15,34,0.348,1,0
19,11,37,0.436,0,0
17,7,37,0.422,0,0
23,14,54,0.488,1,1
33,10,58,0.565,1,0
43,10,33,0.204,0,0
32,13,39,0.536,1,0
48,10,51,0.278,1,0
35,7,59,0.554,0,1
17,13,64,0.322,1,1
42,12,33,0.427,1,1
48,13,26,0.461,0,1
37,10,71,0.343,1,0
17,10,33,0.611,1,1
35,13,36,0.349,0,0
41,8,41,0.544,0,0
25,15,29,0.731,1,1
73,6,74,0.465,1,1
17,8,36,0.777,1,0
42,13,23,0.714,1,0
50,8,39,0.371,1,0
52,10,50,0.34,0,0
46,10,52,0.321,0,0
23,10,51,0.356,1,1
62,8,40,0.681,1,0
47,14,39,0.615,1,1
50,6,54,0.447,0,1
44,7,34,0.403,0,0
61,13,54,0.795,1,1
29,12,34,0.238,0,0
36,15,14,0.659,1,0
31,16,44,0.502,1,1
41,13,37,0.515,1,1
48,10,55,0.633,1,0
41,9,24,0.475,0,1
35,13,52,0.588,1,1
28,16,39,0.762,1,1
24,10,32,0.836,1,0
20,6,31,0.687,0,0
42,7,39,0.532,0,0
17,11,25,0.067,0,0
40,12,35,0.277,0,0
31,13,42,0.42,1,1
28,13,42,0.352,1,1
58,10,63,0.685,1,1
55,9,45,0.227,0,1
21,15,49,0.914,1,0
31,9,48,0.565,1,0
54,13,17,0.512,1,1
51,11,41,0.657,1,1
30,13,42,0.762,1,0
47,9,16,0.285,0,1
35,13,35,0.224,1,1
56,13,55,0.239,1,0
28,10,36,0.575,1,0
17,13,48,0.778,1,1
30,11,15,0.327,0,0
17,14,29,0.76,1,0
37,13,38,0.498,1,1
51,11,56,0.762,1,0
31,7,46,0.401,0,0
41,15,44,0.415,1,0
31,5,47,0.425,1,0
43,13,19,0.692,1,1
38,9,49,0.714,0,0
45,12,33,0.638,0,1
39,11,30,0.206,0,0
50,11,43,0.587,1,0
19,14,34,0.561,1,0
44,16,45,0.382,1,1
53,5,28,0.15,0,0
42,10,47,0.288,1,0
50,12,36,0.288,0,0
30,14,54,0.423,1,1
33,10,31,0.377,1,0
26,9,31,0.0,0,0
49,9,25,0.332,0,0
18,7,54,0.932,0,1
33,16,33,0.499,1,1
44,12,37,0.365,0,0
48,16,44,0.784,1,0
30,9,61,0.416,0,0
53,7,31,0.6,0,0
39,10,55,0.131,0,1
29,13,34,0.716,0,1
18,11,33,0.241,0,1
36,12,13,0.641,1,0
31,15,16,0.255,0,0
29,10,33,0.589,1,0
46,13,49,0.594,1,1
51,11,50,0.416,1,1
31,14,67,0.76,1,1
26,13,29,0.695,1,0
42,14,23,0.074,0,0
42,12,60,0.765,1,1
33,11,41,0.391,0,0
30,9,38,0.352,0,0
66,13,44,0.462,1,1
40,10,41,0.35,0,1
22,13,38,0.559,1,0
44,6,14,0.775,0,1
43,15,30,0.507,0,1
33,10,49,0.43,1,0
36,12,25,0.506,1,0
26,11,32,0.266,0,0
34,13,41,0.714,1,1
72,13,37,0.436,0,1
44,13,47,0.358,0,0
38,13,38,0.249,1,0
49,4,29,0.691,0,0
44,11,28,0.73,1,0
54,9,34,0.725,1,1
42,12,39,0.536,1,0
35,11,34,0.428,0,0
30,7,27,0.094,0,0
39,10,44,0.693,0,0
26,7,14,0.577,0,0
62,10,50,0.504,1,0
17,10,40,0.401,0,0
54,11,26,0.851,1,1
49,11,31,0.396,0,1
42,13,47,0.597,1,1
38,12,35,0.714,1,1
47,10,55,0.56,1,1
19,15,34,0.712,1,1
19,12,27,0.495,0,1
31,15,40,0.579,1,0
41,12,34,0.395,0,0
19,12,30,0.372,1,0
46,10,27,0.491,1,1
17,12,58,0.244,1,0
49,10,48,0.19,0,0
30,10,23,0.451,1,0
17,10,62,0.444,1,1
71,9,28,0.272,0,0
28,11,49,0.376,1,1
23,12,47,0.496,1,0
60,11,64,0.409,1,1
17,12,34,0.542,0,1
20,13,38,0.562,0,0
50,11,32,0.685,0,0
17,14,50,0.705,1,0
28,6,49,0.518,0,1
57,14,47,0.517,0,1
33,5,37,0.016,0,0
48,10,44,0.456,0,1
33,14,33,0.291,1,0
51,12,59,0.484,1,1
37,12,32,0.789,1,0
64,10,28,0.583,1,0
38,15,31,0.5,1,1
50,15,36,0.456,1,1
43,16,33,0.641,1,1
28,13,47,0.906,1,1
43,13,57,0.825,1,0
20,9,31,0.191,0,0
39,12,45,0.329,1,1
86,11,50,0.42,0,1
45,16,48,0.437,1,1
31,11,40,0.756,1,0
34,10,48,0.781,1,0
19,6,24,0.537,0,0
17,9,26,0.128,0,0
35,11,34,0.22,0,0
56,14,46,0.676,1,1
51,9,34,0.632,1,1
60,12,50,0.607,1,1
17,11,36,0.632,1,0
17,11,51,0.764,1,1
40,12,27,0.359,1,1
33,11,45,0.231,0,0
32,13,56,0.48,1,1
17,15,72,0.776,1,1
42,9,39,0.678,0,1
59,9,47,0.47,0,0
46,10,30,0.307,0,0
54,10,33,0.758,1,1
42,13,39,0.475,1,0
53,14,24,0.462,0,1
42,15,48,0.5,1,1
31,11,38,0.714,1,1
46,14,35,0.641,0,0
26,9,65,0.788,1,1
43,9,83,0.266,1,1
32,12,15,0.292,0,1
45,12,29,0.157,0,0
32,13,47,0.429,1,0
52,11,33,0.511,0,0
36,14,55,0.612,0,1
74,5,20,0.273,0,0
22,10,51,0.55,0,1
78,9,21,0.406,0,0
34,11,26,0.818,1,1
47,12,24,0.707,1,1
50,9,41,0.493,0,1
51,9,38,0.47,0,0
37,13,42,0.458,1,0
28,11,42,0.319,0,0
48,9,32,0.579,0,1
48,11,29,0.691,1,1
55,11,39,0.249,1,1
37,14,38,0.97,1,1
42,10,25,0.657,0,1
38,10,26,0.513,1,1
40,7,55,0.467,1,1
38,7,36,0.706,1,1
35,13,33,0.317,0,0
24,12,63,0.689,1,1
53,16,34,0.578,1,0
25,11,32,0.304,0,0
21,11,18,0.519,0,0
22,11,38,0.614,1,1
39,14,68,0.532,1,1
41,15,20,0.708,1,1
54,12,29,0.567,0,0
32,11,50,0.342,1,1
17,9,40,0.69,1,1
42,16,48,0.582,1,1
50,10,49,0.626,1,1
55,13,43,0.418,1,1
41,11,45,0.548,1,1
41,10,24,0.297,1,1
47,9,33,0.407,1,0
26,8,68,0.805,1,0
49,14,34,0.541,1,1
49,14,31,0.475,1,1
47,12,49,0.399,1,1
37,10,45,0.752,0,0
49,10,35,0.367,0,0
49,10,39,0.743,1,0
35,15,47,0.394,1,1
26,9,48,0.531,1,1
64,9,39,0.297,0,0
27,13,61,0.646,1,1
64,11,53,0.643,1,1
33,9,28,0.551,0,0
26,10,25,0.522,1,1
20,9,39,0.575,1,0
47,9,33,0.634,1,1
70,11,49,0.472,0,1
28,12,74,0.503,1,1
49,15,32,0.3,0,1
61,8,42,0.186,0,0
61,10,53,0.667,1,1
66,12,22,0.653,1,0
48,9,50,0.563,1,0
42,10,45,0.797,1,1
22,13,20,0.363,1,0
36,16,36,0.561,0,0
47,5,44,0.334,0,1
57,11,42,0.913,1,1
56,14,22,0.068,1,0
44,15,32,0.431,1,1
36,8,46,0.226,0,0
53,16,54,0.8,1,1
44,10,39,0.345,1,1
54,15,40,0.41,1,0
48,11,39,0.444,0,0
38,10,34,0.663,0,0
47,12,39,0.481,0,0
31,14,36,0.591,1,1
43,10,72,0.365,1,1
48,9,37,0.422,1,1
58,12,38,0.761,1,0
56,13,56,0.789,1,1
43,10,51,0.232,0,0
26,7,59,0.586,1,0
37,11,54,0.527,1,0
44,8,46,0.265,0,0
40,14,55,0.524,1,1
46,9,36,0.474,1,1
57,12,42,0.641,1,0
26,2,47,0.699,1,0
45,12,30,0.357,0,0
23,11,53,0.0,0,0
26,9,31,0.58,0,0
17,13,31,0.403,0,0
44,9,39,0.208,1,0
50,7,48,0.75,0,0
26,13,26,0.35,0,0
27,11,40,0.831,1,0
38,9,44,0.667,1,1
44,16,44,0.477,1,1
70,8,26,0.519,1,1
43,10,41,0.73,0,1
51,6,59,0.94,0,1
35,10,18,0.908,1,0
23,5,29,0.356,0,1
17,10,39,0.54,1,0
29,14,34,0.526,1,0
46,11,46,0.258,0,0
46,14,52,0.472,1,0
38,11,36,0.316,0,0
50,9,27,0.467,1,0
44,10,35,0.313,0,0
39,13,44,0.358,1,1
46,9,29,0.625,1,1
40,10,43,0.218,0,0
43,7,37,0.501,1,0
41,8,36,0.61,1,0
50,8,40,0.165,0,0
39,11,31,0.809,1,1
17,11,38,0.463,0,0
39,11,39,0.581,1,0
61,12,45,0.617,0,0
31,10,43,0.681,1,0
49,9,34,0.038,0,1
46,5,36,0.247,0,0
37,5,35,0.743,1,0
49,10,36,0.152,0,0
29,12,44,0.74,1,1
29,10,30,0.221,0,0
46,13,45,0.813,1,0
45,14,28,0.781,1,1
36,11,67,0.864,1,0
49,14,28,0.436,1,0
51,10,35,0.292,0,0
26,9,48,0.716,1,1
26,10,23,0.856,0,1
57,8,51,0.301,0,0
18,11,48,0.871,1,0
39,11,43,0.625,1,0
51,16,65,0.472,1,0
17,11,40,0.473,1,0
46,16,30,0.406,1,0
41,10,47,0.6,1,0
41,7,31,0.887,1,0
51,10,37,0.378,0,0
37,11,42,0.566,0,1
37,12,26,0.859,1,1
50,12,46,0.683,0,0
59,12,37,0.466,0,1
49,8,31,0.604,0,0
48,13,23,0.525,1,0
28,10,38,0.14,0,0
17,6,41,0.403,0,0
17,10,37,0.571,1,1
32,11,54,0.458,0,0
45,12,37,0.457,1,0
56,10,44,0.281,1,0
17,6,49,0.549,1,0
35,14,54,0.681,1,1
18,12,47,0.503,0,0
47,8,44,0.25,0,0
22,13,38,0.826,1,0
38,10,36,0.273,0,0
46,11,39,0.575,0,0
58,12,46,0.49,1,0
59,11,60,0.343,0,0
35,13,43,0.598,1,1
36,16,43,0.558,1,0
19,13,57,0.314,0,0
34,8,35,0.354,0,0
19,9,38,0.42,0,0
17,12,50,0.774,1,0
18,10,22,0.442,0,0
48,9,34,0.765,1,0
26,9,52,0.714,1,1
33,7,39,0.672,1,0
51,12,29,0.395,0,0
17,15,45,0.518,1,0
17,11,33,0.714,0,0
46,14,42,0.674,1,1
36,9,41,0.395,0,0
23,11,42,0.559,1,1
51,12,11,0.368,0,1
30,9,17,0.447,1,1
36,11,49,0.621,1,1
35,9,42,0.172,1,0
33,10,53,0.831,1,0
26,13,41,0.831,0,1
17,14,53,0.219,1,1
47,8,43,0.671,1,1
19,11,33,0.249,1,0
45,13,47,0.446,0,0
57,12,35,0.98,1,1
39,10,31,0.671,1,0
40,11,44,0.625,1,0
43,14,60,0.362,1,1
53,10,60,0.335,1,1
53,15,31,0.69,1,1
64,12,41,0.305,1,0
34,12,44,0.821,1,1
30,11,46,0.1,0,0
28,5,37,0.52,1,0
17,9,52,0.325,1,0
21,12,60,0.454,1,1
44,14,25,0.371,1,1
33,15,51,0.184,0,1
22,11,50,0.566,1,0
54,4,33,0.762,1,1
71,10,50,0.753,1,0
30,4,53,0.427,1,0
25,13,41,0.575,1,0
45,8,27,0.464,1,0
25,12,26,0.614,0,0
18,7,20,0.537,0,0
45,6,55,0.21,1,0
50,8,38,0.431,0,0
30,7,38,0.438,0,1
17,8,42,0.567,0,0
45,10,54,0.643,1,1
56,5,26,0.509,0,0
37,10,17,0.206,0,0
39,8,58,0.148,1,0
45,12,48,0.35,1,0
17,16,28,0.318,0,0
71,12,58,0.992,1,0
56,11,31,0.25,1,1
27,12,33,0.305,1,1
32,11,21,0.488,1,0
31,14,22,0.378,1,1
37,13,35,0.453,1,1
37,6,32,0.369,0,0
37,12,47,0.379,1,1
44,12,39,0.59,1,1
25,9,41,0.506,0,0
43,11,43,0.438,1,0
45,14,31,0.365,0,0
38,13,29,0.358,0,0
57,12,30,0.293,1,1
47,8,31,0.656,1,0
41,8,47,0.623,1,1
35,9,56,0.366,1,0
47,13,37,0.217,0,0
42,13,48,0.67,1,1
60,10,38,0.697,1,1
42,13,43,0.289,1,0
50,10,60,0.441,1,0
56,8,39,0.378,0,1
53,13,48,0.12,0,0
57,11,46,0.545,0,0
38,10,27,0.32,0,1
17,15,50,0.349,1,0
47,11,40,0.621,0,0
36,6,29,0.682,1,0
29,14,48,0.374,1,0
55,11,42,0.801,1,1
61,13,58,0.695,1,1
25,9,25,0.288,0,1
45,13,37,0.584,1,0
49,9,34,0.553,0,0
17,9,34,1.0,1,0
49,8,62,0.496,1,0
29,16,44,0.461,1,1
22,8,40,0.244,0,0
22,9,33,0.512,1,0
49,9,51,0.643,0,1
40,7,42,0.427,0,0
17,12,31,0.273,0,0
22,7,33,0.126,0,0
59,13,42,0.264,0,1
30,13,67,0.493,1,1
40,11,30,0.201,0,0
28,10,11,0.535,0,1
37,11,39,0.491,1,1
45,11,36,0.283,0,0
33,10,53,0.635,1,0
29,12,34,0.612,0,1
36,8,42,0.838,1,1
43,14,54,0.859,1,1
52,12,46,0.637,1,1
23,13,27,0.32,1,0
22,10,46,0.402,0,0
65,12,61,0.514,1,1
29,12,51,0.762,1,0
46,11,34,0.372,1,0
45,12,18,0.962,0,0
23,14,59,0.545,1,1
51,14,42,0.443,1,1
49,13,28,0.57,1,1
39,12,41,0.529,1,1
37,12,33,0.627,1,1
56,12,25,0.407,0,1
22,13,21,0.488,0,0
43,7,34,0.742,1,0
53,11,54,0.412,1,0
44,8,63,0.577,1,0
49,9,50,0.565,0,0
31,13,29,0.475,1,0
25,11,51,0.666,1,0
49,11,36,0.439,1,0
24,11,47,0.427,1,1
43,14,44,0.599,1,0
31,7,43,0.746,1,1
44,15,27,0.449,1,1
49,10,51,0.39,0,0
29,9,42,0.629,1,0
37,7,52,0.343,0,1
50,7,45,0.185,0,0
60,11,46,0.835,1,1
24,12,48,0.476,1,1
32,12,48,0.578,1,1
40,11,39,0.696,0,0
56,14,50,0.748,0,1
37,12,46,0.63,1,0
52,16,32,0.65,1,1
34,15,51,0.308,1,0
42,8,21,0.305,0,0
57,6,50,0.766,0,1
54,5,60,0.543,1,1
29,9,36,0.505,0,1
40,13,39,0.426,1,1
42,13,29,0.53,1,0
43,9,46,0.08,0,1
42,14,46,0.598,1,1
38,10,50,0.452,1,1
30,8,57,0.488,1,0
17,9,34,0.212,1,0
22,10,28,0.115,0,0
17,9,51,0.599,0,0
27,11,21,0.851,0,0
49,11,50,0.492,1,0
35,11,38,0.405,0,1
46,8,38,0.468,0,0
27,12,44,0.083,0,0
61,13,34,0.5,1,1
19,11,46,0.381,1,1
44,12,38,0.527,1,1
45,7,39,0.513,0,0
47,11,59,0.674,1,0
41,9,38,0.066,0,0
20,11,51,0.644,1,1
43,13,42,0.392,1,1
35,15,48,0.554,1,1
40,10,27,0.43,0,0
54,13,40,0.183,0,1
27,13,23,0.501,1,0
30,11,40,0.08,0,1
55,15,55,0.484,1,1
40,12,51,0.476,1,1
25,14,39,0.506,1,0
27,11,16,0.295,0,0
47,8,31,0.47,1,0
25,7,59,0.394,1,0
34,15,35,0.417,1,1
40,11,25,0.689,1,1
62,10,46,0.265,1,0
38,10,50,0.652,1,0
40,13,49,0.41,1,1
46,7,47,0.553,1,1
42,11,36,0.422,1,1
43,15,53,0.639,1,1
50,13,39,0.304,0,1
38,8,42,0.902,1,0
27,11,10,0.444,0,1
62,11,33,0.829,1,1
48,6,39,0.339,0,0
26,16,35,0.492,0,1
39,10,28,0.569,1,1
38,14,51,0.416,1,1
52,13,57,0.737,1,0
29,9,38,0.611,1,0
24,10,41,0.405,0,0
54,9,31,0.424,0,0
50,8,46,0.479,0,1
90,8,49,0.316,0,1
50,11,25,0.406,0,0
36,13,40,0.631,1,1
48,10,28,0.988,1,0
40,15,52,0.621,1,1
35,14,44,0.616,1,0
54,9,53,0.947,1,0
50,7,33,0.658,1,0
39,10,62,0.611,1,1
26,14,43,0.836,1,1
43,11,37,0.614,1,1
54,4,21,0.728,0,1
32,11,46,0.323,0,0
30,11,38,0.752,1,1
42,7,39,0.819,1,1
36,10,29,0.143,0,0
30,5,52,0.358,0,0
47,12,35,0.367,0,0
23,13,47,0.581,1,1
33,7,47,0.707,1,1
49,13,32,0.591,0,1
29,8,37,0.551,1,0
41,7,47,0.782,1,0
27,12,35,0.51,0,0
42,16,54,0.613,1,1
31,9,27,0.71,1,0
35,12,48,0.076,1,1
58,9,43,0.523,1,0
25,15,31,0.683,1,1
20,12,40,0.756,1,1
50,11,26,0.626,0,0
33,11,49,0.662,1,0
36,13,43,0.815,1,1
46,9,43,0.645,1,0
43,11,35,0.431,0,0
35,11,53,0.806,1,0
35,10,63,0.767,1,0
29,15,52,0.245,1,1
24,12,44,0.659,1,1
40,12,36,0.571,1,0
54,13,21,0.288,1,1
62,13,57,0.633,1,0
23,9,22,0.475,0,0
37,11,43,0.483,1,0
31,13,67,0.486,1,0
56,11,44,0.075,1,0
17,7,53,0.652,1,0
39,13,39,0.766,1,1
38,15,31,0.332,0,1
26,5,42,0.589,1,0
45,8,53,0.418,1,0
41,11,47,0.579,1,1
31,15,43,0.388,1,1
49,15,39,0.593,1,1
39,14,42,0.431,0,0
47,12,34,0.459,1,1
24,13,48,1.0,1,1
47,8,58,0.602,1,1
25,15,44,0.655,1,1
33,12,28,0.761,0,1
31,10,35,0.573,0,0
39,12,43,0.416,0,1
28,12,43,0.585,0,1
52,9,50,0.665,1,1
48,14,40,0.228,1,1
25,9,34,0.467,1,0
40,9,32,0.732,1,1
34,10,44,0.475,1,0
28,5,33,0.813,0,0
51,12,49,0.303,1,0
41,13,39,0.543,1,1
32,14,38,0.495,0,0
23,5,40,0.357,0,0
46,12,50,0.431,1,0
24,9,42,0.313,1,0
30,11,56,0.55,0,0
47,15,32,0.756,1,1
38,14,31,0.616,1,0
25,10,34,0.469,1,0
51,9,40,0.498,0,0
39,11,39,0.669,1,1
21,6,23,0.232,0,0
52,8,48,0.243,0,1
17,12,51,0.347,1,1
17,12,40,0.673,1,0
44,12,31,0.286,1,0
38,9,45,0.646,1,0
61,10,22,0.346,0,0
49,11,48,0.691,1,1
48,14,37,0.682,1,0
73,13,50,0.175,0,0
50,10,57,0.657,1,1
28,8,31,0.423,1,1
32,7,43,0.384,1,1
30,8,25,0.306,1,0
23,8,49,1.0,1,0
35,11,31,1.0,1,1
40,12,39,0.732,0,1
74,13,48,0.58,1,1
27,12,41,0.456,1,1
60,12,16,0.827,0,0
29,13,42,0.657,1,1
50,14,54,0.404,1,1
40,14,38,0.824,1,1
25,14,40,0.304,1,1
58,13,35,0.752,1,1
27,14,62,0.576,1,1
41,13,30,0.31,0,0
35,12,35,0.576,0,0
46,9,45,0.218,0,0
30,12,38,0.696,1,0
39,8,46,0.361,0,1
17,10,37,0.485,0,0
55,12,35,0.425,1,0
56,11,57,0.59,1,1
49,9,20,0.349,0,0
56,4,50,0.487,0,0
39,8,39,0.128,0,0
42,16,51,0.56,0,1
76,15,42,0.303,1,1
43,13,37,0.597,1,0
53,7,48,0.0,1,1
37,8,51,0.792,1,0
45,11,37,0.466,1,1
38,10,31,0.806,0,0
37,11,37,0.342,0,0
27,5,17,0.076,0,0
38,14,37,0.339,1,1
31,10,25,0.802,1,0
39,7,45,0.446,0,1
32,14,43,0.856,1,0
56,11,27,0.47,0,0
38,10,43,0.387,1,0
64,10,37,0.485,0,1
56,8,35,0.505,0,0
58,11,48,0.657,1,1
31,11,38,0.473,1,0
41,13,39,0.781,1,1
45,11,56,0.504,1,1
29,7,22,0.658,0,0
25,13,65,0.45,1,1
49,13,44,0.059,0,0
17,10,47,0.57,1,0
34,14,40,0.73,1,1
35,10,32,0.722,1,1
33,10,32,0.615,1,0
38,13,56,0.702,1,1
22,13,48,0.385,1,1
48,13,42,0.406,1,1
40,8,9,0.521,0,0
25,11,58,0.592,1,1
58,10,48,0.584,1,1
32,14,38,0.596,1,0
40,9,39,0.647,1,1
54,11,62,0.685,1,1
47,9,52,0.18,1,0
17,12,22,0.353,1,1
45,11,31,0.442,0,1
56,16,55,0.654,1,1
28,6,40,0.641,0,0
27,9,32,0.488,0,0
51,14,28,0.359,0,0
17,13,50,0.467,1,0
44,13,31,0.525,1,1
44,13,52,0.317,1,1
50,15,51,1.0,1,1
39,8,51,0.806,1,0
17,10,33,0.644,1,0
59,9,46,0.338,0,1
35,13,50,0.142,0,0
45,13,35,0.74,1,0
42,9,37,0.478,1,0
17,10,29,0.787,1,0
17,11,50,0.633,0,0
25,13,49,0.433,1,1
17,7,20,0.622,0,0
33,12,37,0.752,1,0
35,11,34,0.535,1,0
18,12,33,0.511,1,0
39,16,44,0.53,1,1
43,5,28,0.212,0,0
40,9,19,0.925,0,1
30,8,50,0.302,1,0
42,10,28,0.707,1,1
50,15,56,0.695,1,1
51,12,39,0.78,1,0
63,9,46,0.456,1,1
31,10,34,0.462,1,0
31,13,27,0.446,0,0
36,14,37,0.146,1,0
35,13,46,0.466,1,1
47,7,39,0.869,0,0
48,9,43,0.78,1,0
37,10,58,0.318,0,0
35,11,15,0.538,0,0
48,10,47,0.886,1,1
43,9,22,0.79,0,0
18,8,41,0.192,0,0
36,10,28,0.781,1,0
42,8,51,0.416,1,0
37,10,32,0.382,1,0
52,12,38,0.474,1,0
34,11,31,0.653,1,1
46,8,36,0.59,1,0
41,7,67,0.634,1,1
17,13,55,0.705,1,1
31,10,58,0.483,1,0
19,12,35,0.52,1,1
44,13,33,0.169,1,1
17,16,29,0.347,1,1
28,9,51,0.462,0,1
28,6,27,0.588,0,0
39,12,35,0.373,1,0
20,9,50,0.655,1,0
38,12,41,0.383,0,0
44,12,45,0.528,1,1
42,13,27,0.452,1,0
25,10,39,0.546,1,0
28,15,26,0.37,1,1
71,14,44,0.642,1,1
63,15,32,0.568,1,1
43,11,61,0.392,1,0
41,13,32,0.328,1,0
39,14,40,0.416,1,0
34,12,54,0.534,1,1
54,12,53,0.776,1,1
17,12,40,0.697,1,1
34,10,35,0.412,0,1
53,15,56,0.497,1,1
43,10,3,0.252,0,0
62,13,51,0.656,1,0
31,11,41,0.438,0,0
45,10,24,0.202,1,1
27,11,57,0.397,0,0
32,15,57,0.522,1,1
73,10,71,0.656,1,1
51,12,42,0.492,1,0
55,11,35,0.193,0,0
31,11,45,0.346,0,1
36,5,59,0.256,0,0
17,8,56,0.632,0,0
31,5,38,0.789,0,1
34,10,55,0.701,1,1
51,14,41,0.939,1,1
47,9,54,0.0,0,0
55,12,56,0.643,1,1
69,14,47,0.615,1,1
28,9,49,0.336,0,0
17,15,40,0.418,0,0
45,9,20,0.534,0,0
53,14,47,0.801,1,1
32,9,17,0.587,0,0
40,16,60,0.456,1,1
35,13,29,0.501,1,0
40,14,53,0.0,1,1
57,9,63,0.645,0,0
60,12,56,0.621,1,1
45,10,49,0.554,0,0
36,11,46,0.612,1,0
43,13,39,0.344,0,0
43,13,58,0.142,0,1
31,11,24,0.11,0,0
42,14,38,0.688,1,0
17,13,43,0.463,1,1
40,10,51,0.498,1,1
51,6,35,0.937,1,0
30,16,24,0.408,0,1
27,10,46,0.488,0,0
43,10,40,0.688,1,1
37,11,33,0.544,1,1
61,9,58,0.638,1,1
39,9,30,0.217,0,0
44,6,30,0.418,0,0
39,12,14,0.552,0,1
32,9,40,0.884,1,1
29,7,49,0.545,0,1
36,11,39,0.636,1,1
25,10,33,0.529,0,0
26,13,49,0.636,1,1
44,12,52,0.503,1,1
35,8,31,0.286,0,0
54,12,22,0.108,0,1
56,10,36,0.426,0,0
47,6,25,0.879,1,0
21,14,32,0.564,1,1
26,13,37,0.545,1,1
63,13,44,0.492,1,1
27,12,27,0.325,0,0
27,12,31,1.0,1,0
30,9,29,0.248,0,0
34,10,35,0.473,1,0
62,9,15,0.498,0,0
45,11,14,0.348,0,0
29,11,37,0.539,1,1
20,13,32,0.751,1,0
41,7,55,0.293,0,0
51,11,45,0.638,0,1
17,10,47,0.409,0,0
17,12,41,0.594,1,0
31,10,40,0.36,0,0
33,13,56,0.762,1,0
38,9,39,0.335,0,0
42,16,65,0.483,1,1
31,8,20,0.586,1,0
36,9,50,0.669,1,0
42,13,25,0.396,1,0
55,9,45,0.532,0,0
51,12,38,0.471,1,0
60,9,56,0.259,1,0
46,9,38,0.561,1,1
38,16,35,0.886,1,0
43,12,28,1.0,1,0
53,11,45,0.675,0,1
51,10,40,0.49,0,0
17,7,34,0.796,1,0
30,11,25,0.389,0,0
45,7,53,0.661,1,1
58,5,59,0.848,1,0
60,10,51,0.229,0,0
51,8,50,0.758,1,1
60,6,40,0.25,0,1
42,9,54,0.554,1,0
17,14,56,0.446,1,1
43,11,37,0.501,1,1
30,9,41,0.381,1,0
78,15,32,0.739,1,1
52,7,30,0.327,0,0
27,12,57,0.734,1,0
26,12,28,0.474,1,0
35,14,44,0.677,1,1
20,8,40,0.156,0,1
48,9,29,0.549,1,0
37,14,46,0.679,1,0
35,13,50,0.507,0,0
37,8,38,0.263,0,0
57,12,32,0.513,1,0
32,4,34,0.296,0,0
43,8,22,0.545,1,0
55,13,40,0.559,1,1
63,13,66,0.03,1,0
25,16,42,0.536,1,1
36,9,45,0.211,0,0
45,5,32,0.0,1,0
64,10,35,0.407,0,1
55,11,49,0.502,1,1
23,13,43,0.36,1,1
22,14,50,0.802,1,0
55,10,35,0.778,1,0
17,8,48,0.489,1,0
24,10,45,0.443,1,1
66,16,55,0.387,1,0
42,11,40,0.508,1,0
26,16,63,0.546,1,1
49,9,38,0.393,0,1
32,9,30,0.598,0,1
51,10,41,0.467,1,0
40,8,49,0.469,1,0
25,11,6,0.42,0,0
44,12,59,0.762,1,1
43,15,46,0.548,1,0
32,14,44,0.913,1,1
18,12,55,0.393,1,1
28,11,51,0.556,1,0
35,13,27,0.772,0,0
40,7,43,0.316,1,0
18,13,39,0.372,1,0
45,15,47,0.384,1,1
43,6,38,0.537,1,0
26,10,44,0.312,1,0
34,8,52,0.299,0,0
56,11,53,0.782,1,1
28,11,29,0.57,0,0
51,13,47,0.458,1,1
45,10,42,0.559,1,0
25,9,41,0.771,0,0
41,8,48,0.655,1,0
47,11,40,0.744,1,0
52,14,47,0.605,1,0
40,11,33,0.505,1,0
48,8,30,0.566,1,0
45,10,53,0.359,0,0
28,12,29,0.38,0,0
35,13,46,0.544,1,1
53,12,39,0.612,1,1
38,10,56,0.553,1,0
39,10,51,0.774,1,1
39,11,50,0.46,1,1
53,13,26,0.763,1,1
23,9,55,0.746,1,1
46,14,56,0.671,1,0
38,14,24,0.625,1,1
31,14,50,0.29,0,0
48,9,42,0.345,0,1
62,9,45,0.541,1,0
38,12,28,0.391,1,0
30,14,41,0.549,1,1
41,10,45,0.662,1,0
46,4,49,0.112,0,0
45,9,29,0.196,0,0
41,11,28,0.437,1,0
44,11,41,0.405,1,0
45,12,48,0.573,1,0
47,14,35,0.506,1,1
31,9,32,0.201,0,0
54,12,38,0.603,1,0
24,13,33,0.334,1,0
28,7,40,0.544,1,0
32,9,31,0.56,0,0
57,8,27,0.0,0,0
26,10,43,0.741,1,0
48,7,20,0.157,0,0
29,11,39,0.653,1,1
45,11,27,0.219,0,0
60,9,39,0.602,1,0
21,13,44,0.273,1,1
36,9,51,0.588,0,0
32,7,34,0.628,0,0
30,5,44,0.565,0,0
39,14,55,0.656,1,1
54,11,38,0.27,0,0
45,14,30,0.146,0,1
38,9,42,0.474,1,1
32,13,28,0.746,0,1
17,11,59,0.926,1,1
47,11,44,0.729,1,0
36,9,39,0.837,1,1
17,6,34,0.644,0,0
47,9,42,0.197,0,0
47,12,36,0.362,0,1
22,5,45,0.419,0,0
29,13,44,0.074,0,0
33,11,32,0.628,0,0
32,13,70,0.449,1,1
49,9,46,0.329,0,0
31,16,42,0.613,1,1
34,12,57,0.686,1,1
46,12,52,0.815,1,1
42,11,43,0.579,1,0
47,11,36,0.523,0,0
17,16,32,0.616,1,1
50,9,46,0.578,1,0
27,8,40,0.794,0,0
30,14,55,0.564,1,1
60,11,53,0.451,1,1
54,15,53,0.267,1,1
50,13,73,0.739,1,0
69,16,48,0.681,1,1
41,9,41,0.358,0,0
32,10,42,0.431,1,1
54,12,68,0.416,1,1
21,12,46,0.628,1,1
29,13,39,0.599,1,0
42,9,48,0.551,1,0
38,12,37,0.937,1,1
25,11,54,0.62,1,0
39,10,41,0.555,0,0
29,12,28,0.548,0,0
59,9,42,0.515,1,0
54,5,41,0.325,0,0
53,9,35,0.406,0,0
37,12,44,0.357,1,1
43,13,39,0.205,0,0
30,9,46,0.084,1,0
34,16,43,0.685,1,0
40,9,20,0.369,0,0
41,16,41,0.782,1,1
41,10,50,0.276,0,1
38,10,44,0.602,1,1
25,12,31,0.329,1,0
51,10,56,0.36,0,0
17,10,27,0.193,1,0
34,10,42,0.641,1,0
57,16,37,0.495,1,1
47,8,31,0.518,1,1
17,5,29,0.384,0,0
31,15,45,0.635,1,0
18,13,29,0.812,1,1
44,8,51,0.531,0,0
52,13,43,0.301,1,0
39,6,11,0.513,1,1
26,8,53,0.335,1,0
17,10,61,0.491,1,1
54,16,48,0.791,1,1
60,11,37,0.836,1,1
26,11,32,0.661,1,0
43,11,29,0.595,0,0
34,8,54,0.633,1,0
40,11,38,0.731,1,1
44,10,56,0.758,1,1
59,16,36,0.572,1,1
61,9,42,0.508,0,0
53,15,43,0.45,0,0
46,15,61,0.53,1,1
39,12,48,0.62,1,0
53,9,41,0.818,1,1
45,9,41,0.327,1,0
37,10,38,0.261,0,0
56,12,43,0.364,1,0
36,14,65,0.5,1,1
30,10,45,0.511,1,1
17,11,16,0.253,0,0
20,14,54,0.413,1,1
46,14,62,0.584,1,0
17,6,35,0.595,1,0
25,10,43,0.56,1,0
57,14,73,0.538,1,1
45,9,40,0.312,0,0
56,14,51,0.503,1,1
30,9,40,0.493,0,0
26,12,58,0.835,1,1
33,15,46,0.586,1,1
47,9,41,0.52,0,1
20,8,44,0.363,0,0
40,16,41,0.447,1,0
59,14,44,0.608,1,0
19,11,41,0.429,0,0
46,13,43,0.628,1,0
49,10,39,0.66,1,1
53,16,39,0.463,1,1
34,10,19,0.419,1,0
34,13,41,0.72,1,0
35,12,42,0.584,1,0
43,10,29,0.584,0,0
27,15,19,0.478,1,1
21,9,39,0.457,1,0
19,11,28,0.31,1,0
49,7,29,0.51,1,0
59,12,66,0.423,1,1
37,11,33,0.697,1,0
21,15,40,0.586,1,1
62,9,16,0.106,0,0
28,13,47,0.635,1,0
22,14,39,0.517,0,0
59,10,56,0.291,0,1
19,11,33,0.517,1,0
43,14,33,0.41,1,0
47,15,40,0.537,1,1
34,10,59,0.557,1,1
52,11,27,0.618,1,1
59,15,45,0.713,1,1
48,15,65,0.638,1,1
37,14,38,0.649,1,1
38,15,44,0.519,1,0
38,7,36,0.574,0,0
37,9,35,0.507,1,0
31,8,36,0.429,1,0
36,15,50,0.801,1,1
57,13,51,0.545,1,1
43,11,45,0.364,1,1
36,14,27,0.86,1,1
43,9,40,0.39,1,0
31,11,23,0.806,1,1
40,12,40,0.683,0,0
23,8,26,0.476,0,0
17,10,47,0.616,0,0
30,7,37,0.858,1,1
