date,JPM,BAC,C,WFC,GS,AAPL,MSFT,GOOGL,XOM,CVX,DUK,SO,PG,KO
2013-02-11,0.0006167129396820761,0.008467451099098596,0.010951991095884316,0.010835577928945074,0.004212749779622872,0.010368408533211044,0.011189432752736008,-0.0037633272478549825,-0.003731136670675414,0.0,0.002026929896219111,0.004777622556005095,0.0007917656787340257,-0.004135441406692817
2013-02-12,0.009816029737656634,0.03194629683455171,0.027430291226151513,0.007065169985272455,0.012208410159392101,-0.025386100218079594,0.0007176175406634169,-0.0022008300658771657,0.002036891051644897,0.00740935585760988,0.005193318077267901,0.0022670605946426945,0.0022399376912668797,-0.02757165593608272
2013-02-13,-0.009405098973706637,-0.006143783404695171,-0.007923074837327322,-0.01075888067726073,0.0026569046507943436,-0.0019047852992996471,0.005365779284373768,0.0027629787856072946,0.0023711409517350344,-0.008361036510828064,-0.009832352201412216,0.0002264236395954328,0.0076045993852192125,-0.009362111981531087
2013-02-14,0.011031776843583412,-0.0032921840434770055,0.007246408520767253,0.0022746668892253846,0.009083650798713533,-0.0008997445332679281,0.0003566969896922793,0.0063158080578774615,-0.001693098209066784,0.0015568243933188426,-0.011986695193227483,-0.005903741034809184,0.0028694424279527395,-0.009993330971425015
2013-02-15,-0.006931730099569869,-0.008278192969371394,-0.010889399799268206,-0.0014210603499850247,-0.006046589887834689,-0.013875610010449648,-0.0010704728943721233,0.006414772865006596,-0.0018091366309324723,-0.006502819117476615,0.0008819638966530552,0.004544429543222359,-0.003130709575095368,0.015621109458837467
2013-02-19,0.011593743205381191,0.01321241350659256,0.014942546532434327,-0.0005689900580249758,0.023339919320245255,-0.00036972261335774096,0.0012487736882830281,0.017453330607364606,0.01080604842004056,0.008316056241657606,0.013136957282677915,0.008353135825478588,0.010914869274810514,0.006658700858006212
2013-02-20,-0.017132787011357068,-0.03251641202156098,-0.02918583809345462,-0.0011389522871309895,-0.022114784563401307,-0.02451556991246693,-0.006259521466443409,-0.017995759826343587,-0.003926192715281021,-0.008055129951853547,-0.0015964011807738457,0.0015725039744914533,-0.0038845057262012744,0.0015915122722692777
2013-02-21,-0.007433443272369149,-0.03273332724375497,-0.020334929980676434,0.010204170174241668,-0.028100914580655965,-0.00623573524038029,-0.013728539316702535,0.00386669144770208,-0.0042802498327349165,0.0,-0.00029052876439096385,-0.0026972369690011536,-0.0005190760562954311,-0.000530222705953212
2013-02-22,0.013586046766270768,0.0017497817237875507,0.010336009330662073,0.01010109598650392,0.021052028408614636,0.010592945680703698,0.009773833461449588,0.005240627276042883,0.006862055162022672,0.008400135992881246,0.009111350905654968,0.006953039114166477,-0.0006492241999121242,0.021252275659659172
2013-02-25,-0.025050476656970123,-0.03649715268624073,-0.039080503305646636,-0.029176407468715037,-0.04269223910383037,-0.017927997732287242,-0.014148612586016098,-0.011242082167683243,-0.01695914020782633,-0.021090106310874473,-0.005051609212624906,-0.004480294232762013,-0.013995388988285644,-0.020987129164668213
2013-02-26,-0.0020986366569212492,0.009025332022042436,0.0033964127749200436,-0.0011504171530495326,0.0023676655741833195,0.013837433377003992,0.0,-0.0008096148200091934,0.009193640602648207,0.012429044028189132,0.006921440753455803,0.0038095284166676487,0.0021052639354624146,0.01028625712051212
2013-02-27,0.03468555798789011,0.015158560430841355,0.020851564335107858,0.010875894266934626,0.024362960370474994,-0.009849008390712153,0.01594814519328576,0.01213913744079944,0.011458224665278944,0.014593756696669628,0.0077297836920603435,0.008019646456667672,0.008767968230171725,0.008881981065884142
2013-02-28,-0.007332008406292685,-0.006213956967943149,-0.004516826887607285,-0.0014242987737535099,-0.012541221405308318,-0.0071551341470051585,-0.00035964754928199136,0.001773888961275085,0.00022336386065604214,0.004277166486365755,-0.012627517481371158,-0.00133214939771562,-0.007454425416848461,0.006997566456723234
2013-03-01,-0.0002044362677058902,0.009747529549254043,0.0033301648283368865,0.008798126853389706,0.005128387143130669,-0.02507341144259164,0.00538117890451675,0.006208855336098328,-0.0013409321486309415,-0.0021362964757819457,0.0,-0.004007129137493199,0.004061052283316426,-0.0005166623726400182
2013-03-04,0.0038771602492092216,0.006153865574378287,0.019518550276798583,0.01291427268825748,0.010901630875964049,-0.024504365114261527,0.007130154984591269,0.018817464221606447,-0.005381782246245716,0.005034355101458362,0.006620634430859301,0.004451376146132136,0.0024809048436691575,0.003095977705127992
2013-03-05,0.007911594163319758,0.012195273093818425,0.015253357904353655,0.0008364701449661284,0.0051124185547145136,0.02606747983235415,0.007079675588061768,0.02060167646537132,0.0073925067842839295,0.003738004522397416,0.006434568565620298,0.007301725106016334,0.0048136435886809515,-0.0036129071557706553
2013-03-06,0.010852196536319072,0.031532224669400984,0.02222817760273415,0.004726826540362581,0.007619952855537242,-0.012795853046091123,-0.009213389057608844,-0.008651605062670244,-0.000558129165573964,0.004568535864788926,-0.00399886279807185,0.002642009462838576,0.001944895264605745,0.008751664609871588
2013-03-07,0.011921460481704142,0.028124268870861627,0.009377161812597005,0.010211210568503895,0.016026087164163212,0.011492885279974484,0.0017784105700908307,0.001461540568996638,-0.00953616919805862,0.0007593975811091464,-0.004733566896403881,-0.0019808524139609926,-0.00389358051913221,0.0025595099716513156
2013-03-08,-0.008529259284134338,-0.015618895398625205,0.036653317648035366,0.002194186288983961,-0.02351529542907178,0.0026382904903531957,-0.004987541511039051,-0.0012930879477002423,0.0029266117241805237,8.434192220228631e-05,0.0012931965305363411,-0.001543380308568641,0.0036344795978744773,0.0025529756015836565
2013-03-11,0.005562191535274024,0.006606134677117269,0.019516953819019023,0.01711300760054303,0.0020895919840487184,0.014145308988494846,-0.004653668681346999,0.003960661443580565,0.0021332742609920814,0.0013485042077217148,0.002151618129072093,-0.0002206774807587057,0.0022002209096023376,0.002292118665568887
2013-03-12,-0.003969834510910931,-0.011589533694665283,-0.013749555583102356,-0.012739025777429937,-0.009503594386010807,-0.021795185485177754,0.0014342060543738955,-0.00867409195752574,0.0,-0.004050980305658529,-0.003588606449344963,-0.0024306718408612753,-0.0023297965495633296,-0.008943460659434606
2013-03-13,-0.002389487397381467,0.004154555207147319,0.0004258943846317024,0.002996052901621828,0.00039504872781363553,-0.00018627907600624586,0.00017913121409291808,-0.002782834587193799,0.0011209506834558161,0.0009298001599665274,0.005306573944178369,0.001989170729937007,-0.004806140315885245,-0.009542303224806875
2013-03-14,0.016607736399660546,0.0041373662659614265,0.010378150968713909,0.005424477635359777,0.01379422389153294,0.009642410564222386,0.007850174122918639,-0.004578481601546933,0.006365536039991279,0.013760915250037007,0.0002860411918817228,0.0017648361077500555,0.007652933128741389,0.011081159645437851
2013-03-15,-0.01940270727485273,0.03728146503715514,-0.004222979248855819,0.03272874266398897,0.005309861598343379,0.02547483037401864,-0.003560623309606517,-0.008849275875113846,-0.0051339398478146,-0.0026702285558788097,0.00028595939571456134,0.003300696142203063,-0.013660525965284089,-0.0048811914513893625
2013-03-18,-0.010248256076141375,-0.0007958615621034533,-0.02181904739463961,-0.01158517433522965,-0.01884080634664543,0.026820782565536046,0.0023158467640643013,-0.0080292886775968,-0.006736300313072713,-0.004606180414897476,-0.0047288187281973575,-0.004624031139028688,-0.002360656833973886,-0.0018043567210104625
2013-03-19,-0.00628104587506913,0.011871924161310143,-0.009779497695117967,-0.007176110529479193,-0.02067961588438021,-0.002702457003075353,0.0028429301308340238,0.004360513278849735,-0.002142656585175838,0.00276625349289011,0.004156818140600882,0.0035250091578722287,0.012396583361759403,0.014598799421152631
2013-03-20,-0.0016273396593754824,0.005492363748025941,0.0065302800634128196,-0.0013345791384294624,0.008629681945791872,-0.0053169805724678585,0.0047791930952343145,0.004167230248126849,0.0005643022552544752,0.00742257692492102,0.0069845626401031456,0.007012958832084905,0.006076688166951877,0.013636574949545444
2013-03-21,-0.015800061939583613,-0.016568426347232594,-0.01883542324266523,-0.008045095684831534,-0.032150581367724224,0.001435883717333543,-0.007266314647327882,-0.0042413589313681326,-0.005203631651370829,-8.309443687520745e-05,-0.0019906163263157094,-0.007893046897692133,-0.004780679691096816,0.005003763254789607
2013-03-22,0.008854170888470991,-0.0007958615621034533,0.0,0.001614205354541201,0.008356785396061736,0.02007526319317579,0.004968072674009474,-0.001171519257177401,0.012622730430189386,0.006955973724637384,0.004969130690574366,0.005049961330337529,0.0007767996247682424,-0.0007489702010333277
2013-03-25,-0.00534430871192477,-0.012820688429061434,-0.016496138671801306,0.0002687810794302349,-0.0033480267685579075,0.003607826762499717,-0.0031909263026082676,-0.0008273463843850909,-0.003028435941416865,-0.008286424611061076,-0.004684514209359032,-0.0006572461623381575,-0.007664863768048645,0.0019960086467148783
2013-03-26,0.002470153582062117,-0.009724549891994857,0.007613113349397622,0.00241578429123852,0.002938666047824664,-0.005285318138975075,-0.00017757258325976815,0.0034277681525451235,0.012392008980610108,0.006634623772986343,0.009488140287155153,0.01111485780629634,0.009345862418237599,0.01410739891986392
2013-03-27,-0.018048410256041043,-0.004079973019915308,-0.00828764963129759,-0.008616100690791053,0.008832179161556191,-0.019833655534033996,0.007607290114178118,-0.012086285823068057,0.0049803655597494435,-0.006551418714070793,0.010794245130880394,0.004756765725943235,-0.004402441397669971,-0.011617977669092559
2013-03-28,-0.006510576394253068,-0.004096687417330121,-0.004960551321971096,0.00027037988538406593,-0.004678133213892206,-0.021056967229426654,0.00824927889973218,-0.010610913268008792,-0.005202291881121846,-0.01146408103710214,0.012057522559817178,0.012007005313723802,0.0,0.0054550098077645525
2013-04-01,0.007765806684587898,-0.0024660924951934427,-0.01022387640077241,-0.0016233769798908598,-0.00757191789204581,-0.0315551291804539,0.0001747793415267406,0.008777910771170362,0.007297688291589888,0.006626707133778088,-0.003726455212828397,-0.003843694674562827,0.008270918175590145,0.0002472493522301951
2013-04-02,0.009364338537125193,0.0,0.007281033303541358,-0.001354830176078703,0.004372786415689321,0.0020542659313173748,0.0066190800798814784,0.014682124775933812,-0.0020953964104680153,-0.005112956949843945,0.004139649902268725,0.0017101329520526915,0.016086137751624225,0.006652728737766512
2013-04-03,-0.03006638754489959,-0.028382539577286557,-0.03718243818647718,-0.0057104166051584445,-0.022545682462004453,0.005101073836768243,-0.00836824967051669,-0.008445930704887031,-0.007201848201643572,-0.010305015595104673,-0.012610158091706403,-0.0027804530799191117,-0.010695289116747806,-0.013598923871076446
2013-04-04,0.013568153876599253,0.010947477755185092,0.006332846308446198,0.020246338762708847,-0.0029329629963649557,-0.00993367318347906,0.0012247398958958697,-0.013904255837715856,-0.0017807461578270714,0.0024591914025935743,0.001114982693908209,0.011499274925180028,0.005361943141385373,0.009168692652663131
2013-04-05,0.008805088334000148,0.0025094116054259286,0.005595724556827484,-0.007241549682175483,0.004883503496359382,-0.010623669037621724,0.003665245398295874,-0.015233586014637451,-0.008502120797756809,-0.004669137053396476,0.0036151318571393527,-0.0008472781697295952,-0.003954843452874327,-0.011411684247244603
2013-04-08,0.013887672678995724,0.01985176855273153,0.012706651269114883,-0.0035054640184166053,0.0009043164332327917,0.00708730701432751,-0.0038401164313550244,-0.010527089354159264,-0.004616865359804982,0.002464625392406196,0.013236095622463325,0.006337156822734371,0.007132879560607499,0.019274132612866656
2013-04-09,0.002056344545300084,0.0032706488681227067,0.007547205635382904,0.011548402817876986,0.018599420236265676,0.0018049924414318328,0.03505513577927936,0.0036070894893342025,0.0019168974691927815,0.0070205405716486065,-0.00535605208180461,-0.003797472917973721,-0.0067494684753302775,-0.0036778268745884515
2013-04-10,0.011641099498771398,0.005698021114637796,0.02630843130395568,0.0031991496226490817,0.01986686059153035,0.020194051130827874,0.022375286455748197,0.01598430563577778,-0.0010143703321171696,0.008393535932070699,0.002338217143976752,0.0029548354128800967,0.012444605048083746,0.008804165453579753
2013-04-11,0.0012175326179368051,-0.004066699382553686,-0.004225515016206545,-0.00159829549208157,-0.002612804219805219,-0.0031265991348127602,-0.045435493543446004,0.0002657142768037131,0.006070844952007954,0.010890003294288995,0.005206917765772034,0.003576316002779674,0.005411881561924629,0.0026747736311760846
2013-04-12,-0.006102541314578688,-0.00818335172338419,-0.0020078088172831637,-0.008030021735264799,0.00033535665494230523,-0.010485567568336083,-0.005023830401717581,-0.00043033579750694536,-0.002581225831347908,-0.008385619315672593,-0.0027371031184099427,0.005445039631055839,0.005133031614690473,-0.0024313165392859672
2013-04-15,-0.02228274574991618,-0.015735314312132424,0.002007808817283195,-0.017349310197241303,-0.017998997304357275,-0.02342204181523811,-0.003479474630811049,-0.010330859468761167,-0.02849520355035037,-0.028499666808622724,-0.009362590765322818,-0.010919890114022212,-0.005384098650907473,-0.024394458405941764
2013-04-16,0.01161597794572102,0.024733330031693018,0.039117846605391936,0.013309988695923898,-0.016244850627447405,0.015105784965289675,0.009712181787985498,0.014524421287531343,0.0013864820245330454,0.0037674502991255927,0.017551526931967196,0.016127692739267865,0.005633817718255844,0.055313637984052186
2013-04-17,-0.03568808623913604,-0.048383080915285995,-0.019914077998648666,-0.013583474271264467,-0.024588523628911823,-0.05656293089738549,-0.005017745626136306,-0.013719085338092353,-0.0061381859294791195,-0.01898081312514595,-0.005725206478039625,-0.003538353155704572,-0.013068796205773938,0.00423929038091535
2013-04-18,-0.0032109628358880007,-0.02247285585205863,-0.014312696161642206,-0.007963793291138254,-0.01432689262076162,-0.027050550327135846,-0.0012149615310381864,-0.021500643785105432,0.006253639373006491,0.006770859200455429,0.001229592340176466,-0.0018783267548958893,0.010193255060758162,-0.010632114331047328
2013-04-19,0.012570741865788682,0.01904819497069463,-0.0013315581195125711,0.011513285072379571,0.0008654262764289014,-0.003885618992895416,0.03330510198126887,0.043379122967405065,0.009536465678130475,0.0026783030395302375,0.014907445062796175,0.01328095885270753,0.01934344254974246,0.013213972354868687
2013-04-22,0.002537535724061499,0.005132603226520216,0.0026613455495140817,0.001089621464385231,0.005750447128437938,0.02063000519970684,0.035155035292705396,0.0003051978564934838,0.0072918176570932755,0.005764200586034772,-0.000807428384601044,-0.0008249123998405629,-0.00036848247054536976,0.0014054816087349464
2013-04-23,0.017169601010042283,0.029426250960573525,0.028601447479268762,0.010831408357412899,0.024217001631163203,0.018539070585357725,-0.007488232939723775,0.009683839938546912,0.013642468760748998,0.0077761553986784885,0.001748604924664853,0.0037067587747293767,0.013907751315941241,-0.0004682744173603918
2013-04-24,0.011353202759512022,0.019688905086922046,0.014105812001068025,0.005639869924587877,0.006902108482746563,-0.0016456564603226935,0.03720762742059997,0.006851148121628853,0.0014547084756364563,0.00678658865385714,0.004157452511417282,-0.012825992955281034,-0.06792037402214557,-0.012964235786714533
2013-04-25,0.0057306747089850745,0.010505147114671237,-0.00021224663138151264,0.008002176603602291,0.005750128420962258,0.007169981603635965,0.005651506407931302,-0.005366917610102945,-0.015324243540721838,0.001942650216080838,0.005605246225235754,0.001248439612838276,-0.007026704253141809,0.004733736650198921
2013-04-26,-0.002451983247286645,-0.0016090108057006626,-0.004041268926675014,0.006355953600698727,-0.004500301845271276,0.021381068620487536,-0.00470736786415507,-0.009537266056844174,-0.0007951383391615173,0.012827675371809028,-0.00373333766953991,-0.0029154539601240195,0.00676733452013521,-0.005920680409727678
2013-04-29,0.0008179959556317626,-0.0032258092488825657,-0.0021335617225100613,0.0,0.006915178652731273,0.03048653900495195,0.025467214878516442,0.021772138775117744,0.0023835207924689226,0.010606662248213961,0.004531528479511228,0.003954631025478638,0.00749454341378586,0.0033198987096702223
2013-04-30,0.0018380481024844698,-0.005670327060087903,-0.0034231954694809046,0.0026364370662620923,0.006593883359717463,0.029007670591364953,0.014914292581789486,0.006704806620053644,0.008803668598095301,0.0056713257668625375,0.0,0.0018678017259545162,-0.011783885143262502,0.0021284151348261327
2013-05-01,-0.020615036378607177,-0.013906154565009897,-0.01707595798420323,-0.013786008368197308,-0.023972327114043433,-0.007912118025211816,-0.011546770648470971,-0.005033518153444355,-0.016770931321031052,-0.014363793264717695,-0.004130860694518452,-0.008119124438504129,0.0028616044501511384,-0.002838894738424865
2013-05-02,0.0014569676841030706,0.004110157861827773,0.014500849265065138,-0.001335648655887788,0.00740537127395186,0.014082355229379442,0.013357818532547952,0.011127142274759498,0.01271732820256681,0.014609644525943608,-0.001469900712308013,-0.012832825734350725,0.009951616862225683,-0.005940376266310943
2013-05-03,-0.010663979782762017,0.0040933335910000096,0.009196942164758037,0.008782491580349452,0.011763213415605893,0.009960333578872027,0.00990255653901907,0.01923273125333713,0.01556146711448006,0.011811321281262045,-0.0041541098264135075,0.0006349878507361432,0.0055146019842388224,0.0066508558699095895
2013-05-06,0.012741686742535192,0.050966443592027566,0.01079946970256343,0.004230572147976516,0.020965984771535284,0.023564792950496773,0.007733530512425544,0.018544720509947342,0.006201570263281107,-0.0019453682069315381,-0.021307720707941624,-0.010636135154894135,-0.005643211077079134,-0.003795070968551721
2013-05-07,0.019729369906307827,0.00155159069141885,0.01318148596989508,0.013106347505300583,0.005843452836614409,-0.0044632971935913285,-0.013122765112950465,-0.005026924873707948,0.006273062996604298,-0.0017053071654655916,0.010914160180678333,0.010847708201277373,0.0024407488512195956,0.014626351805124505
2013-05-08,0.012538081337890975,0.009259325412796726,0.024231165005924135,0.0013012363579719556,0.006275472894631416,0.011235058646289557,-0.00965316696509819,0.01895068506281983,0.006015878137747072,0.002597404057685471,-0.01077699537695208,-0.007218714998818826,0.006394701417582256,-0.005636463959468906
2013-05-09,-0.01457515680296801,-0.008484431921871996,-0.014097689810838223,-0.014671470921143613,-0.01151284469986411,-0.015359696591817972,-0.01005339769817112,-0.002464086703204836,-0.007333256745221806,0.0022672074488961926,-0.011865481372807836,-0.015244524960091665,-0.002936484714625486,-0.008039769009335354
2013-05-10,-0.0016326534238853348,0.00848443192187191,0.0030816665374081144,0.0036880969096588934,0.0037629395295422892,-0.00835475344773291,0.000918133193800271,0.009990378859162942,-0.00982510525469517,-0.003321589313883714,0.0018026767691115774,-0.0025996548436317615,0.0070077371574048,0.0007119971820897821
2013-05-13,0.014397490915188556,-0.0030769255044791975,0.003481113375115517,0.004460193672361297,0.003548358424635231,0.0039005946609953317,0.01034701866657921,-0.0030719804316656375,-0.0004438526482101093,-0.0030884289828437255,-0.0056964377726621196,-0.005655877596118699,-0.002160788892841251,0.0009485416883827491
2013-05-14,0.011211328642694146,0.02735732921153371,0.02363507655055377,0.014553271410035758,0.03215795760275271,-0.02421687651545921,0.015024321075438813,0.010846605661312287,0.011147403111474812,0.017349638335113014,0.004310051858101975,0.009120584396808856,0.011135127074004372,0.007791327337500041
2013-05-15,0.016976325580753442,0.0074682946075257444,0.024648788073469024,0.013835731852650008,0.00702933923333792,-0.03440226256776479,0.009350717482433707,0.03193834381912725,0.0014258296904202119,-0.016048084421607413,0.002217295808647531,0.008609609789990758,0.015111121133923178,0.009363364288750552
2013-05-16,-0.0023515589907563204,-0.005970166986503796,-0.014320990217007827,-0.0010183300269005545,-0.007352974305258918,0.013268486393133085,0.006919424000544102,-0.013210704585844649,-0.005936040295096309,-0.002034423129158219,-0.015063046311095516,-0.007745305501095462,-0.005967198213542236,0.003953033865248853
2013-05-17,0.02575914671892689,0.005225842426646483,0.01646127705407215,0.015668756245322654,0.023733722365111527,-0.0030376698975512276,0.02291615872644488,0.005857648977927741,0.011619115700024352,0.005361943141385373,0.006443501772652466,0.006458580039411949,-0.0022469114433799355,-0.002788753840842971
2013-05-20,-0.00019122287083792733,0.0059391414369611975,0.002911210207458313,0.00799205053133787,0.004541448451399193,0.022074893405885327,0.0060043068164224835,-0.0007151306264483327,0.00824836454212302,0.010959013789719382,-0.004057368280339989,-0.004301081899390697,-0.01169015889776305,-0.013825644946750659
2013-05-21,0.013864052660840284,-0.005194816877104023,0.0011621151801772967,0.011869575555383729,0.011450865038379252,-0.007410954557418089,-0.006578030297449363,-0.0017185791882826477,0.0030218024289164476,0.009253416377956321,0.0008408072244225596,0.0008616975974811416,-0.00367344766749245,-0.0009442871334339255
2013-05-22,0.011439412133954243,-0.00971970268798313,-0.012858154943368555,-0.014360236867835698,-0.008685654628829524,0.003845577960003897,-0.006910479559280072,-0.01953986410766302,-0.006594974981651852,-0.008052022616858744,-0.01695195277203912,-0.014750809758148253,0.0002537749030241488,-0.002127911903536299
2013-05-23,-0.005234635247071442,-0.007541513872786237,-0.009258413420508505,-0.0022469114433799355,-0.012186417585489967,0.0017795276668180376,-0.013380071630453863,-0.007482184388789541,-0.004348305579503245,0.0037550477550823786,-0.006145071141605823,-0.005258557253466827,-0.0015236163434999754,-0.007602792620511544
2013-05-24,0.005793867249715647,0.002268431974628044,-0.0001979218215268152,0.005732102922340194,0.008287777169832538,0.0067847361300300375,0.0034785694031205976,-0.010785225732959855,-0.0028365718343116506,0.0003986446136109849,-0.012694919481249005,-0.007054702979890038,0.039611605369731094,0.007366078215334876
2013-05-28,0.01736603775338146,0.008273834337396398,0.02482778295350958,0.0069341535889987874,0.012397629206904218,-0.008370786824761903,0.02167817143778622,0.009061837245087214,0.009243717605771244,0.007781522511375085,-0.01654140035966497,-0.0068820340443447574,-0.012535496580463925,0.007312215621377095
2013-05-29,0.00128123015604854,0.00969072063790255,0.009416808320221216,0.005660160306388944,0.013413063842002694,0.007920949214842217,-0.004005727816926963,-0.014815072249707639,-0.0032527405888321302,-0.007462721201589712,-0.008895536790563579,-0.014133718170937183,-0.024538036360796205,-0.027398974188114388
2013-05-30,0.017227735898910905,0.02563304019250574,0.01875943217288658,0.012195273093818206,0.009045963524758924,0.014791533589830748,0.0042912381686166035,0.002817542120496064,0.00010859531964843,-0.0030327237929081265,0.00237989105337508,-0.0029415113414476965,0.002405216679497264,-0.015334364000106576
2013-05-31,-0.018692133012152407,-0.012368291534022803,-0.024321928533283427,-0.017115332219268174,-0.013908259609855053,-0.0040944704264115565,-0.0037180080010140665,0.0005257724985202163,-0.017748055695625473,-0.01904358365467863,-0.005661516910070872,-0.00522550320033026,-0.02990277339182665,-0.019317093972435105
2013-06-03,-0.001833517198659283,-0.008085306816934085,-0.0005772005932255986,0.004429141098899233,0.009089854996068215,0.002187563792012421,0.01957787031372007,-0.004126889963135349,0.010883414192258807,0.01085734211189827,0.004025950416553057,0.004318679288720777,0.011656653164021986,0.02029772655898724
2013-06-04,-0.008292685503008972,-0.014121379217210385,-0.014148893851287998,-0.007145527508050489,-0.011560822401075971,-0.003132789809541548,-0.017002393142504676,-0.009879876030507061,-0.007352570846243191,-0.009148009556187884,-0.0007443245598572204,-0.003180375238660323,-0.0037412157421580915,0.014836706549723714
2013-06-05,-0.01886672194295947,-0.020416588186691113,-0.023702472450997148,-0.01545009551622039,-0.021127106208399072,-0.009391636341846421,-0.006019797453459758,0.0006981614552304411,-0.012635947332523918,-0.011368870662637818,-0.00507615303186066,-0.005933381167841641,-0.00921904860895421,-0.018765019973618544
2013-06-06,0.008823862752922176,0.00836824967051658,0.01586390595869748,0.022350073606217043,0.008679845676187358,-0.015052865270027917,0.00516204186119763,0.005729581732131448,0.006448765955267403,-0.008093866452201276,0.010274827941098111,0.016795673984472535,0.0020849629653495547,0.00343811733564744
2013-06-07,0.014289934173352545,0.013544225107757253,0.01503494102870599,0.012931740538422724,0.03887621494283065,0.007613380085240778,0.020105448583465364,0.017301932586514246,0.013430408830465469,0.009162637877980348,0.002810860642032134,0.0002250478236121911,0.012033528141584848,0.015085444228008792
2013-06-10,0.0016570012076293867,-0.00599701947237429,0.006374985368710494,0.000484730983800505,0.008875620484394291,-0.006633610492056682,-0.00562273058526978,0.011853479044364105,-0.0036150556979479783,0.008101848809610032,0.002950289793039471,-0.0009004953332502063,0.00410730907285591,-0.00556969595783239
2013-06-11,-0.016133868739784146,-0.013626251711765222,-0.03887415276166495,-0.014891035564290039,-0.02527341290172687,-0.0029437929713842983,-0.017921116801228293,-0.011762637031960241,-0.007269555089229753,-0.010158193354909946,-0.010066702331681285,-0.0031581348152754387,0.0006402458762787301,-0.009515748270176354
2013-06-12,-0.005812334728284989,-0.004583659667657928,-0.010262691945127274,-0.009638033336837574,-0.00891847102109598,-0.012439036382460461,0.004581909505111544,-0.008939452935357778,-0.007991163501859752,-0.012260943921344828,-0.00926762985934338,-0.0077115374216282714,-0.0066786788193052135,-0.009854723754145577
2013-06-13,0.018444863854933716,0.011419994685949059,0.01704643703443815,0.016500805369780554,0.024171098620516696,0.00869689191201292,-0.008176191284176843,0.005740481592656653,0.017562720155750333,0.013988557365722663,0.013425022632783909,0.016484510121232705,0.010639080035402228,0.0004950495150606785
2013-06-14,-0.019385509206955576,-0.010654590898103453,-0.02150620522096362,-0.01923610484966974,-0.017643579907860855,-0.01366048705484973,-0.009115305825884212,-0.002237438440250975,-0.008245882575519739,-0.011407910772230953,0.0022200852750645845,-0.0035898625045575226,-0.005113139095905368,-0.0017337465643163905
2013-06-17,0.013460663139545692,0.010654590898103408,0.0028403346342226123,0.011142866314732821,0.00727765191132482,0.0045229508878964,0.017291497110061043,0.01272946755327546,0.010214817799219017,0.007784718402810577,0.00014783058641752343,0.0006740815893937138,0.011848026996556286,0.00839303865429344
2013-06-18,0.004816608052246226,0.004531729809882099,0.013082605833680016,0.00564765159825844,0.00024370925606511954,-0.0005316235063893158,-0.0005715918989577644,0.01608437136822057,0.004579161948376538,0.002471781764378346,0.008536996210535188,0.005152918313520303,0.0010126583143864074,0.006126719323952399
2013-06-19,-0.010403214760886152,-0.0060468816148929495,-0.009644438830665958,-0.004417185096264391,-0.01590405325238958,-0.02052157883538512,-0.011211846641378465,6.655200498139866e-05,-0.01016791135881332,-0.008429105356807666,-0.022379592776840988,-0.026722604591513648,-0.01825776857356499,-0.012786011413929446
2013-06-20,-0.020183652257924213,-0.02300714977812714,-0.03346304218327678,-0.01411788154578482,-0.03880980476769159,-0.014674779312947795,-0.032317736142964154,-0.017856060575790117,-0.02166149678117942,-0.021388947077025572,-0.024580208835967832,-0.02533546319566745,-0.03088038123706232,-0.03218784286806104
2013-06-21,-0.009957952833434681,-0.015637535224799857,-0.021737692482254847,0.021469054076836615,-0.007492123142023345,-0.008039186911842763,-0.00674109361226245,-0.004315637285661197,0.004817126886258197,0.008274278885469857,0.0073462222019787795,0.014489620176018915,0.028558398769647185,0.015971945566051967
2013-06-24,-0.020218418113192995,-0.03121501934792441,-0.03098503752171887,-0.02872906844086044,-0.0227528420019414,-0.02686280840738809,0.013437048992694428,-0.0127264323098055,-0.01123859884790415,-0.017900796126990807,-0.0018315023434678423,-0.0037192046590671783,-0.011038356349483806,-0.005801504479779113
2013-06-25,0.02252522421110789,0.02963773195467583,0.03375482729716271,0.012484556662245277,0.015008180598219241,0.00022256186181409594,-0.0013356090135621728,-0.004135985906626193,0.007095023850603716,0.005378422492758606,0.010032003879789074,0.0143355056141249,0.0014353757276194662,0.004794961868377741
2013-06-26,0.008032171697264253,0.007078283583596073,0.01289522149636881,0.017708283691597333,-0.009188828108985617,-0.011389668662242232,0.01999478549537532,0.008563951830536778,0.0077134136835254295,0.0059422925279949725,0.02228462814976309,0.010731921702902783,0.009215458818913601,0.015240769708304926
2013-06-27,0.012304935190378874,0.019403014607770157,0.013974573022903294,0.013078413586792096,0.012124538212320556,-0.010836261560783001,0.0078295310797048,0.003906946404269857,0.0026690407303775715,0.004728540432525748,-0.0013320508148848623,-0.0006815858494012844,0.0034823018358744904,-0.001737188673631407
2013-06-28,-0.006796325952432046,-0.011596573714940647,-0.006441580715358222,-0.007002322466536141,-0.014831614574159211,0.006960089672985369,-0.0021687278073048537,0.003755580678668009,0.0034370009997057647,-0.0031217068168945218,-0.00029625240921743435,0.002950189363194656,-0.008793539141597908,-0.0037327404296839083
2013-07-01,-0.005699103571316404,0.0054284739742928865,0.005820012271022444,0.0021783864356830973,0.0033003330286566998,0.03150025447354123,-0.005369724824703694,0.008494201019200773,-0.0005535566152977091,0.0062336988990275505,-0.009825894151291172,-0.007277721455648778,0.013289660788552298,0.008688151957638043
2013-07-02,0.005888515448007334,-0.0023228814161396385,-0.0020746895408603554,-0.003390654737860711,-0.005484534843497964,0.02240036288877659,-0.012298837309974407,-0.006292938632942274,0.0037581562968112595,0.0005876673971755318,0.005073880456953863,-0.004575619971132024,0.005368797249635036,-0.0022268968747500887
2013-07-03,-0.0005683432946392234,-0.005441132740081448,-0.010018869027400193,0.0,-0.0032520353863772318,0.005504674512574215,0.0020603392130238668,0.004658556295570921,0.0005514807397255357,-0.0005876673971755156,0.003121054773978807,-0.004827040748315868,0.0016559458595845418,0.0029680951792204107
2013-07-05,0.022855996812619052,0.01776794522074007,0.01787989420039059,0.020411322140116487,0.018507460122715834,-0.008063805537206205,0.005863399970409402,0.007932915591239355,0.009656609660164385,0.011937200891725052,-0.0017822669206112457,-0.006008800145348862,-0.0029316189500448266,0.0007406493364129792
2013-07-08,0.01306486519773997,0.016705020200002765,0.020194464959215855,0.01790389402485014,0.003712754631270682,-0.005694398868492307,0.003355952664521393,0.012899244963800538,0.007398575800995928,0.006039315150301795,0.006814841189297934,0.01632407785718166,0.0053469255332395955,0.000493461643371353
2013-07-09,0.0034674731338623847,0.018650298134408782,0.013837581670273408,-0.003039871392700614,0.020145492235608308,0.017436086241754977,0.0007280670143235832,0.00016577083864047576,0.011746457601033041,0.016605019373825743,0.0063286692942478755,0.006138475567109521,0.01023188361851854,0.007127964307630478
2013-07-10,-0.001093693145840768,-0.011896051068844875,-0.01161872044726463,-0.014864022632149393,-0.007097897241803898,-0.003844245720837194,0.010137668284455222,0.0008282217115833146,-0.005586606708639935,-0.0030060549914389103,0.006288868990169818,0.002490097494933563,0.0028863670663197456,-0.0036805341511251207
2013-07-11,0.005637916179693594,0.0104167608582558,0.008227195999360974,-0.004287762643485977,0.011992234041943307,0.015467685156805444,0.02799074547021718,0.015606182683161432,0.0048363789257423635,0.007053987979941721,0.018918897728534497,0.016369913705200412,0.012082104998441945,0.008566935273735645
2013-07-12,-0.0030878237230816956,0.019788113613404906,0.015270500006930187,0.017511095818175514,0.015103175514496888,-0.0018233847522636669,-0.00042043305223051056,0.002994772338596455,0.0013928324960249272,0.0023403149930404763,0.003570157308705482,0.0006670372676453889,0.009610719612817883,0.0
2013-07-15,-0.0014563993107710748,0.007230689493145981,0.01948999522105631,0.01674847244943191,0.017889121792799154,0.0021788197584912553,0.013920046593206477,0.001829214471420343,-0.0016072867108720265,0.004985135354164962,0.012184905645532313,0.012370380852886243,-0.0004906169606567536,-0.00048756705012689445
2013-07-16,0.002183804325568915,0.002877699827614974,0.000385951374918096,-0.0076415793869668725,-0.017077509449199443,0.006425137514145135,0.0027609073308043695,-0.00551096537921734,0.0005360493293730862,-0.004501615318956941,-0.007349856408218205,-0.00660795356003213,-0.00664699640834319,-0.019202953442271107
2013-07-17,0.004715278957804923,0.027631938662085884,-0.0007720517658150526,0.011325672893004677,0.007832451305148355,0.0002668202525891595,-0.014720443563529043,-0.0011510894608714845,0.0017134294189819828,0.001851330669234186,0.003116149830365179,0.00022097005945619227,-0.010927713362432073,0.01504900733476821
2013-07-18,0.019706836248311856,0.03096222560396689,0.01722860378539431,0.02047387257142212,0.01572707191189254,0.0033600648733723344,-0.008429383994401959,-0.00860490868905149,0.009795649025961351,0.008966515922194723,0.006203318919712207,0.007922576650850652,0.0026186186171249393,-0.0007348438787505547
2013-07-19,-0.0037323423759279325,-0.0006777363864975816,-0.0064737469046484575,0.0009002926559027282,0.00182692944060522,-0.015894205506351056,-0.12103323282267248,-0.01558388214697423,0.008335579786010629,0.011411487650464722,-0.0038020182390359845,-0.0013160782772604336,0.013237033755850048,0.006837633477604189
2013-07-22,0.007097261870761685,0.011459511989786,0.012339976235575876,0.004041316681264967,0.011433535520754334,0.003195503033701788,0.019240461067564055,0.01560582157966073,-0.003578951188616025,0.0009451052132964733,-0.0015531242091321733,-0.0010980565504309628,-0.001845132450414266,-0.006102789598853615
2013-07-23,0.0019429485932106402,0.0013395849290563455,-0.002266718008690921,-0.0013452916827141695,6.014856697854797e-05,-0.01731949739300614,-0.005953331072130757,-0.007605327900639529,0.0038941269016836825,0.0018089587692768465,0.0076013879525189355,0.002414134827691387,-0.003329842134507584,0.0029339874347875704
2013-07-24,-0.0007060900558142235,-0.015514645091324953,-0.01313428988810911,-0.005850601747066294,-0.007364959339945665,0.05008474290600135,0.0043900979884331824,-0.0009961810201591294,-0.0022083188952286546,-0.007018126034056681,-0.01142386022198931,-0.012795233024807047,-0.008435727980158687,-0.0024443913417763457
2013-07-25,-0.002298241973318361,0.008124621536494583,0.008965248412841534,-0.015007102925786973,0.005257603892267607,-0.004572657914537933,-0.017995750044211688,-0.016977955344620675,-0.0002105706472299115,0.010939392136167628,0.0014174346809733152,0.002217787557954759,0.001742594416572171,-0.0004895960930111225
2013-07-26,-0.007996488634226378,-0.0067659256753017805,-0.008582106645702303,-0.0032124855530224596,-0.003925481382225773,0.005662166028447748,0.007300460927463691,-0.002650857141753135,-0.001897133789910816,-0.0015666617649000966,0.0026876032869016823,0.004420873689993455,-0.0002487562201881755,-0.004909190026238408
2013-07-29,-0.006443551916591713,-0.014359221077888876,-0.010977481444019308,-0.005993563354700379,-0.012727389170059257,0.015301743643787166,-0.0025332502464336646,-0.003485051122325141,-0.008050038175964724,-0.010956638202207056,0.006055930063533781,0.0013224599679191949,-0.0037387880042785387,-0.008897735419864891
2013-07-30,-0.006485340691558886,0.0,0.002707408344949782,0.00023118714702443594,-0.0045454623716744995,0.012273924417119572,0.009780800483280172,0.00975667404007225,-0.002342420151125879,-0.0030958548242926093,0.0037839019291287224,0.00044043163011026743,0.004360562568860367,0.000992555912751643
2013-07-31,0.007203344671426597,0.00549451931764078,0.00692843418196414,0.005532517569725698,0.009802198193089922,-0.0017433373553010381,-0.0003140210419901343,-0.0035644982993009574,-0.0006397952873394624,0.0008741606628106195,-0.006877702737444942,-0.012851938473453213,-0.0017419439517353185,-0.005970166986503908
2013-08-01,0.014429750683999229,0.023689771122404665,0.013714500670787482,0.017320396528265197,0.020874310065984406,0.009120333608872837,-0.0053535004256337415,0.018382443430597185,-0.010939620038385564,0.004359377569249139,0.0071574230189891735,-0.010987889448370664,0.016549716988928077,0.012151420441746524
2013-08-02,-0.0008847209282734752,-0.0073850620974610605,0.0026450043759787575,0.005183110195046881,0.0007758646803812516,0.012758661152397762,0.006922620471417882,0.002595608829823702,-0.008447093761804539,-0.011854230066455567,0.003350554579425867,-0.00022550456742299765,-0.004296330183163072,-0.00866449287384993
2013-08-05,-0.006927818808520078,-0.0026990569691649467,-0.0024558433047629983,-0.0033772406297849335,0.004167416878584845,0.0148281275058949,-0.0059758001387313795,-0.0017333366495871905,-0.003922855635433904,-0.007712740089210726,-0.005310241656754416,-0.006107925334269855,0.0013522652500137541,0.0017389148587498087
2013-08-06,-0.010932988190840749,-0.010869672236903879,-0.026642687519432964,-0.00701598442050297,-0.02125567866190105,-0.008986912720059121,-0.003792672055738919,-0.009358538847731546,-0.0013110457466230722,-0.006878997708686561,-0.003509021777326911,-0.006830627651091541,0.004168205127636433,0.0019836356615934476
2013-08-07,-0.003429915809520836,-0.007542030950974057,0.00038842494176462696,-0.017411665530869046,-0.008104117717224408,-0.0005809324882056111,0.015178708523809136,-0.00662492769639452,-0.001422241911420132,0.0015417700948326468,-0.0009847366625396039,0.008417749625786348,0.0026878452345676365,-0.0054644944720787375
2013-08-08,-0.00853541911233197,0.005490748180416591,0.005422166653701141,-0.001156203158053548,-0.003739009535441472,-0.008574023244500706,0.025465942849660462,0.002254224991729405,0.0048056012098346215,-0.0021103903936514922,0.0025302234471529673,-0.002268088974111155,0.002558948572397553,0.0012445552322047017
2013-08-09,-0.005669882587625124,-0.011011811204166925,-0.008923434575955862,0.000231347600800556,-0.004369641072800377,-0.014331193687327477,-0.00579358229775781,-0.0025236825613651134,-0.011616568987245503,-0.004642269199463524,-0.006478895902569199,-0.003867596676356634,-0.006470934001452427,-0.0009955202415018161
2013-08-12,-0.007918280944996274,-0.002772004547010378,-0.008217616190958605,-0.0006942034294756839,-0.0027175608102545778,0.028010670423148722,0.005185309772920175,-0.005518167837465739,-0.009191139394134035,-0.005730674708985095,0.0,-0.007091417113362746,-0.00024500796398440244,-0.008251078189920834
2013-08-13,0.003690722034023974,0.00691565688466565,0.016947907357333092,0.0027739268827252244,0.012415648114527125,0.046428306610609475,-0.01966269184878163,-0.004822554303129562,-0.005466018405839447,0.0057306747089850745,0.0007062645960643829,0.005037794029957081,0.0004899559137700884,-0.004529449112695882
2013-08-14,-0.0025820744703600965,0.006183461818194362,-0.0034829756572514357,-0.00509142502308771,-0.0022626519361206216,0.01807595228431473,0.003716325119563225,-0.013066511937560227,-0.005046268067624384,-0.003680233145812644,-0.02574512901390024,-0.003890610240041893,-0.00503346468158275,-0.003031070772262734
2013-08-15,-0.016009277138308756,-0.019364367181791117,-0.01425109526258506,-0.0025554666015118843,-0.01598355481240087,-0.00118445386715129,-0.01746224602419836,-0.011737892993932594,-0.008921068707239884,-0.014857887853098516,-0.016213018544157364,-0.016414655920703864,-0.009522114858417762,-0.01119319750373066
2013-08-16,0.0,0.0069589703243035225,-0.010078140829402287,-0.005598335125420975,-0.0005600323720623736,0.00883894416839276,0.00031451486341992015,-0.003206223648566485,-0.002839781541517141,-0.003081666537408112,-0.01274468939801245,-0.011959340569425532,-0.0072328535792000595,-0.001023803519168615
2013-08-19,-0.027779564107075706,-0.018901507767556378,-0.020466203918924522,-0.006100441256049029,-0.012715884325302561,0.010711447735441932,-0.012881351660801066,0.010149943257211136,-0.011325408474858283,-0.010228981617965212,-0.010796326190222942,-0.008053098945588838,-0.0038873959544710878,-0.006938226471189135
2013-08-20,0.00557962005502923,0.009845367852529301,0.011889308815525496,0.0023507298084019753,0.005845580616841967,-0.013222911089188483,0.0072048936559960045,-0.0002656969858099813,-0.0010359713156751719,-0.003123024272851625,0.006911085200080175,0.004744967384225954,-0.0007541478487141875,-0.00335787478107481
2013-08-21,-0.009445853365086498,0.0034928432296983903,-0.015341439363338212,-0.005414963201916553,-0.015473830077699834,0.002569988927348709,-0.0003163055537996449,0.0045079653196799865,-0.004733053568766598,-0.0050002222914144485,-0.014781566269516868,-0.013822908368820764,-0.0018878616141246604,-0.009619208448677405
2013-08-22,0.011171148530903138,0.015911785035639288,0.015141098783683905,0.002828856200477623,0.014533302686049205,0.0011948447636104486,0.02437620695571171,0.005025735264338652,0.006459076665705277,0.005000222291414448,0.001973435175557089,0.006220115748309135,0.004901046568118886,0.0007833921278040774
2013-08-23,0.002104659726482145,0.0,-0.0016041711882045981,0.006569709223161041,-0.004778981616350692,-0.0038654235387341972,0.0703298388275631,-0.004014065369253305,0.006189131504178663,0.010428149332244013,0.006198523134631472,0.0071293077631809235,0.0030041329389945705,0.005466628217367243
2013-08-26,-0.00998855788350592,-0.00550586387452248,-0.004626378562431369,-0.008690600792298624,-0.004738596767608175,0.003884908007525507,-0.017416985994002116,-0.0043993852138166575,-0.004925271969022801,-0.005789335295482695,-0.008475909680309873,-0.00784504201776008,-0.01854357771216896,-0.010438508143923633
2013-08-27,-0.023438572972017468,-0.026574990467868414,-0.02780228131195184,-0.0306610844547588,-0.03002186067151166,-0.029007062276201256,-0.02640711225201753,-0.018922301879970464,-0.0031050568332007984,-0.00025247212421090854,0.0009115770913833354,-0.005264429482980545,-0.007283911828355025,0.0007866789444647165
2013-08-28,-0.0003953350516008798,0.0007084662003734174,0.0014500261473852493,0.0033997118709030694,-0.001698236854910727,0.004708198145417634,-0.007242035272799471,-0.0018837939354348226,0.022999989154779257,0.024936875241671427,0.003032602779044422,-0.0009601536983433704,-0.014468667336903765,0.005228770082799276
2013-08-29,0.002369669355318383,0.0035348216374930293,0.0033064712909692557,0.0,0.004305290407394643,0.0016370941465952606,0.01592342492570877,0.008075162131989607,-0.017830237851006812,-0.01189212132022407,-0.005922118894887773,-0.0048146457955405625,0.00596784334777873,-0.0065402456806098784
2013-08-30,-0.003358691293320307,-0.003534821637493106,-0.002892564000291887,-0.0041297277203325815,-0.009811695667531244,-0.009161635821864238,-0.0044809634350359805,-0.010021725486632986,-0.0012612510988008173,0.0004983388807450495,-0.0009142161234033244,0.004334223014260822,0.007474261599473699,0.0020975361649463306
2013-09-03,0.011804189788090664,0.009164674649563593,0.021290466413778724,0.007517920700283629,0.01714011135727481,0.002796285591061583,-0.04657704606064042,0.015791669375590366,-0.00011473811038907628,0.000995933354791374,-0.009804000096620856,-0.01281603807016981,-0.0017990238725136233,-0.007360706209220969
2013-09-04,0.01436917927140096,0.004900254817839951,0.004647881460110352,0.0026541214760114787,0.006312420316528,0.020483052159266456,-0.021721028359264587,0.01299539671760875,0.0069750440009448845,0.002568246306232528,-0.004165065797528429,-0.0048792485187674995,-0.003349655283484747,0.01674555089783964
2013-09-05,0.004616280557814382,0.0034855385584340332,0.00522824436452992,0.007681266763834963,0.0027572073509142593,-0.006883402074573928,0.0012814353827835993,0.00905225580141106,-0.00468277938690936,0.004210880184857734,0.0016989733023348341,-0.0034296946896792157,-0.004526942995776957,-0.007814574803019716
2013-09-06,0.00859850525523177,-0.000696136470855392,-0.012919033132502028,-0.009369437911177142,0.0031326944393381046,0.0059382814873119695,-0.00266081231568935,2.2715667087347416e-05,-0.0011454754975289787,-0.0013191526358495148,0.009980888997679915,0.009038781460037858,0.0001296260290882319,0.002872439630064626
2013-09-09,0.005691534999788055,0.008321823337492278,0.017521342406615816,0.0069753740432611615,0.017903372395570348,0.015830656052034778,0.016017665366246034,0.00958794767820147,0.009013695575724338,0.008298120984348926,0.0018317819196189058,0.0026715255718989654,0.013006428925357446,0.004423059116659714
2013-09-10,0.015207277012594491,0.00893783880503777,0.01976739597318108,0.017346282624784666,0.03481237465461962,-0.023041781725574875,0.02295361918714802,0.0006933931028247278,-0.0025019915246896358,0.0064429534139241705,0.0057786048877956605,0.00435625083866719,-0.0026904122307417123,0.0028515897482650292
2013-09-11,-0.007668605802951395,0.002734109700468165,-0.0070713317641080626,0.0011771631730148311,-0.00048455482474421823,-0.05598268131358129,0.010747838759750977,0.008426570902844573,0.011547733892655492,0.007370543227919469,-0.009751715248757882,-0.00946264491324123,0.004096792312961237,0.003875473136315783
2013-09-12,-0.019337095417610434,-0.011671948505505979,-0.009307919463152507,-0.005663063742460542,-0.010413906117459093,0.010592412575679553,-0.0015283512068697813,-0.0034942799637198846,-0.009727483105652935,-0.00024212098096570327,-0.005219539022126169,-0.006358544289710615,-0.0001277710344802336,-0.008806065712414114
2013-09-13,0.006677502633077192,0.0006903693750206325,0.0045657647553783,-0.0016577860516633536,0.003971289777119306,-0.01661810974757666,0.01034701866657921,-0.004484528630487194,0.004762453723024011,0.002015885857859078,0.008887585317269265,0.0048947723767284275,0.010043946873214409,0.006482584610329832
2013-09-16,0.010403952730414579,0.002756721249600506,0.010050335853501506,0.016455472392541817,0.01830700917765787,-0.032307712866090625,-0.006957236672465877,-0.001472165414654599,0.0030496437483178845,-0.0004834421172233073,0.0072959739967712505,-0.0004884004981089855,0.01394407368107353,0.004384275236872505
2013-09-17,-0.0009413537360872519,0.0013755160353100982,0.003913899321136316,-0.0009330534850002308,0.002332188230054128,0.011485386219924086,0.00392509365804042,-0.0018602833409188258,0.003040371690634738,0.0020932299729081996,0.002420209924351449,0.005116346889935279,-0.004125263678847119,-0.0018029624974182808
2013-09-18,0.006009407756098636,0.011276388067934537,0.01953451537699894,0.010677910182746627,0.003815433268161867,0.020349424388055686,0.011773720910368966,0.019235755559219775,0.007170095696603576,0.011832565300691981,0.028447819024635147,0.03533430365404015,0.005807978855746833,0.020414079666163567
2013-09-19,-0.012434221995502972,-0.007161155922828064,-0.00499232987722456,-0.008114105025926072,-0.001667461081923623,0.016265817604850005,0.009558017806105362,-0.005472669840007311,-0.003354582146153174,-0.003024757539785879,-0.002499449952255984,-0.007771144724886858,-0.0021818417158368086,-0.007097621684270362
2013-09-20,0.000947418356039811,-0.011704092297927913,-0.014346892070777545,-0.0025638051568204006,0.011673169020656887,-0.010407992395724257,-0.025561747610442515,0.00524017813958848,-0.006968669316093427,-0.004154024187219837,-0.008426393269139411,-0.012369329923812464,-0.009153095060595496,0.002286876870119093
2013-09-23,-0.025706383858617576,-0.020994472996253385,-0.03254901344197648,-0.012682180311812721,-0.026867287707009857,0.048504292640203596,-0.0015565155513159123,-0.018563448898611445,-0.010316966970932267,0.004791576009899263,0.005477843292741031,0.00929131163004868,-0.0013865257152894188,-0.019736639625698146
2013-09-24,-0.02240219446141309,-0.003542334557837915,-0.012382173828411846,-0.013803170128514968,-0.01389334394389822,-0.003143695055900254,-0.008743057457557026,0.0003835248413143178,-0.004454350349380309,-0.008239717031082613,-0.0005907547062960653,-0.002136499329014181,-0.008359770028018233,-0.0025920180401237756
2013-09-25,0.02705516912219834,0.003542334557838005,0.006108754488321191,0.0019152507650125317,-0.0040580478709181765,-0.015599477738381558,0.0015394091710003177,-0.010895356144157493,-0.0025214913072988472,-0.0033794689389144033,-0.006372752208392584,-0.008591938296882713,-0.011513495484474947,-0.005204279245602529
2013-09-26,0.0036683118652647787,-0.004252309738530391,-0.006721687391359605,-0.004795022373623779,-0.00012322858918863844,0.009692675800178978,0.00811953905429121,0.0010710493675804775,-0.0008036278487718821,-0.004685741325049163,0.005781648304673475,-0.004564572489909484,0.004237022452201625,0.010639778586386246
2013-09-27,0.006722391588527343,-0.012866510593250299,-0.0008178287104779809,-0.00048076924002949875,-0.015148982821940072,-0.007162078264178374,0.015142627319662047,-0.0020290221481908885,-0.0019543605691777705,-0.0069069465661723145,-0.0111483874826143,-0.0072499109238536195,-0.010820664640716762,-0.00881519838516871
2013-09-30,-0.010584145760227743,-0.00722024797348702,-0.007802914333429077,-0.006513109503382562,-0.010312611044877839,-0.012506063208802619,0.00030052592262251967,-0.0005477601604281503,-0.009945727871817097,-0.009338971782955495,-0.0017953326186743745,-0.001213445119165201,-0.021204983016638958,-0.013634191275803573
2013-10-01,0.005209852594450999,0.007220247973487097,0.0018535686493230564,0.004105790093338684,0.004980937759259012,0.023240795386146495,0.008974035696386749,0.012586038797311034,-0.0004650081460215874,-0.001482579960222836,0.0073107375220059275,0.002425419573663962,0.007512391179024541,0.001846235523761386
2013-10-02,0.0024987999547014493,0.011445046245872878,0.002260816912003161,-0.0055589267016708434,-0.0020776284742333607,0.0032740051129288225,0.010074159274307572,0.001111005540420776,0.0009298001599665274,-0.004047083781163507,-0.00029735355556584353,0.0012105073503336442,-0.0030245272579673198,-0.013796981925301405
2013-10-03,-0.002883785522497855,-0.004276556767260305,-0.006384534095865329,-0.006321440938797966,-0.011536639109311048,-0.012642295180782118,-0.001770434218713114,-0.013491770159133998,-0.0067607204707596825,-0.021583571667174402,-0.0137747349444839,-0.01880626924071317,-0.0011860052783760936,-0.007239607970699923
2013-10-04,0.013956827260695553,0.0035650661644961446,0.015173553370447016,0.007290433262679274,-0.0019144868642722997,-0.0007865991726916933,0.0005904930788644295,-0.004277945973410248,0.009544945007164702,-0.0010153144116138598,0.0015064781396853986,0.0024624489172728084,0.002370605614336222,0.0010758473334633318
2013-10-07,-0.016076901293682895,-0.01722942835855403,-0.019729369906307793,-0.01660194381474844,-0.014800784986917526,0.009724433022056545,-0.01726747279745572,-0.007606075012240529,-0.004877491959669344,-0.0022033907219504425,-0.0013557281582434885,-0.004189778156130724,-0.004879023326737627,-0.004040409537005086
2013-10-08,-0.018695773366941556,-0.008727328120843335,-0.010641727969990933,-0.009399030360754698,-0.007809997394075592,-0.01406109559758554,-0.008746851121296445,-0.014040081441329727,-0.004550500822345762,-0.009718746573906157,0.012880214010197425,0.012760909359897979,0.008948605576014014,0.006188638075294577
2013-10-09,-0.002361740912776891,0.010897310889166048,0.0058565321127129685,0.0029776696939243126,0.009041006004614027,0.011675882779211602,0.001815981128599834,0.002562120997468901,-0.0041014881425852755,-0.005153322406905559,0.0046024875246751815,0.006319904360522698,0.008089814474509316,-0.005379249119736084
2013-10-10,0.034282431512698774,0.027789461912237447,0.0271565752264245,0.026407402465819418,0.022852650767372116,0.006248375600526872,0.020650142734054966,0.014361386784578975,0.010280464374250727,0.0021504459708573407,0.011487607919218885,0.007242909500055584,0.012141714646968949,0.018702121375709178
2013-10-11,-0.0001904217848276195,-0.002814920929809784,-0.0010153315929620273,-0.00024134186191710752,0.012515493070419346,0.006461022064254114,0.010900093190859344,0.004309839296307724,0.010520936400762796,0.011023397247313653,0.008166882201665853,0.002882538628159452,0.007546240325250566,-0.0002647253489979942
2013-10-14,0.0038015632173476932,0.011212451033678805,0.007690788767972144,0.007694195207554163,-0.003380708159477441,0.006529623013887789,0.009332234541051889,0.0047137890436148465,0.0074477571420537075,0.0077037418033839835,-0.00392927813988955,-0.008188870423005156,0.003307470258483791,0.003699792803877876
2013-10-15,-0.0076176334845957745,-0.007695036221800367,-0.015031767901287478,-0.0050426328488983084,-0.011542592435898445,0.005307441522341169,0.0011604294890819788,0.006711626031091072,-0.009289590286192228,-0.0036328346463047425,-0.010701560753896238,-0.012165600163688476,-0.014583858326418358,-0.006616406299237065
2013-10-16,0.03179648918175465,0.022223136784710256,0.03972438049165903,0.016000341346441117,0.02888784094574829,0.004868819896222949,0.004339656745484935,0.01799894702212806,0.005973596166562909,0.00851212421216467,0.017241806434506173,0.010471299867295437,0.009490901048512367,0.008987636497379587
2013-10-17,0.003881346707972375,0.006844653689965499,0.005492363748025941,0.011073266639145235,-0.02452005428988909,0.006735419695245236,0.00805064727716699,-0.010336835135169965,0.0019451919858509126,0.0030249603049596336,0.011092817052942499,0.01514634076367271,0.0136918974654201,0.014369940282952607
2013-10-18,0.001658833667642774,-0.0020484814264724364,0.0005866823283562153,0.0,0.0023343122804407343,0.008663457283178529,0.0011448198159332513,0.12923319616915435,0.0007998629232937788,0.0010787262043410932,0.004003436859809159,0.0007155635367936872,-0.00012592079598589296,0.00594854980516745
2013-10-21,-0.0005526388645761956,-0.007547205635382966,-0.002348797321755378,-0.0014067997630815721,0.006782667464729429,0.024212566660507095,0.0008577555922618755,-0.008048745037621728,-0.003661750286733568,0.001419802301396326,-0.00028542885879519853,-0.0043010818993905854,-0.0055562713976299045,0.001030927926358529
2013-10-22,-0.012049455267500278,0.0,-0.005305052229693229,0.007480165780163908,-0.0032599865872074856,-0.0028706500318937157,-0.011786826124452348,0.003680947215486099,0.008561207475446518,0.006820287603867203,0.014594662172050925,0.0123752174276536,0.017697355511565503,0.006931102063999373
2013-10-23,-0.01635836045163727,-0.02158106728764067,-0.011292839179344604,-0.004200706293790542,-0.009527186482427842,0.009748108994648216,-0.023998810527388063,0.023948268986803654,-0.0042143692423012745,-0.004236414526362274,0.008683527953091689,0.000236490482360321,0.006572036798693355,0.0
2013-10-24,-0.005131627720342351,-0.002818888406420277,-0.0007972892588976965,-0.0016383853869738091,0.01397567600877284,0.01315281182469702,-0.001185536594101587,-0.005694779971833195,0.009203041719824728,0.0035730645849564387,-0.0011162272681236045,-0.00664296630310655,-0.0037147145242387167,-0.007446433175635824
2013-10-25,0.005510702781742972,0.006331361283560755,-0.0017962284043163206,0.003974289275560306,0.013227952545466434,-0.01125313696894909,0.05789953890166372,-0.010143465333354766,-0.00510234113351403,0.000248807797261142,0.010277868251676571,0.010654771093819359,-0.007596076621627923,0.005910334563296041
2013-10-28,-0.0017069705424962612,-0.0021060028843888075,0.0017962284043162044,-0.0007001984181513488,-0.003956239319800017,0.007421472167472199,-0.00448808607495449,-0.00019702492429017087,0.0029511939694301667,0.0026501050706540723,0.0,-0.0004711425293277339,0.016119381879883172,0.014751030441301698
2013-10-29,0.000948676667298001,-0.0056377880125144065,0.0013948393214943805,0.0030306585733297334,0.004079619949197844,-0.02522279743525306,-0.0014066678363943924,0.02071012618357831,0.007902502177535322,0.004867795594447889,0.0034485171081534522,-0.0011788283812365886,0.014167310724989073,0.004785300656566645
2013-10-30,-0.0024684337987141555,0.0014124296133423584,-0.006592771856492886,0.003253546909092811,-0.0003701875659254009,0.015780300332239903,0.0005629046025357598,-0.005632271950030385,-0.0013502871411360607,-0.00992563979996993,-0.008435367725414235,-0.011626658436453776,-0.011464938364284511,-0.004532871019987159
2013-10-31,-0.020357914519445245,-0.014214880433718621,-0.022500189085171797,-0.009558296339831462,-0.00737050811163339,-0.004189594699926656,-0.0038057696227679944,0.00015530321238398431,0.00907925308758431,-0.0028302690998248856,-0.003895928122432429,-0.023911294986784907,-0.009490426811703437,-0.0012627858730719106
2013-11-01,0.01864542242554894,0.003572708337573496,-0.0008203445907140469,-0.0004686035699620138,0.007370508111633513,-0.005124825346259786,0.0033836208794269305,-0.003440930266320884,0.0022291583015949874,-0.016388987243150913,0.01081541324515833,0.0026852207029276014,0.004941331857834443,0.001010356236492318
2013-11-04,-0.008990974005463385,0.0014255169912209468,-0.002259423781365769,0.0007028230346703883,0.006826384861801185,0.012839567637826526,0.011614207372248535,-0.0009096929041870473,0.02506727560166927,0.0007623565656590853,-0.0005518002623113855,0.011392681700541852,0.0022156582180835245,-0.0025278072105259833
2013-11-05,-0.0017309360990680365,-0.007865610805950737,-0.005154119233813242,-0.0016406894574598886,-0.007443668832019441,-0.0024721595410607962,0.019289658450516604,-0.004479354398457216,-0.0011950677721953155,0.002959207401477992,-0.00027601435449857735,-0.009444312842587592,0.001228803300356097,-0.0002531325162231551
2013-11-06,0.0028832312140847135,0.002151309542512075,0.004948463706096077,-0.004466917031336649,0.009647661398001457,-0.008656661043532852,0.04117127849167196,0.0012033342956156517,0.01328241545552898,0.02245597094800658,0.010435354891859764,0.016170257006895058,0.016805071566568658,0.013828001607291897
2013-11-07,-0.008674753193673699,-0.011527505171067383,-0.005568746988673889,-0.017350405536928484,-0.02401402683480658,-0.01631138743569761,-0.017970885321236404,-0.014576511865959802,-0.013608591049614089,-0.01020544016145936,-0.00396907384808895,-0.006003139651450768,-0.00593473551981469,-0.0055082763208153165
2013-11-08,0.043752835773907546,0.03698856936934041,0.0323560629523237,0.023692176644521223,0.021871321922445945,0.015619102619562,0.007438929096998428,0.007984231981851594,0.008338344917153849,0.010618100589054089,-0.006742371603227538,-0.007494293506907257,0.002305406590457746,0.005508276320815425
2013-11-11,0.0025911545128807605,0.0055710450494554295,0.004594953644534551,0.0009361105293941634,0.004097739748163999,-0.0029087952249949524,-0.005041804497276797,-0.005368518182001333,0.0024772482914662665,-0.0009080778268781166,0.00027609055945663986,0.007012481885926622,-0.0030345353139738505,-0.004504512121104541
2013-11-12,-0.0024058492218844633,-0.00557104504945536,-0.013040610119820889,-0.011055034380732269,-0.005815215481629406,0.0018526420936093317,-0.006137444215444882,0.001176847075182955,-0.003124497505001028,-0.008959741371471869,-0.010127020029759308,-0.0026541214760115706,0.006543098588935887,0.00025078370037399846
2013-11-13,0.0031449475556036867,0.02210034700066592,0.009446357049138206,0.011288925154807491,0.00030690851298220315,0.00119868199708382,0.021056197380954655,0.02024274633459534,-0.0008636511386442945,0.0007497188905459742,-0.011217167530924924,0.0084205958884136,0.008418570465595826,0.006000018000096981
2013-11-14,0.004790869675741786,0.010531777319007526,0.0043912246211350574,0.007687865470902388,0.001594407647510856,0.014352742186952185,-0.0035181720808594805,0.002669673291734407,0.006781146484639062,-0.004423124256854793,0.008284818854297597,0.014744619084150866,0.00977245293624226,0.0022407578154478784
2013-11-15,0.008602597208986991,0.008413308923441757,0.003776965030708794,0.010389104178654752,0.0073260400920731016,-0.00601929368094926,-0.004745467764937362,-0.0016144030322659067,0.021752674774093102,0.004173280407959826,0.004047175993873857,0.0014154284033307597,0.006148044903429665,0.0002486634353232203
2013-11-18,0.015731270982918273,0.0,0.007708309735830679,-0.0029902264948993094,0.007755734465249258,-0.012191575690122029,-0.01708440961669875,-0.0019466183953281541,0.001887584453068746,0.00415593649454308,-0.0036277422233067405,-0.0021238946037041907,-0.003187535902350908,-0.001243935973315038
2013-11-19,0.007328659130649894,0.018592833076615925,0.007453938003846749,0.0034494687532577693,0.0055375126454136146,0.0017746472894580364,-0.012442681492121245,-0.00617096059401797,-0.0003143500837956767,0.012365172798108863,-0.0058881426252225975,-0.006161156930402743,-0.0027233454757169644,-0.0007471050029987642
2013-11-20,-0.0008908686558014602,-0.003955179842927943,-0.0078477938576974,0.0013764627087232354,-0.009650255832161704,-0.008796155035922367,0.009211660910674714,-0.002826752734744777,-0.007785415442177707,-0.0004916823830923487,-0.015444869538222848,-0.016054016771160882,0.004141282615093765,-0.0019950131305198817
2013-11-21,0.01976767509331362,0.02928943506038242,0.018732255056120615,0.010490404071176036,0.01246741236910619,0.01184318862312944,0.008592963722831817,0.011437543882569233,0.00010561334962536842,0.011896172232493299,0.010228814855920738,-0.0007249003579486336,-0.00023618327932171194,0.00919375341500722
2013-11-22,0.00418556592917936,0.0032020520474798347,0.013059528798651108,0.006331997637507326,0.006146154144882914,-0.0025661558751080946,0.004535155165391363,-0.002110419328362479,0.003373751223249395,0.004606254861488378,0.005356652222076765,-0.0033898337545115397,0.003301500463755235,0.0
2013-11-25,0.0033011931639245103,0.010810916104215675,0.016651283494616108,0.002701487460160518,0.008175885343788488,0.0075504963712210126,0.0018614551313014026,0.013514523556899407,0.0008416623326947288,-0.0023408817243955166,-0.0019701666941292556,-0.005594080014500733,0.00540034184011483,-0.0014851487878300654
2013-11-26,-0.008360961439188064,0.004417804597608985,-0.005268121308976163,-0.0038292647309287045,-0.008532879457177164,0.018276257977706382,-0.007734403138352512,0.011861263902527203,-0.008660806143293932,-0.007788454103492414,-0.006926312233071472,-0.00660714504398671,-0.009056221848066554,-0.0029769310002769524
2013-11-27,0.005407775934944195,-0.0031535819260689268,0.000754290060277428,-0.0009031384673484974,0.0010706002331099316,0.023274314594685878,0.006671138817022601,0.004430886734698674,-0.0049981493958799516,-0.0029363805764264523,-0.00668898815079654,-0.0012283504799618964,-0.004262379174000952,-0.0014917954034626877
2013-11-29,-0.004533573588859977,-0.0006319115534129395,-0.0024535258132371315,-0.005663170645733993,0.004270975765059403,0.018348672432952774,0.013997323473623651,-0.0033166090178769797,-0.003417346341521692,0.00016335865428783537,-0.001000071517025175,-0.001229861180723794,-0.0007121662022066297,0.0
2013-12-02,-0.0042031585522020335,-0.005705245269321304,-0.005685063634608306,0.003628121893655416,0.004606398034773562,-0.008741685752574615,0.008357322082180525,-0.0048343716447510855,0.0004278074931556812,-0.0008170602627929074,-0.005015414969826109,0.002703700799024287,-0.010503796739474207,-0.002740751684500371
2013-12-03,-0.0021082228469084963,-0.012152372130685119,-0.009355676832131971,-0.010237832567141945,-0.009888466163009391,0.027010690611687076,-0.0036477372390953267,-0.0011576192862230619,0.009259818173040033,0.0014702281501556371,0.002009185520899971,0.0034305350967892222,0.005862312655458453,0.006713937939348594
2013-12-04,0.005786951704371134,0.005774799493883958,-0.0017279451357100745,0.00045724737879418193,0.003860435380807871,-0.0023376220988713526,0.016311041231495946,0.004660410827020766,0.0029620248039468615,-0.006140262445658455,0.0024343106458049406,0.005123836999869466,-0.0057423294529630785,0.000495540148891438
2013-12-05,-0.024246829819048625,-0.012878478058315792,-0.019011241830966745,-0.011494379425735134,-0.018788322671390894,0.0051210298590290875,-0.024435840217667794,-0.0007940932275437961,-0.005720354581671089,-0.00551736895986954,-0.004587164006906154,-0.003657202662175093,-0.007949933462727645,-0.013466537671296616
2013-12-06,0.004290317628466218,0.008389852375176024,0.00838620224471232,0.019689280738959914,0.00991684059404605,-0.013973915941294464,0.009429090288851687,0.011780703458070795,0.016018890327133058,0.009778622642231956,0.008441283401956228,0.011897675856166957,0.02188951701378069,0.015693434546046547
2013-12-09,0.007995067905109668,0.001284521692356619,0.011969254863073313,0.004749528322180104,0.002747254475138702,0.01138084123984441,0.008953540641439162,0.007700309377674534,0.0019844384808773976,0.00854949636206828,-0.005428584760019942,-0.00945805522679633,0.00307147317663517,-0.0014840467724951075
2013-12-10,0.0033565970919545098,-0.0012845216923566276,-0.007125692163240181,-0.004749528322180075,0.012211177223723476,-0.0015546226555165047,-0.015492075770907852,0.006029128786652121,-0.0013573481593242022,0.002591094567075751,-0.00776535394779641,-0.014233369122914645,-0.013418238491658003,-0.01370737973088024
2013-12-11,-0.011173300598125302,-0.020124015696824916,-0.020108046950955444,-0.013465911569161097,-0.012628751125457333,-0.00743665959040954,-0.013206742403523803,-0.006817973616738533,-0.01526586471223013,-0.012695483013763723,-0.013663003241826741,-0.004458763889237899,0.004413438308402983,0.007001779042601412
2013-12-12,0.004271229130946026,0.0,0.003936238107316834,-0.0004596644530488045,0.004346150383007649,-0.001461272490297789,-0.010423721268140342,-0.00682724300529277,0.011602281821454787,-0.009132483563272474,-0.0020509822601253755,-0.00198807222538608,-0.020683758058211817,-0.02319236797458512
2013-12-13,-0.0024893327221858254,-0.004600731085936772,0.0011778564377056652,0.0052734273301907044,0.00035637919122706997,-0.01096059284766278,-0.014342012846914012,-0.008607378969818722,-0.0005244663675051499,-0.009049835519917815,0.0,-0.0019920325312407635,0.0008501852701333549,0.0005099439172208418
2013-12-16,0.004440899029508956,0.003944778291016325,-0.0013743007954733362,0.005700619701785918,0.01508839846309276,0.005522309072560073,0.005300725969074963,0.011425919792033274,0.019841714667774825,0.002665335577547346,0.004681793482246353,0.0064596497909568725,-0.008289697599379578,0.0010191083684572254
2013-12-17,-0.012484556662245284,-0.003944778291016341,-0.004134271072219039,-0.008907218876313803,-0.0026944721081703852,-0.004512771380281791,-0.009944908609497712,-0.0029121000011246775,-0.004846119707418287,-0.012387168768486636,-0.0018993358036526276,-0.001735035755617015,-0.009594169534029633,-0.004338401598598242
2013-12-18,0.0269138057766452,0.033044794777457386,0.024745539318140847,0.030277956831767167,0.02519462601797394,-0.007633349401986582,0.0016415872359518593,0.013821848978051127,0.028429241520517047,0.023800740689537265,0.01955025702176423,0.017216362274893458,0.018005263188186342,0.023256862164267398
2013-12-19,-0.00017471826723932225,0.003816798526700811,-0.0015408323541556714,0.002001112396517744,-0.00040044621684394866,-0.011522472958422705,-0.009062261662035848,0.0013541691264867314,-0.0011056944384259216,0.013234406054357988,-0.007774297722199807,-0.005378986074500766,-0.005843698148910808,-0.0040060143709387585
2013-12-20,0.008178937093043077,-0.009569451016150785,0.006340687974217765,-0.0013336298931505982,0.0022290181549277275,0.008341314328418033,0.015058463874201317,0.01316987836089336,-0.007571587330826299,-0.003577239587074348,0.004470409060026807,0.006597458261320523,-0.0007328692156526957,0.004505639662371197
2013-12-23,0.009315230374376662,0.005752652489449841,0.0038233653916137757,0.0055450957210781094,0.007451048321944127,0.037658157969075554,-0.004903305928520535,0.013070358169483182,-0.0017242257935682313,0.00016287971369170016,-0.006495872715445327,-0.004393465695338538,-0.00649711142362487,0.0029925209364539294
2013-12-24,0.00017168855737936074,0.0006371456093211435,0.00038153377036669625,0.003973515161860535,-0.001758217280771953,-0.004253809704549053,0.012483201451289748,-0.00292773275728718,0.007181541005314939,0.005765108736880958,0.0033253843988785463,0.001955034835803295,0.0,0.0007467330776360401
2013-12-26,-0.0008587377084177582,-0.003189795368100038,-0.0015270092678955727,0.003299244167219273,0.0016448771469091197,-0.0066624558937069716,0.00966191091173689,0.005041934398534995,0.0167903204866605,0.010470456480439252,-0.007388660922435065,-0.005140141044380629,0.005519116235648123,0.0074368215829601425
2013-12-27,-0.0010314596066622707,0.0012771393817671201,-0.0017206772240794736,-0.0008787346786887605,-0.0005668934392180072,-0.0067796278732134745,-0.004014457418661847,0.0008408934554531896,0.006027388436776467,0.003359465645578666,0.0026140009075660765,0.002695749702604357,0.0030530645929254495,0.00418977815613066
2013-12-30,-0.0032733253449691376,-0.008330711428428178,-0.006527187696631784,0.0,-0.0035219304753062457,-0.009994437268970749,0.0,-0.008025736058934417,-0.011891924900945948,-0.008017360350355532,0.0023178338639921786,0.0034204773148317573,-0.0001219437840667709,0.010519974695117913
2013-12-31,0.009104245655762294,0.0019286409064056863,0.003652796525288623,-0.0022002209096024235,0.008668855103497224,0.011652795874389296,0.003212854169325343,0.010089136818123408,0.00883336595797137,0.005458791752232253,-0.001448016470792446,0.0026793342054792415,-0.007221131678366758,0.005339818513354851
2014-01-02,-0.004627654157878811,0.03347328614451037,0.0030657238037073574,-0.008405269568716026,-0.0020895108548358086,-0.01416297821365798,-0.006705134414416964,-0.006795538265145579,-0.014431701083392305,-0.006183516992311217,-0.012687009399690016,-0.01026903889618849,-0.010744160162578181,-0.015859793208472733
2014-01-03,0.00770090226566067,0.019071633111582047,0.021388153241318698,0.007082809600796866,0.007097821596429014,-0.022210581135045645,-0.006750396903730547,-0.007321620021736047,-0.002408914142902077,0.0016902092639070458,-0.0032338702297285754,-0.0054214031258243214,-0.0011180819849159838,-0.004930976460601021
2014-01-06,0.005779380356414577,0.015119731636697078,0.0076485775351791295,0.0017628915980294685,0.006824819509077735,0.005437888834826367,-0.02135897188235816,0.01108769726495449,0.0015062512261877596,-0.0026573273276817694,0.0005887548006391804,-0.0017311739206698558,0.0023589308846661944,-0.004707056876236585
2014-01-07,-0.011592356205316783,-0.009650255832161704,0.006852513155620721,-0.00044043163011016107,-0.006039273514243891,-0.0071823588101959145,0.007719917027793039,0.019092571938927005,0.014048953233312591,0.008430737639083379,0.007768452406082532,0.008871423387419686,0.009626138751774309,0.002975454711958722
2014-01-08,0.009386535339767263,0.0048367688006138,0.011560822401076006,0.01138864696400881,0.0008409722133850453,0.006318454566144569,-0.018013511882028637,0.00208099769468864,-0.003270405769066727,-0.014334276680353742,-0.009388362928935707,-0.0088714233874197,-0.014598799421152749,-0.01120390158765239
2014-01-09,-0.0018702717344934682,0.014965858495565653,0.007090294225024617,0.00521287018853299,-0.005845340384584834,-0.012854510543192792,-0.006452540272377551,-0.009676637670296166,-0.009775638945723336,0.0,0.0002947244347889532,0.005430771185134245,0.0022407578154478784,-0.005271758161161632
2014-01-10,-0.004605551850742073,-0.003571432367597133,-0.008733679968754666,-0.004777424938891889,0.005565094887696992,-0.0066933225929370595,0.014252022707201413,-5.3034445354465844e-05,0.007589411303610287,-0.018666117070500293,0.010552640795562921,0.018778749608402586,-0.0014932805164120618,0.01001761445231799
2014-01-13,-0.013598625940880517,-0.020482643785940755,-0.01844390165925816,-0.00830605868197067,-0.014170220450566776,0.005221834525298694,-0.029852963149681274,-0.0063910458019579425,-0.01979267907666224,-0.014651057041510587,-0.012027132363208511,-0.0029034619961504993,-0.0036179940906832546,-0.015064306970231223
2014-01-14,0.0006930007207352408,0.020482643785940773,0.004272320049106994,0.000658255646368714,0.0040853438572503375,0.01970198615463151,0.022612608490117262,0.02325418314082659,0.005767203722157786,0.002679844163037917,-0.0029555215839384146,-0.004127722262301547,0.010691300245698181,0.00403938948637969
2014-01-15,0.02985805696502517,0.022406597776831294,0.019093658815579603,0.017611065006859352,0.012100893404257365,0.019879090730744352,0.027021219406913145,-0.0006788626876686697,-0.0034360822084082087,-0.003267018612655624,-0.0065330596134229955,-0.00048673644183152995,-0.000989731616113547,0.0017621149933992233
2014-01-16,-0.008440293184830404,-0.004089985251525166,-0.044435230776059154,-0.00021554046855721233,-0.02023125061056121,-0.005595686676562882,0.0035302141210981027,0.006594841877648746,0.0016184506870838083,-0.0029410550168979255,0.0034203319834112044,0.0038872740884018687,-0.0028509470813103976,-0.0012583366452131016
2014-01-17,-0.015030171927969785,-0.004106781952653248,-0.006293527018833651,0.0,0.006316709010230487,-0.024806759938618046,-0.013921338518608007,-0.004933279728125264,0.002221101367427212,0.0038636029919194687,0.0031127276300117403,-0.0019417481829104104,-0.008476739862692486,-0.010887561656894914
2014-01-21,0.0010319918356559094,0.0,-0.00806765804929412,0.002368393829658272,-0.017626643845451515,0.015416840866718677,-0.005789127125969653,0.011381903425485082,-0.0066781589889465705,0.008929748467990052,0.013815622450724574,0.011834457647002798,0.003748598666746545,0.016161967956998122
2014-01-22,-0.010020816404089099,0.00819676720417827,0.000963855496306659,0.0036492473684136186,0.0027675294417018044,0.004434399630036156,-0.006657444838579234,0.0011335671234987178,-0.006314309603572361,0.0005814195105441794,0.002041412199172433,-0.0012012013456340143,-0.011919092237210424,-0.0005011275474454813
2014-01-23,-0.019639417833835812,-0.017054221038239472,-0.022998480042872478,-0.006880267949860089,-0.017014027119136986,0.0084314771427707,0.0034729492432955746,-0.004232114916474717,-0.00934058625801597,-0.01708441184884366,-0.0017495266162478298,-0.004094911177907198,-0.012573989250588715,-0.016679689198655312
2014-01-24,-0.024741312200120064,-0.024618475362328477,-0.0277878948833236,-0.018948623129528983,-0.018381675394028716,-0.01834501330916355,0.020588155141946313,-0.03176365437249354,-0.022104955935431762,-0.017897188118593012,-0.003947662119171256,-0.005081680626997512,0.011942715951422832,-0.01024599127403816
2014-01-27,0.0,-0.008547060578458408,-0.01059720534659067,0.0010987804643555806,-0.017753904170753617,0.008080338782524036,-0.021281780750667383,-0.020314758105566093,0.0007377351865395941,0.0012031627439728083,0.00686184165495282,0.0007275373183771497,-0.009007355538602817,-0.0028361498964635493
2014-01-28,0.011729810569176996,0.025425098365810177,0.01605562383182559,0.009400003633864229,0.009427760649846446,-0.08330249816183581,0.006639028534809085,0.019584861832607745,0.007661264318699154,0.0035152434706155443,0.0013086152358202788,0.0,0.008122902893923168,0.0036082513374709113
2014-01-29,-0.003774606800286342,-0.0029931180681319522,-0.03112454350392977,-0.008083058755204866,-0.014236193786179525,-0.011418354447407096,0.01069528911674773,-0.014431115614261244,-0.005661579391967813,-0.0072152864131755845,0.002467166188682932,-0.00876557840413902,-0.0187565307324955,-0.025271632775751156
2014-01-30,0.008428275481633328,0.014876799214443156,0.00456527043157486,0.01003936847596563,0.011766982377740156,-0.00193377376905753,0.005440709830118309,0.025398276612360535,-0.011845722862084126,0.00387180522398535,0.012961010931020336,0.0,-0.009967074939768873,0.007098754668757727
2014-01-31,-0.011494379425735134,-0.010688937873968494,-0.01817662076903657,-0.015538117621932787,-0.010425600553538758,0.001634577263230263,0.02623979194200036,0.0393564275300132,-0.019662196684628874,-0.0422721653037093,0.010390813011202682,0.008523124772208278,-0.0032575440885377173,-0.009211803526826942
2014-02-03,-0.019148939262660133,-0.024170360927812953,-0.023249420885260087,-0.020274728131565917,-0.026549685627668712,0.0018566475461883833,-0.03660257897754708,-0.04108775307610124,-0.023161125325616035,-0.00439916317486559,-0.002268217587148965,0.0002424536319306601,-0.012079978829099896,-0.01652930195121047
2014-02-04,0.011715308802876391,0.0,0.009450242151802804,0.007623355305057244,0.012065573325844644,0.014371350494144132,-0.0035699612266021463,0.0041645514776806275,-0.0003332037571785176,-0.0027931720642134896,-0.007407441277861693,-0.006079046076382226,0.005138689745028368,0.007498696091120384
2014-02-05,0.004720415446322933,0.003053437486890248,0.00596762214318349,-0.012134980372638885,-0.008318379333382798,0.007441541612263244,-0.014687807346962737,0.0044183891634124745,-0.004899787085632544,-0.01189031480736825,-0.004585849251936818,-0.004399909322609073,0.0047200821866399375,0.003462515112023731
2014-02-06,0.022742496889033386,0.017528402843591095,0.024972444485778466,0.012358319290373397,0.008256557442231539,-0.00015705801687128,0.010000083334583399,0.014554208581085623,0.0024528945289998736,0.01585249918941565,0.005586206605813318,0.0022023745596084195,0.005868944136526966,0.0111053494579233
2014-02-07,0.0024756864987668242,0.007758916871058199,0.022339283316215732,0.013089482505263601,0.0011122097043694793,0.013893228478638615,0.010448266618800247,0.014957000043476072,0.008648462819913827,0.0069855200773268015,-0.00028571428765811224,0.004633589560881848,0.005317436820785105,-0.0021058180985293324
2014-02-10,0.002117149696951931,-0.005963046888246525,-0.0004054328050671165,0.003300696142203063,-0.005759778100916437,0.017756314261041104,0.006543098588935887,-0.0038376047917766344,-0.011771374124398024,-0.003218023694200731,0.010658809075886323,0.004369999671118388,0.009270054796286512,0.01620526837849747
2014-02-11,0.012087385495499793,0.009523881511255541,0.0068701017838768644,0.009837220000061141,0.020837288536955982,0.013089833959954243,0.010138647171333613,0.014599621510010687,0.014637653233688045,0.016780257896551323,0.007885143642915763,0.009883170719398192,0.010327114155849524,0.001813237124180722
2014-02-12,0.0015658985365860877,-0.007731230896735541,0.006022905177356421,0.00043497173369584223,-0.005428663184110871,-7.44487365283508e-05,0.007904120459377335,-0.0029367298178941993,0.002638523958181021,-0.013740741878654482,-0.0060491145980855155,-0.0019207688978555677,-0.01727158650866071,-0.0033700615174998196
2014-02-13,0.008827404789725634,0.0,-0.0020036071619651723,-0.00021746221679712599,0.003419224237295738,0.015754316336431522,0.003729359676649021,0.011070293572758974,0.0038354109807964636,0.0042754140123485345,0.007870736344716557,0.014790345951002183,0.003992535408487193,0.003628827206613382
2014-02-14,0.002065760762156458,-0.0029895388483660483,-0.006842449719071048,0.0032569782346938596,-0.002074562950401617,-0.0008077773443519404,0.0002658513906392744,0.0024140354010556745,0.0288906586943613,0.008584503357670064,0.0002799552089952603,0.0068436845278950775,0.020356937068744318,0.007218386588933444
2014-02-18,0.005829920490261035,-0.0138681752331605,-0.0028311444593072184,0.0,0.0056643571981711775,0.0036696157646215204,-0.0053305030269407,0.006695129867376157,-0.00042512488683646866,-0.006808461686663448,0.0006995453240854948,0.000470256298343931,-0.018174230931581544,-0.03822454881676838
2014-02-19,-0.021253499784965508,-0.016529301951210582,-0.024393953264792222,-0.013092048223038473,-0.00847798679916342,-0.015913432781733586,0.0024022432478522566,-0.0070775941348069455,-0.0012764601243856367,0.007865358033063779,0.003072199036970059,-0.008735742013622625,0.0021779523054159984,-0.009923643192206488
2014-02-20,0.005572985514060847,0.006153865574378287,-0.0012458473372233215,0.0021939455926205985,0.007566548182216661,-0.011642786137114388,0.006377911601237758,0.0014710716441336817,0.015001337731346695,0.008764297993588258,0.00027882336720438684,0.005439294479443496,-0.0028194302926448384,0.005376357036380275
2014-02-21,0.0005208785602618972,-0.000613685198762996,0.0026973768818676865,-0.000657678418970823,0.0,-0.01117070923220845,0.006074229689106035,-0.00026585814085769384,-0.0035714323675972446,-0.016895861272467266,-0.003490892325376045,-0.0011799411398486367,0.0006414779872289839,-0.0032223443564718796
2014-02-24,0.007263954458225278,0.01462548921897923,0.014808991327135992,0.010471299867295437,0.012324950602246709,0.004369693614795881,-0.007664898105095757,0.007217744002126718,0.014728422089746403,0.012961429967632587,-0.005329605883333766,-0.00544573383228869,-0.0014117951391988699,0.008569950683067257
2014-02-25,-0.017382673034069394,-0.011560822401076084,-0.01191223780143558,0.0,-0.018544862111596772,-0.010461327291459882,-0.00398777612068123,0.0061581933749561045,-0.0013488977401973593,0.007157851789844344,-0.001125650885707982,0.0011863804926939329,0.003333763826168529,0.007174203748000453
2014-02-26,-0.0049217888069354055,-0.0006121824494832222,-0.001654260096026465,-0.000651253686320022,-0.004168205127636491,-0.009062134790474343,-0.0018664183527667593,0.00013935911696061194,-0.005413860177972495,0.004685881534940093,-0.0021140167128931857,-0.004039449475100245,-0.0033337638261686175,0.0026441051893379254
2014-02-27,-0.001057828025299798,0.009750229589133786,0.007628116568050033,0.0,0.015723402725580708,0.019751661114936144,0.010354532975580798,-0.000787118039619119,0.0005218389723388758,0.0015570937402085354,-0.006368997539506391,0.00023806689792229752,0.004229419954112917,0.005267328480702529
2014-02-28,0.0022905480898296423,0.002422775261425489,-0.0012330457789149778,0.008002638144975309,0.0064491077270133436,-0.0027138969290095433,0.01181581293138093,-0.00292422774577259,0.004476609422735874,-0.003116615802950118,0.0063689975395062595,0.008060735916772841,0.005993004867240779,0.003408945218123482
2014-03-03,-0.01079369941205828,-0.014011804020216196,-0.02119780120926704,-0.005833439897429852,-0.010326490507931198,0.002883685675076452,-0.013931096639194203,-0.010718232159789355,-0.008030496303190594,-0.004257728984984147,-0.011779033513809477,-0.007109034679106443,-0.01511492846486826,-0.002096436826528293
2014-03-04,0.018507622655985236,0.02603840718601602,0.02530205486714149,0.01270336816185075,0.023931330697143285,0.0065730220207352585,0.016537980284449888,0.010109434063426534,0.01062399327014647,0.004171017517338104,0.0009987872700178214,0.006636668113875272,0.012441640640246523,0.004971879926556383
2014-03-05,0.01559553355529495,0.030608628478636206,0.01201032248689515,0.007460335144751376,0.018613108178557585,0.0021060564783542575,-0.007841127472044563,0.002753488021840624,-0.02858538474465199,-0.007747590440577959,-0.00014262283415752261,-0.002602012112657756,-0.008063011622634259,0.001043569100707652
2014-03-06,0.012643257432277165,0.005780362915499549,0.005850919546117301,0.005294939830374622,0.00406386626052396,-0.003028852774611392,0.0010490428446970745,0.001107565314627062,-0.00042653018347638263,0.0036636468054838537,-0.0011417155514499135,-0.0042724964114241575,0.003079294196061579,0.00312418895093858
2014-03-07,0.00845313571105819,-0.0011534026653536183,-0.0018121418429263138,0.012803197243609248,0.00957165815381311,-0.0005844385170163217,-0.006574645642085357,-0.00395989674531706,0.013033297073388588,0.0020006095482399708,0.00042829610191450173,0.001426194679585521,0.004091031019016331,0.0020773832451347852
2014-03-10,-0.0033726844786391187,0.008046020418450487,-0.0010081662311723818,0.004162336914687331,-0.004313202189560387,0.000903558697482493,-0.0021130488580691684,-0.002654166617681432,0.005354624584593512,0.006582389954059175,-0.006300135386047858,0.0014241635447710245,0.0019119246152980414,0.0025906750240924626
2014-03-11,-0.01720802322138153,-0.011514231987377924,-0.023266355617344782,-0.007086315606122511,-0.02108406581975703,0.00969109426898482,0.005274273829971652,-0.009603832202863875,-0.01572508789622505,-0.011547773212158158,-0.0021568776785034337,-0.002612517814149784,0.0053340233148678135,0.00387347159579684
2014-03-12,-0.004650770591117595,0.0005788712173223089,-0.009335199003589329,0.0064630684684659195,-0.0010011484596990875,0.0009697036899269988,0.006553962377327689,0.006073146858517203,0.0021251734701167005,0.0099062332522002,0.01272991516456789,0.013698844358161927,0.003666481128699085,-0.008541529865023972
2014-03-13,-0.00867007338454303,-0.006968669316093427,-0.01363991349339186,-0.005835781464101653,-0.017954230577375822,-0.011168537034142403,-0.009979074407101511,-0.015223350010069536,-0.006068690437866264,-0.01043034227887256,0.0029802051433814214,0.012355909612814887,-0.00063119360802899,-0.013082342520492845
2014-03-14,-0.010856348965812312,-0.021202207650602937,-0.009553198649399313,-0.009239880941345535,-0.008131350328946487,-0.011296017572847901,-0.005027130576544308,-0.013768976449174292,-0.0018171134282180031,-0.0030627895305458783,0.0018404478897883424,0.007616886219613319,-0.0026553723638177056,0.0052534925134274605
2014-03-17,0.013638959456924074,0.018284201494888803,0.017968985749047803,0.015283454613987342,0.008970829900942705,0.003900031640370448,0.009240989853729654,0.016322321789786997,0.009052727034623372,0.008465381967337302,0.005641763906668094,0.00068957593814027,0.010829976144705114,0.002616432680472591
2014-03-18,0.008301673412454072,0.0046647314906559404,0.008553301337120865,0.005594130407567895,0.007464280916558273,0.008807785301308336,0.03866460990596803,0.015944716696964165,0.004126335008894491,0.010116380426660194,-0.01216938748233395,-0.001609750836286123,-0.0008771380801704761,0.003391160156070221
2014-03-19,0.004125134759962741,0.014438599086075764,0.016481625659599743,-0.012264991084573988,0.000535284159449055,-0.00026349003237906895,-0.007104825623744459,-0.009964770888039237,-0.010401282479615446,-0.008987271000236562,-0.02202320028387665,-0.015306421282675658,-0.012488336380278258,-0.0067938594214081134
2014-03-20,0.030574123694624044,0.027150989065950898,0.025818295714913297,0.025197533025129924,0.006164809091602888,-0.004830196674684193,0.02663474029535837,-0.0017442012247120729,0.00902772845733529,0.002687358038798002,0.006672493569508893,0.0,-0.005856159320504991,0.00809509577938012
2014-03-21,0.0009976721811897412,-0.020293819339814022,-0.0027916269375958683,0.0018339281757449933,-0.013505277106691353,0.007856148473905105,-0.004224133501803077,-0.011864755535541248,-0.002858808659936286,0.0010383318402813675,-0.001301989334015501,0.0030334873337722933,-0.005633817718256019,-0.00026011184956132287
2014-03-24,0.014846858002783018,-0.010879007953956939,-0.0005992210306135648,-0.0028542323148653985,-0.007394749180462418,0.011791091042801858,0.008430498729019803,-0.02145337432279869,0.0034929911143379154,0.0019008127375148016,0.003468211568927357,0.006039507324163534,0.01806894813680342,-0.0010411245084105038
2014-03-25,-0.002295082974640416,-0.0092539700295655,0.004982571344463873,-0.00040841331995094486,-0.015016849052660583,0.010698520911375416,-0.003958441586427644,0.0006820279019554929,0.0028488544722695477,0.010646618982248184,0.008618266499874896,0.005773021460069149,0.006410681247115373,0.005712817406687107
2014-03-26,-0.017049159138999403,-0.0017446936673387538,-0.0027871807810282354,-0.009439840260633096,-0.009354490024853399,-0.009604699336557611,-0.013727908087228543,-0.023356512428843807,-0.0022150739503681654,0.005281102563755934,-0.006024978776533623,-0.006468029017293539,-0.0038917882276313094,-0.0002589667242233899
2014-03-27,0.0003338340875605057,-0.00994451014833884,-0.05554137126872825,0.012295236857037338,0.003456580196103507,-0.0043082424119643475,-0.010865552254784578,-0.015751119440585385,0.01613107147439086,-0.000339875948551622,0.013150561156160125,0.005777023576922301,0.0018850146957714257,0.005424267464719212
2014-03-28,0.0020006675562971904,-0.0017652255245691922,-0.004223871116185171,0.003862185916811404,6.161619275515312e-05,-0.001116800931328565,0.02360139676858466,0.005254264804650715,0.015056487382313717,0.0070288640993482684,0.00028396990109883023,-0.000691483259084378,0.0013800892975253292,0.003343194575893168
2014-03-31,0.011097422377081511,0.012873202936205972,0.00738010729762268,0.009088217657972238,0.009504900624277937,-0.0002229882653515103,0.016976665563608932,-0.005047722393785147,-0.00020472924628779464,0.0034539438743014777,0.011012394221626233,0.013057109109189365,0.010476523858999607,-0.007473298536572592
2014-04-01,-0.0006590871881361862,0.008106587532988494,0.004192878260035958,0.000602954495204124,0.012554369336393582,0.00910586627789321,0.010435721451191999,0.018120723604197204,0.0005117445482952242,0.0007565886620420595,-0.007752523146868705,-0.010064128861825698,-0.003231020581446309,-0.00648763142237142
2014-04-02,-0.003136610082929015,-0.006363920812557451,0.009162912921519745,-0.0002009444395389135,0.008103528842700212,0.0016605808358104359,-0.001691434497737835,0.0001851900756089316,0.0022485700398052547,0.0029368596733097057,-0.005818507865081907,-0.004839276640749268,-0.0026173131411570062,-0.0020849629653497113
2014-04-03,0.00297177038915748,-0.004653876927889408,-0.011676529661835742,0.0014057638623891369,-0.007079463213009948,-0.006955108728422748,-0.008256482065732557,0.0059360436904821985,-0.00020420665784658872,-0.002600781700057256,0.0027005915070082067,0.0004618937726462672,-0.00037446171566564483,-0.006806308998057677
2014-04-04,-0.01411163120396932,-0.02539256595539329,-0.01202673004514462,-0.005433155532371384,-0.017308299573302474,-0.013020627370013096,-0.028191778010704237,-0.0470200781531269,-0.00583748905343143,-0.002018164156237236,0.0005676174410948108,0.008964546875009109,-0.004128360151275389,0.0039323684177208895
2014-04-07,-0.013635427150746242,-0.020544529231632223,-0.011958288988873734,-0.018326719405565225,-0.029088439955927133,-0.015824618010853376,-0.00175724910287168,-0.008509278883449054,-0.005975087314099263,-0.012365703430830674,0.009178910734524889,0.011602905736607234,0.008985459182604225,0.010411338188241399
2014-04-08,-0.0025456101994337423,0.0036563112031107003,0.0010735374085241852,0.003487540718192429,-0.012693747493857065,-5.7502582617324224e-05,0.0005023863456583357,0.03074531419484531,0.006899064588397432,0.003912567719772534,0.019074716863192214,0.01124618240773734,0.010627880559404234,0.007223973624032251
2014-04-09,0.007111442093461014,0.010889399799268317,0.011945534537569963,0.005514156726906043,0.010167855774540699,0.013057440544775567,0.016191660251724027,0.016949407583526713,-0.0012321595151676685,0.010975205143768138,-0.009561494585564751,-0.007633624855071207,0.001719479667081521,0.002310952370105362
2014-04-10,-0.03205897247422612,-0.030546052348819845,-0.01991713766903607,-0.02871801527245932,-0.013879384960009565,-0.01298121690457853,-0.02781088670372154,-0.036547933810587734,-0.005666905073229693,-0.02044263054323844,-0.00320758938984294,-0.0015788883397281357,-0.004920664375662394,-0.002568054826850066
2014-04-11,-0.037271394797231655,-0.021951336103535286,-0.011968372652379267,0.007725270698936554,-0.0211216144848598,-0.007420878050282953,-0.0038437599030734073,-0.016469550189278093,-0.0006201550586352605,0.0029094663686588976,0.003486024585850481,0.006076309907374607,-0.0040778555118291555,-0.006707971489465949
2014-04-14,-0.0061672606141952,0.014479321264834344,0.04264170386897955,0.0006237654844103077,0.013140109703816264,0.0039756565569981014,-0.0007398997645846326,0.013740335845582125,0.011717679554440242,0.014168989428947438,0.0031964449424054537,0.0017933203640435054,0.0006189268007195199,0.0025853168484707206
2014-04-15,-0.002915453960124131,0.024082670515957114,0.013336309349581068,0.013830337076411882,0.001162565525242996,-0.007155978767280981,0.01444342858394612,0.006399144242552239,0.008344405800178624,0.013389321365010844,0.010215439470270194,0.013348362823427209,0.00037117229006398657,0.036754865860127564
2014-04-16,0.008359125541300734,-0.01599050061862087,-0.0026945813795900527,0.006334955282186925,0.014737243719058957,0.0020251339458854417,0.016219943866763474,0.02732508674820668,0.012687714254902808,0.012638007385683004,0.005751864666358764,0.012518006879414333,0.009969926881053932,0.010152371464018128
2014-04-17,-0.0007241129932621064,0.001239157531548053,0.0008298755662996145,-0.003264642768928951,0.0013983349383328435,0.011361594594987664,-0.009700362097960734,-0.0371416558170628,0.004791384690500597,0.015070954472795694,-0.009053559782932909,-0.01539506983554612,0.001346307038920193,0.0031976413914607668
2014-04-21,-0.0034467154303409373,-0.0037220886643735927,-0.00791176311064861,0.0038755785378547076,0.0022839751078307154,0.011798154786193794,-0.0017510948814745053,-0.007333483189760388,0.005065816644208786,0.004517594001319638,-0.001516927823114377,0.0008861320916577982,-0.002449180749139919,0.0007364674446044309
2014-04-22,0.01407457372867471,0.01235346160966185,0.0037554811507308906,0.0022369099312221706,0.01671628191373599,0.0009944790770496721,0.0012510948710579477,0.011301013466812218,-0.005563849425059258,-0.0019336132353946873,0.004543897663235576,0.00397790579792189,-0.003808124496407555,-0.000982077171984267
2014-04-23,0.0042910847178266875,0.004898968769089982,0.007882222929478686,0.007286006730933313,-6.232276964416255e-05,-0.013155407915006688,-0.007530156063753038,-0.01475544079320921,0.0012943696734213494,0.005549091403457982,-0.0024759297380112268,-0.002650178229559253,-0.01101428126311325,0.0004911591454336363
2014-04-24,0.0024946556059379384,-0.0018343019511867327,-0.001447327865593277,-0.005459522204898982,0.002489886129169443,0.07879435894473642,0.004274047989674739,-0.005727894759222858,-0.0048875465107057455,-0.0031326584918293754,0.00617836797498113,0.010121098497931013,0.009782754013866546,-0.0007368292117717061
2014-04-25,-0.008758658190868353,-0.02415726020100332,-0.012073418930253398,-0.00548949228477148,-0.016359385810633235,0.007317517780722617,0.001253604275993707,-0.021446819344127913,0.003991622902920255,-0.0024970813249147275,0.012784071837033246,0.012617091455538333,0.003198821625286065,0.007587846955418482
2014-04-28,-0.0037773225954285203,-0.06474752939415813,-0.009468771428852014,-0.002245127996846492,-0.010801299497709973,0.037996952739624563,0.02376937851554351,-0.0002294279606271022,0.007540466326454185,0.0139358334133393,0.010752791776261697,0.009038150615062081,0.018619339232348982,0.0004875670501268609
2014-04-29,0.010932988190840685,0.019212250421804855,0.018018505502678212,0.010771367225091637,0.010801299497710084,-0.0029665768792683767,-0.008847440361586712,0.025206420848624123,0.002763796054024806,0.001907032759121677,-0.003616156086829038,-0.006878788946804306,-0.006046698795977016,-0.011274629235738921
2014-04-30,-0.0021413284413432264,-0.006583302249197448,-0.0052045501055348825,0.0034305350967892222,0.00993531407191472,-0.00378884757377476,-0.002719072247494801,-0.0027072205927738723,0.009418297815522442,-0.0035786749394344287,-0.0005368407054175539,-0.011498119950518257,0.001333414343878752,0.005408076111111106
2014-05-01,-0.004655335175702522,-0.003307975229545248,-0.0031357818106840566,0.0,0.0034354635744008252,0.002353142992376591,-0.009950330853168092,0.0068007826793,-0.009812658463441282,-0.004631486359353263,0.0012074865624899552,-0.01339943167120894,-0.002547154024378352,-0.00024518818315794223
2014-05-02,-0.002515724597247247,0.010547230273663014,-0.0006283380665414447,-0.0012094337293620196,-0.009334445223855103,0.0018575091668902052,-0.00778018731896233,-0.008690841721490313,0.005899142070522656,-0.0017623973159027794,-0.02333258317025697,-0.023267268857852682,-0.005113855050560942,0.00416004515276935
2014-05-05,-0.024773580243838196,-0.011210140473610655,-0.011590057038276138,-0.0004034698461026406,-0.01605211639301218,0.01404200650511184,-0.006572318905438102,0.0027310155395514394,0.008783972153572787,0.005118373298244207,0.00901768646701385,0.006992246825979275,-0.002689159425240455,-0.004650601944554461
2014-05-06,-0.016363325316651172,-0.02348313210527106,-0.017533055507978058,-0.009528708690980506,-0.011644121398412467,-0.010958907898386322,-0.009428022441002867,-0.024124433011669364,-0.0023348585371268317,-0.0031158895500730476,-0.006139592244305241,-0.0031517360623619377,-0.0070011954589837,-0.006646178310454242
2014-05-07,0.013223025331348935,0.0047409502955305894,0.007307146203300705,0.006092626482572204,0.006321378206691164,-0.003504903192217713,0.009301207400568967,-0.008783703897997073,0.0042764182189787775,0.010031931267078026,0.010211811798726093,0.011433820336473608,0.011763399953201172,0.010319501897237321
2014-05-08,0.005719045197725739,0.008745430781029495,0.009377732833133279,-0.0012155593068866265,0.012015995271173831,-0.007353977287954772,0.005438576612685246,0.00418043896520814,-0.007691222259265005,-0.00907216153812036,-0.013364442742445208,-0.014821740008409797,0.0008523592601279481,-0.004409610280985986
2014-05-09,-0.006459374678143259,-0.012807724789908445,-0.0031870843932607306,-0.0050807954029361705,-0.001271455988196832,-0.004171859698229264,-0.002525891719316477,0.012323544607390175,-0.003622660250122987,-0.00047976971974167414,-0.01187695220852251,-0.012063421586182921,0.002795504707195913,0.003431375915864679
2014-05-12,0.01178000001774774,0.0221411258772135,0.005941031690420567,0.013759828588213324,0.014838472729146538,0.01236926831307273,0.010816354980761254,0.02217827159988783,0.0027426797484585174,0.0016781879512965559,-0.003061084900343947,-0.009432946972556963,-0.008042938799460298,-0.0012241401944871107
2014-05-13,-0.0005490985769886586,-0.002657808873521057,0.0031682358321144482,0.0010043186542681014,0.004564933043691285,0.0015680244280235915,0.011195539252242807,0.005759435163637843,0.001270834522665426,0.004858825123119989,-0.0005575690136085862,0.0011551347016226668,-0.0014693280468868759,0.007079243528088365
2014-05-14,-0.004771526762615986,-0.012721966025648733,-0.0063465412939282696,-0.010494546367905666,-0.005191892311877266,0.0001850746168372868,-0.004463186183991181,-0.013253597973398656,-0.0006840948226719754,0.004518975462827898,-0.006294167223152853,0.009650810198293816,-0.005406082708067136,-0.005365866533236058
2014-05-15,-0.01576003695972977,-0.019735244121732793,-0.012815211692867432,-0.00528886505414449,-0.01778021467386636,-0.008539573520634646,-0.016032407531048887,-0.009948085388725459,-0.014871993216464055,-0.020861564611552495,0.0015422365482349843,-0.006653689799149202,-0.00791593496563082,-0.009089854996068281
2014-05-16,-0.0037446214885434783,-0.0027529267214051432,-0.001721170820773027,0.0010192641795686492,-0.0013415532085212156,0.014650158525459967,0.005791278933117896,-0.0015509450632126486,-0.00039698293494760636,-0.00510143217370293,-0.000420374139168883,0.001610121106908724,-0.0024866356217323722,0.009089854996068215
2014-05-19,0.009707001738196172,0.010966525258793804,0.007080814908104254,0.00831900912108403,0.007895615675711351,0.011779201276553918,-0.002010556093211921,0.01973581810321005,0.0012896187492397546,-0.0018689315966956875,-0.01482554510622619,-0.015985513571051976,-0.004991898547793392,-0.004411771861663448
2014-05-20,-0.0020455609178290355,-0.009589114572698882,-0.004714968014718876,-0.010766990759724104,-0.00840715734554006,0.0001991236251709969,-0.0017625586836688847,0.002890978830096609,-0.0019847183254120735,-0.0036667386774198937,-0.0029916683043857708,-0.001168360922719425,0.0037462581276368843,-0.003198428117218838
2014-05-21,0.007418431647550414,0.005490748180416591,0.006424004961355102,0.014397490915188556,0.019005956959495092,0.0026415788062447553,0.016744112299285727,0.017081573763038045,0.013419046945881778,0.013460026450126929,-0.002285388796457892,0.001635323340730838,0.003235443340077683,0.007120963178517321
2014-05-22,0.007913908976492636,0.006821308850738173,0.0061708888235538955,0.006421856306219819,0.0031328346425050667,0.0015827570496336723,-0.006215060403434285,0.010405921161116601,-0.005208089205371742,-0.004277822416072959,0.008826936583047324,0.008136741393061704,0.001985851465575648,-0.0071209631785172835
2014-05-23,-0.0003667033411095994,0.0006795786873841222,0.0031769591477992703,0.003394910899186182,0.0019374400610599747,0.01123313677407056,0.0004986287812112266,0.014920982652280703,-0.0017749733483675798,-0.002105263935462316,-0.00383441497992649,-0.002550134684421901,-0.0016132037996272439,0.0
2014-05-27,0.01112439665768047,0.03340323913280967,0.005903453788405784,0.007745049141815166,0.010002257774692373,0.018551882541131704,0.0017432453673749157,0.019444349599307846,0.0003947108794091983,-0.004305274510751631,0.00255790959419507,0.0018552881017461409,-0.005479465764625596,0.004671182433493492
2014-05-28,0.005606308200725377,-0.005270104424237104,-0.005269271334004083,-0.002178434369761585,-0.0035917799327629674,-0.002592430975135057,-0.004488785591966093,-0.007718405236941549,-0.0029641361491210077,-0.0026084136080472015,0.004248696378493011,0.006696711321467388,0.00024971906734841095,-0.004671182433493498
2014-05-29,0.004857435115228937,0.0006602839460755097,-0.000845666012343258,-0.0033760333922348102,-0.0027956406242673846,0.01805702581509197,0.008214109656922208,0.0001928116323971246,0.002075817480431056,-0.0016337203437676914,0.0023996059224107727,0.002069204095000327,0.0037383221106073792,0.0019694738025317405
2014-05-30,-0.0026956616197750033,-0.0006602839460753947,0.0061149373463474325,0.01009409857204845,-0.005802543187554953,-0.0037528259191723793,0.014764047707077543,0.0019085813132032783,-0.007334026926864869,0.0038350175516146715,0.0021125280724551827,0.005497036288315571,0.0048390193066965,0.00612972374110658
2014-06-02,-0.003966828137183987,0.007894777847008283,0.00398615864015644,0.006086207066174245,0.0013756880608813457,-0.0068954464284479555,-0.0036706269036763995,-0.012870009243645774,-0.005886184501269843,-0.004734702722512276,-0.003241037149761148,-0.002515724597247247,-0.005336655544883692,-0.0012229425518311488
2014-06-03,0.004506542101890795,-0.0032819195851094083,0.008963061567894717,0.0,0.010999706966492393,0.014042363777407672,-0.012333654126211147,-0.017572065851423048,0.004492594787376331,0.0027782335242124054,-0.002119393234162204,0.0,-0.005365288308805845,0.000489356505973147
2014-06-04,0.0014378147696274175,0.0,-0.0064536499624688656,-0.0009791443061722355,0.003639844852604811,0.011354193231485099,0.0007443245598572956,-0.0013534610058759282,-0.0034924946940168775,-0.0016333200854409561,0.004375139291475126,0.0013729979273594405,-0.0008761500028525108,-0.002203992565981958
2014-06-05,0.016917864099549377,0.014360560103867985,0.015542743725922122,0.011493259855023285,0.001169338841430094,0.003915591289762706,0.02183332158761289,0.019970449778625575,0.005085010209242617,0.009517296387785411,0.010088357944340737,0.008878828960472561,0.0031255885919502786,0.0024485810470838225
2014-06-06,0.005985933366590492,0.010316016694615722,0.006150080885337693,0.0067561303217863,0.02196152382100555,-0.0027536160617436063,0.006530438010600421,0.0019452506664544827,0.010388418925720523,0.005409564683475227,-0.005451890207597615,-0.005226690685159027,-0.0009991258480706677,0.0024426001396952663
2014-06-09,0.007867861200613738,0.015908703316594688,0.013196821306012277,0.010144598436423683,-0.0011439237828886621,0.015875620236777396,-0.005075539596836009,0.008269162851905088,-0.0007877117382493169,0.0014483427057085847,-0.006751080493419632,-0.0057123427352725985,0.0007494379566361799,-0.0019536025749391
2014-06-10,0.008324709886031633,0.005037794029957081,-0.0050551113613975605,0.001522359951485074,0.002166326518167733,0.005852637083743532,-0.0038844428547035177,-0.004266794880943443,-0.0005911912675883187,0.007769051130879651,-0.004951555706376668,-0.0006876791101950258,0.0007488767199711471,0.0039033960271602115
2014-06-11,-0.01094045817318357,-0.020946497346551768,-0.01059720534659067,-0.006677502633077253,-0.005605970255786314,-0.004146515961848577,-0.006099811520311086,-0.0014086989475179976,0.004817864881920234,-0.001277343299973985,-0.012559034776494022,-0.011995530226928371,-0.001123525491134395,-0.005126338578991257
2014-06-12,-0.004024150299725491,-0.010964314934501755,-0.011124960226654526,-0.010197298560045493,0.0031986508457425822,-0.016868517088786117,-0.006876254991807331,-0.014197221603577793,-0.002848585001707796,0.007401840471227624,0.013551309292668762,0.009010110625261919,-0.00375422791084459,-0.010826877414000945
2014-06-13,0.0,0.0012961764614466762,-0.014187594539382451,0.0036676037637128553,-0.0004218773604836221,-0.011004087723665176,0.01589081232114001,0.001518060746057216,0.009691231446186182,0.009077695836863056,0.003535821518407128,0.0011492933111975862,-0.0015056464575874601,-0.0012377771106256079
2014-06-16,-0.0029848147873322213,-0.010416760858255715,0.0010500893540802108,-0.015730006829136202,-0.00024115271112219307,0.010028425008728043,0.006527280517844111,-0.014470211590895234,0.002626843948600699,0.010007902138493929,0.00408595144011802,0.0038977465373382777,0.0006276282136612619,0.007157873335351102
2014-06-17,0.009624713374209693,0.02008489933131083,0.003143668102967536,0.011095004324987771,0.014188881141229837,-0.0013023661489210054,0.004327970208458954,-0.003055541562090771,-0.004869981379139218,0.0022535658602933664,-0.005781585589499834,-0.006197655554814018,-0.0013813024108741772,0.006374132883225246
2014-06-18,0.006250020345171326,0.003841233916477162,0.0029252005814730223,0.007328865976610179,0.009701921817571972,0.0010854228787350415,-0.000720028832259829,0.018078825842617857,0.0030221811937680616,0.0111922746045994,0.023757405784579917,0.025012672786880602,0.002635378321407094,0.015519225147600898
2014-06-19,-0.008342071317395347,-0.006410278360919054,-0.0077495413489588,-0.00038439362379898395,-0.0007656291784233527,-0.0034775083947149424,-0.0033670065479042954,0.007693370687096728,-0.0009738995705493856,0.013040181732830555,0.011260761672249008,0.00425770951323256,0.0056239603334903125,0.005518910228797387
2014-06-20,0.0043535114471978395,-0.006451635281488719,-0.004636467736743238,0.01658602505738292,0.000647878221560671,-0.010395672763880578,0.004087035380164238,0.0027043524714300575,0.01162465865773954,0.002648206443050106,-0.01250445698905747,-0.010565457392905224,-0.0038708920157522575,-0.0023957845671185793
2014-06-23,0.011059383500686974,0.012222731773410737,0.015094626222484888,0.001700198766035066,0.002352388758278875,-0.0008803786196446289,0.007410097250990552,0.013622110870279218,0.005283139899904598,0.004824372390395412,0.00041473699357190506,-0.000678196024638276,-0.005142689289609158,0.0009590027107557426
2014-06-24,-0.013320843975660565,-0.00963708068838773,-0.005215407670310829,-0.009291808579715165,-0.011877115422210689,-0.006073675564787251,-0.0058518110501382,-0.003051893233171542,-0.015933898987094793,-0.009140762417147839,0.0001382074496015972,-0.0006786562866516955,-0.006434135613676611,0.0028715023320231626
2014-06-25,0.0019138761822841976,-0.0012919898438024683,0.0002091393921665646,0.002093444479455853,0.0008912391784489664,0.0008857396504676068,0.006803965371061655,0.023117726533606393,-0.005759766008674536,-0.004106469648965734,0.009353575759618711,0.010803616221378811,0.003915876916953221,0.002624986592612028
2014-06-26,-0.0024364787549308866,-0.003886015252950357,-0.012414678122153038,-0.004382211452267961,-0.002199828468206888,0.005958309583630625,-0.007403018884453735,-0.0019817209868130178,-0.0010775335322840696,-0.0023650592752155323,0.0017782646092254393,0.003129193434024461,-0.008864183657880827,0.0016668654889289514
2014-06-27,0.0024364787549308055,-0.005204956448301591,-0.0019073864000405734,0.010069430572857446,-0.007347922782471705,0.01181116092834462,0.012623723670611127,0.001572031832724158,-0.008069321486403989,-0.004286595663618753,0.0072172982993524365,0.005563606206046633,0.005074864989530223,0.003799577119221982
2014-06-30,0.0015631787811803137,0.0026058646667817356,-0.0008488964856129972,-0.006447964687898598,0.003949499478904993,0.010275359457470216,-0.013103224998427,-0.0017430538607781808,-0.005250395933694558,0.0014564411757771057,0.006626571006143501,0.007076544347597266,-0.005456520105160967,0.004021294596958451
2014-07-01,-0.0008681309686641669,0.014853356704986956,0.00761424998524544,0.0030395160178965965,-0.0037696379717802576,0.006328795594564838,0.004068451226295994,0.011597191602735823,0.006731365745768451,-7.66019380666292e-05,-0.00757681882080904,-0.006632790180120247,0.008741425143649017,-0.001653869248808517
2014-07-02,-0.010476785195414024,0.015898586067798204,0.011522071535231396,-0.0011387361260884901,0.00047947258934730814,-0.0004278074931556985,0.0007162468970400528,-0.0012010794240797675,0.00206967993852618,-0.0023775752274595597,-0.019335535531313786,-0.01835735454867196,0.003525563964038824,0.0
2014-07-03,0.0014032628157803187,0.011292466298172026,0.00477922987608112,0.006435759483958631,0.015281998015006685,0.005866370618328378,-0.002389487397381467,0.0038855994691269114,0.009992246148211608,0.007344536113327185,-0.01155921233494255,-0.005664453799903535,0.0052651494329008335,-0.001419782538545084
2014-07-07,-0.006683106126556715,-0.005630293259392682,-0.005404295007381547,-0.00947874395454377,-0.00996331335216956,0.020400922277613073,0.004535155165391363,-0.003919453591715848,0.0005846813653212073,-0.00550333881528223,0.0026579018235106376,0.004534127015151787,0.0026222154002648913,-0.0021334605698091493
2014-07-08,-0.01618820372925952,-0.022843632919466735,-0.01174017677428898,-0.004773278752657659,-0.017253726877469906,-0.006460470520170659,-0.005013738567682222,-0.021144172713554624,0.0017519957761564942,-0.004378391601102824,0.010285010746041294,0.007436653991069698,0.004603429591369546,-0.004757382902269117
2014-07-09,0.0046520033796942206,0.0012828738128891231,-0.0008438819066200411,-0.001148985189598521,-0.001456399310771186,0.00041941911068859314,-0.002636310694057672,0.008538820645743255,0.006977448600493995,0.011405075977176724,-0.002907985155252784,-0.0017977532931709832,0.013684488959877509,0.00023840743944150879
2014-07-10,-0.008245251945819428,-0.010309369658861213,-0.01018252327840585,-0.007307724828624892,-0.007619897273346177,-0.003728506354315836,0.0003599064282147379,-0.0057074248106038375,-0.009509095522273615,-0.008714319020254302,0.0038754373763818656,0.004040409537004906,-0.0007349338890328207,0.007362579274695341
2014-07-11,0.004310351501122042,-0.0038935805191320986,0.002129926257824849,-0.006195566768646901,0.0084090435188101,0.0019447589635718625,0.009668830919902454,0.011331323189938333,-0.008124952924700597,-0.013760266589958022,-0.0031822925506818996,-0.002467198739444505,-0.005529288523537545,-0.006885934842411084
2014-07-14,0.008743030088669895,0.012278021768409003,0.02976534979985396,-0.003501949104176562,0.013261194941383612,0.012834735585365464,0.0011872255935636556,0.012888544163453447,0.009196816608320849,0.006130465791231093,-0.008629141923496382,-0.00789092134163988,0.0019694738025317405,0.009721475494653657
2014-07-15,0.03457048167904769,0.015296665375473608,0.017808269207374012,0.0007792714206938601,0.012910314070445314,-0.011785087121196807,0.00732950438131345,-0.002021359715307623,-0.0028283044162143523,0.0,0.006825965070399891,0.006542606530633924,-0.0007380982005650348,-0.0066288121518173595
2014-07-16,0.007522688921111653,-0.019157674032933256,0.01069528911674795,-0.0035115135575667974,0.007655201675633179,-0.0056812356910990475,0.037679252087302516,-0.004122741714070444,0.01338786003046164,0.012531395968878546,0.005399805436223552,0.0067234677302690895,-0.00394575111186127,0.00047494657743897605
2014-07-17,-0.014583770528105545,-0.020189549336216788,-0.01292947304598782,-0.009622067364062207,-0.0019377006150953296,-0.017992723640861272,0.010156954488951946,-0.016731934424293708,-0.014169491726338346,-0.006207630004127264,-0.0008288438104007421,-0.004926118336056001,-0.004830029824736151,-0.002376991848920225
2014-07-18,0.006374386301039482,0.018899226576546697,0.007697019972895319,0.011769457159476408,0.007786696643021807,0.014293126376396825,0.003586643611749152,0.04096936150632288,0.004096767337323703,0.0023803136358801704,0.0103114957781302,0.007602898877022533,0.0,0.009709963797379045
2014-07-21,0.00017171803940198359,0.0019348603262953669,-0.004246290881451097,-0.004495268001740161,0.0014569191655997872,-0.005213183825400583,0.003239321458650742,-0.011083990339705705,0.0034011985559919407,0.0068786575106381965,0.0034136716429848304,0.000445434305805824,-0.003357585694845934,-0.0007072969763214867
2014-07-22,0.007356119049338018,0.0,0.005053067851391201,0.005859391763892738,0.01903500975132533,0.00827953568611824,-0.00011152623666285677,0.008535754523223034,0.004452625689591033,0.009777619867226615,-0.0009546540104505499,0.0,-0.002244669853823973,-0.028952853789922715
2014-07-23,0.005608920967950956,0.0,0.011625707207394453,-0.0003895598023554975,0.010232012869973144,0.025742654379683687,0.0008918618205437579,0.0026804344451144746,0.006833849205155469,0.009757639529880298,0.0014997616827111763,-0.0022291583015949254,-0.0013742272135829864,-0.009268359030274956
2014-07-24,0.002877212782883262,0.006422629656467192,-0.001795153568750701,0.0050524786843468604,-0.0031720883061439904,-0.001647616478171061,-0.010529950549712896,-0.003608677976765444,0.0002877283863902643,0.007219173242613191,0.00854648083453696,-0.000669717627442946,0.0033697379780402844,0.003912942141065239
2014-07-25,-0.002707735619525371,-0.0019224613418547427,-0.0011985618694117658,0.00019381723095852386,0.018771978196584875,0.00658447892817488,0.002249719734015546,-0.00820925607040551,-0.010604553248797112,-0.009537364596725028,-0.011138392796455794,-0.0008936551086251761,-0.008759910852999249,0.0007319751455280936
2014-07-28,0.0030456876335562028,-0.005789659144484239,-0.006617892397530605,0.0,-0.020532292100505153,0.013717161967894036,-0.011981605979475856,0.0015704622724876025,0.0006781960246381171,-0.002473671663535024,0.015989500544698748,0.013762703357512973,-0.0037778662234824846,-0.007835495523948608
2014-07-29,-0.009335551124237524,-0.010376227986090858,-0.005649732542119021,-0.0011634672632980698,-0.0023329266036226505,-0.0064843185660832395,-0.0019350071486377897,-0.008499845804137027,0.002901356000451016,-0.006173323828779065,-0.005526737798942018,-0.011084130327434357,-0.007725958258002082,-0.008145176464401317
2014-07-30,0.004593797955199848,0.015524244503492171,0.011667804867681982,0.010806743535102192,0.0012524909123833063,-0.002340610644723623,-0.007008666578437496,0.002505487316106621,-0.002901356000450948,0.0008303453958874689,-0.012650648207599558,-0.01075761158761428,-0.006249621769759702,-0.018257353445552977
2014-07-31,-0.021273747906274603,-0.02140853738918157,-0.02204113087688028,-0.023302025202844263,-0.01657956114165926,-0.026324100665114605,-0.009649769075709639,-0.027048687716901436,-0.04263962604157968,-0.02513789393628974,-0.012674091681127205,-0.024867256050558784,-0.010805353394397239,-0.008364007700036487
2014-08-01,-0.0208505144423347,-0.017863524964347167,-0.016699697439550278,-0.010864304391905737,-0.015271921905073623,0.0055286220203692674,-0.006975150344502857,-0.010319651049343343,-0.0014160010457403992,-0.010422432371500555,0.0009699993831994477,0.0006927606789007965,0.029689382015927447,0.0027957827335196713
2014-08-04,0.0030053942890286337,0.004662013105811371,0.004977198163621457,0.012630915902493168,0.008422580059498747,-0.00563323000205351,0.011828967801843903,0.015001968395334771,0.01337173696588924,0.002108799156935561,0.0,-0.00509142502308771,-0.005413244162286978,0.0
2014-08-05,-0.010469441737373087,-0.003327790092674691,-0.009352660920818961,-0.01163835998974147,-0.013309686085715824,-0.004928959693144802,-0.006709105559087011,-0.015804242711523375,-0.01946312635929116,-0.025363821650356718,-0.01704189868043013,-0.011668743834377378,0.0023955127133489557,-0.005599403787493376
2014-08-06,0.0030278765674679417,0.013245226750020503,0.005206718000407805,-0.006768889073694752,0.0018870155381260766,-0.001683502081113876,-0.007923602397186171,0.002352675727711526,0.007911594163319758,0.0061430645137140714,-0.016191235687003647,-0.010145185516856269,0.020935344049346414,0.018711038926868588
2014-08-07,-0.005707167265556406,-0.005277057100843781,-0.0016632020466029744,-0.007217352901045069,-0.0037775986369962783,-0.0050675784123056225,0.01139944878853882,-0.004675922329257651,-0.007199017149404608,-0.0006364866154886539,0.010823232967849589,0.01061455891200247,-0.011784543748467506,-0.014381476579850965
2014-08-08,0.007661507409672669,0.005277057100843819,0.008082108028452294,0.006018072325562945,0.018514707456493053,0.002748125606498692,-0.0006942034294756839,0.010663288688088544,0.01484800774364096,0.017435651348979626,0.016157710140534135,0.021126728893735274,0.010056574915645707,0.0025380724284710925
2014-08-11,-0.00035505059843967107,0.0013149245813092439,-0.00123915753154809,-0.0022024235552000394,0.0011603621631508642,0.01310772187983975,0.0,-0.0011946088211597311,-0.01017794849461808,-0.001173846830410184,-0.002372149301850778,-0.010855863627989164,0.006525911234961052,0.0030372081054496547
2014-08-12,0.0005325286359983064,-0.0006572461623382686,0.0010327378796643177,-0.0022072849335000467,-0.0007540822306927199,-0.00020837674590923436,0.00738010729762246,-0.008926688647905445,-0.0024338314417473154,-0.004866571614191597,-0.009122230123884202,0.003708859142522899,-0.0007366482837722926,0.0027760270193391296
2014-08-13,0.006544641738086629,0.0026263967822190825,0.006379278758964778,0.0042096884860330155,0.00023208587281430665,0.013146506818386285,0.012785562296971704,0.021510667896262933,0.006073507889197011,0.004004874016710486,0.0,-0.003476652012720721,0.0007366482837723511,0.006531045570997149
2014-08-14,0.004573446845890113,0.004579661259024731,0.007764648736700821,0.007771285498985201,0.002086352538892942,0.002670228555878892,0.004301081899390702,0.00015395010336521006,0.0,-0.0050282946925358325,0.016083138086087023,0.008323747480711198,0.005751713831233602,0.0059910313991191596
2014-08-15,-0.004044672708250161,-0.00654881187890544,-0.008380222778915352,-0.0033800608778500074,-0.004816769316389432,0.004910998206627359,0.011677653475158858,-0.0016090934349329972,-0.0006056935375966874,-0.006796833247279731,0.00013872511640487386,-0.00023028209658464176,-0.0020765902533425185,0.017271586508660716
2014-08-18,0.008422580059498747,0.014998650910214514,0.01608504597169015,0.009514442437643713,0.015298321162241432,0.01197133095656102,0.007119051201095774,0.015284084642398109,0.004935794457657869,0.001584786385571545,0.0,-0.0009216590514174637,0.008038041085762029,0.011431475574251223
2014-08-19,0.005749645598156214,0.0,0.003830263729251553,0.0033481075097156745,-0.0033858458216074077,0.013721483250339027,0.0048651135324533495,0.0074129822323796045,-0.00030149238960097024,0.010475423638153897,0.010898914535215501,0.009635311983672092,0.003027919711817151,-0.002178913826594598
2014-08-20,0.0013888891121543452,0.00452051141131828,0.0020100509280241,-0.00019663749940453253,0.0004023104166449543,0.0003978120390601925,-0.00841830403512851,-0.0028511071538952363,0.0021085403665244895,-0.0010975228445685053,-0.001647899301781276,0.00022828444340665494,0.0014501513115333378,-0.00024239486241576063
2014-08-21,0.01480998310648938,0.0404095383378767,0.025182256628945437,0.008615678906608143,0.006415051497413216,9.942828742970022e-05,0.005988705932194526,-0.005034401076206056,-0.0042215360714409214,0.003445309178912825,0.0038408826367916215,0.0018244018743355007,0.005659597261104826,0.003871284776785832
2014-08-22,-0.00017095478287632588,-0.0018581609558318843,-0.002745099763039306,-0.002146970669534342,0.0018253384795481578,0.007330394389655656,-0.0015491869868293781,0.00020253848300404238,-0.007887592718308604,-0.006430386022366066,-0.0023302046045221955,-0.004796172263493055,0.0013199737921805726,-0.007027776410566225
2014-08-25,0.014427815407741462,0.009870530476836266,0.013650757995044551,0.005261631548415919,0.013584858264341845,0.002168984385773897,0.00044286980351835475,-0.0033302090602833896,0.0025348556031881157,0.005726628711387132,0.001508399326110673,0.005023988644476046,0.001797160970135331,0.007027776410566194
2014-08-26,0.006718197925288043,0.0024524843684199764,0.0096376998884569,0.0021357157909280087,0.00016864828440345126,-0.006431906933194971,-0.0036595549574642188,-0.004157163509335062,0.008972286612748346,0.0032020020329143204,-0.009084714924380705,-0.008234264274724255,-0.0019170866163785902,0.004577769709741938
2014-08-27,-0.0025140380290761817,-0.007992664744035309,-0.005192818669496255,-0.004276002627992289,-0.0005060302039330327,0.012225609003954245,-0.0030041747211566722,-0.008743822358964015,-0.0011045841360074358,0.0030363213797772156,0.008399360912220767,0.006638458624316438,-0.000839882465832908,0.0
2014-08-28,-0.007242136916288631,-0.011797715229714968,-0.00910417910638005,-0.0037076830453589144,-0.0009002420008204257,0.0011742833329035705,0.00022284122654911607,-0.004607510815900108,0.0004018081420207421,0.0008547341131893576,0.005196948239353471,0.009084777449517549,-0.003366601712878674,0.0007208939396664125
2014-08-29,0.004889985294191991,0.004984433995668337,0.005046594561509335,0.00565358753172841,0.008184819770131064,0.002442003655551809,0.012180418556871013,0.0035091376705327893,-0.0011053611134003894,0.00542216665370092,0.0092329237019643,0.0038361775579438223,0.0009630432909956977,0.002159568925687598
2014-09-02,0.003693758397199665,0.01112496022665457,0.005983996236751199,0.0025240281335037274,0.0036781138211575866,0.0077745775471300006,-0.007512187338319024,0.01070898969499465,-0.009800533104981458,-0.014864665310420987,-0.007325046317573194,-0.013605652055778709,-0.0015654166602131223,-0.00191938638580348
2014-09-03,0.0005026388645658785,-0.01050364924052906,0.005182850645808476,-0.00038789759989871746,-0.0009461001902255014,-0.04312377032603027,-0.002887286847557181,0.0015108435586239908,0.006275324237006213,0.0025058744514550725,0.005566506804530769,0.008638380609570763,-0.0009645527634725842,0.003356512381651615
2014-09-04,0.00016749016034454565,0.0006209251984656003,0.004584535250413,0.00038789759989875426,0.0026690407303775715,-0.008322386409273953,0.006650434619955591,0.006121812364381915,-0.007596127070625321,-0.008324873335455224,0.002163917533592824,-0.0004527960231313679,0.009603915354180353,0.002151823902632179
2014-09-05,0.0033439255369324883,-0.005602255548669786,-0.003245206627743233,0.0015500875027800332,-0.0018341999973208007,0.008625554518311082,0.0142593180557394,0.007792334461694118,0.009108452811302977,0.004720701134937394,0.01181856356516403,0.014165498250368913,0.0008359706702883525,-0.0007167602743843542
2014-09-08,-0.00033388981946245295,0.020389955703049394,-0.004791576009899284,-0.0034910819009843384,0.0020007787478100417,-0.0061825565606079035,0.01212398483575624,0.006419845128768304,-0.015124888641714938,-0.009384556867523843,-0.0001335202618981884,-0.005148304600180071,-0.005386331772946975,-0.0014350636282478319
2014-09-09,-0.013955669960594429,-0.012927234501459717,-0.015294074125052848,-0.00780187300511059,-0.015160705473487001,-0.0037687847002648004,0.006221193506980584,-0.01618668048931345,-0.0038942455444719256,-0.00819448477398365,-0.014797149191000317,-0.013329012426309855,-0.0039684977824146275,0.0038222693453541894
2014-09-10,0.002705446357668496,0.013538668332798265,0.011058411265690064,0.008772841136545693,0.013827297864400222,0.030255084193532344,0.0017094021256491012,0.002446453442670621,-0.005973241241127714,-0.007215616971708843,-0.0054355345133038765,-0.004787425078993029,0.007801755950076288,0.005469042284694652
2014-09-11,0.00907721815111668,0.012754500263870509,0.007687910246592046,0.0013577734604602887,0.006262663525946289,0.004248388546644869,0.003410062980541964,-0.0039002860684891915,0.002269914305227897,-0.0036274272978394106,0.014474381887599218,0.006832183260471398,-0.0017950103545237583,-0.005230634845253279
2014-09-12,0.004507896439189922,0.013189639650977875,0.0028677966313584826,0.002129926257824849,0.011917652106299663,0.0022650066308520615,-0.006510509148377405,-0.01056123284947591,-0.01296631412274477,-0.00949335702916955,-0.018981047077434324,-0.016014984242806403,-0.00275862243907964,-0.011749325905581757
2014-09-15,-0.0015003753752346762,-0.0029824060281202266,-0.0013372816970461682,0.004631424720218865,0.004412372676885605,-0.0002951448690814258,-0.009791868197559131,-0.005589192803695157,0.00531057633772941,0.012798878642593936,0.0051877249450985735,0.00023060071588413647,0.007299739229490766,0.0009643202290189663
2014-09-16,0.0008338197764847227,-0.0017937224540267663,0.0009553836591794028,0.007098351147917384,0.0003260692382566148,-0.007605350501095846,0.011182912239745529,0.012200899801172336,0.011769700185057302,0.005778507250944305,0.01231492659392894,0.012829500140413355,0.0025007455723754304,0.0033678165101154916
2014-09-17,0.005320045797893776,0.0035842332278151067,0.000572792378429188,0.003816070267248138,0.00422925317262651,0.007113248724519639,-0.005145808953403837,0.0076307187966075185,-0.0035987905788493406,-0.0019224613418547427,-0.0006727211824505103,-0.00822861785833739,0.0009510224207039318,-0.0007207207519182903
2014-09-18,0.016608126540717878,0.015971945566052186,0.02395211157734958,0.013806365877143014,0.016474306745536828,0.0020652020911496693,0.0034334797678915365,0.006685954216749999,-0.004853125328982397,-0.004661263764014386,-0.011097691376788519,-0.00667820559112466,0.00035640036017300084,0.004316553464974001
2014-09-19,-0.0034305350967892482,-0.005295687574710344,-0.0033600927637356865,0.002251408080457428,-0.009035320362464502,-0.008187468671345604,0.01783486763603432,0.013520124127803467,0.00526507178176986,0.005302494949820584,0.012173828149998954,0.00942860842511841,0.0033202923898325953,0.0062023099591330426
2014-09-22,-0.003278154058430987,0.004708660848137756,-0.00826140635613533,-0.008658062743114541,-0.004899199548643426,0.0009900010708596882,-0.009727291755173118,-0.013520124127803406,-0.00598989707884127,-0.010552274805596278,-0.006880296956277476,-0.00504819796264379,0.004017018634203436,0.004034656001217628
2014-09-23,0.0004924087091697242,0.00117370905492875,-0.003777866223482373,-0.015238390104932385,-0.0010799720256978776,0.015513320443618434,-0.010681579876034047,-0.010248732897376664,-0.00529678758246552,-0.0034881398173866817,-0.0027111308459242455,-0.0016116038943415328,-0.004372237393488871,-0.007846907461231015
2014-09-24,0.011258991416588812,0.007595712826583465,0.007917100731661499,0.0005756500206932692,0.014588620224220661,-0.00870889598467661,0.011106478968893546,0.012172308999204373,-0.002189211194905357,-0.005377671234118489,0.000542814506475145,0.0011514106050420575,0.009429584250296564,0.009030479619755174
2014-09-25,-0.024307322553463916,-0.019395259757738533,-0.024711388583387277,-0.013907892712601415,-0.020006045034375333,-0.03887875688497616,-0.022337698538394086,-0.022253742190622358,-0.016520605126855895,-0.014151955787365313,0.003385931317726672,-0.0027656159595831416,-0.010733133643866171,-0.011659858450278806
2014-09-26,0.006793166708505612,0.010625837876226063,0.01014848346180965,0.00890788229589548,0.005579494986895724,0.029002133389064263,0.008004369399402456,0.0045177590371890605,0.012442168101042424,0.006524904421318993,0.0016211838189999106,0.0027656159595831464,0.00296015845779243,0.010002464913546439
2014-09-29,-0.0038051166765230857,-0.0011750882668264944,-0.008417880203230626,-0.0034762491553608963,-0.0069928459505860675,-0.006372619395400087,0.0006462035766063014,-0.0001530989787886478,-0.010534175154184658,-0.00760271408499941,0.001483779863510531,0.004134135424117174,-0.001656609064222697,0.001184132761216772
2014-09-30,-0.0014929089610321773,0.0023487973217553287,-0.004428619927013869,0.003476249155360909,-0.0014153513522216206,0.0063726193954001,-0.0017241383581398043,0.0010202173947768227,-0.004032263527938563,-0.010255644980632275,0.0077873648103897,0.000458295150092976,-0.008324462389122595,0.009657359240021564
2014-10-01,-0.007832720655475318,-0.013581549184723856,-0.01399167792430511,-0.011829867427383726,-0.015757868544376063,-0.01570581976580453,-0.009971901405051553,-0.015034014882795483,-0.012733573155263727,-0.014094844473176184,0.007063399794023652,0.010029717084235232,-0.0071908267665057694,0.001873536847797127
2014-10-02,-0.01568196710292599,0.0035608346230089605,0.0029311208088587263,0.0027274515251944883,0.011992002448317766,0.007233304593520061,-0.0030547699949570748,0.0021542261305895,0.004727125261522514,-0.004600451119325644,-0.004125363492549897,0.0009068239116095692,-0.001083097765187504,-0.0018735368477971303
2014-10-03,0.024510207999902833,0.02399881052738801,0.02066308913042572,0.013526776298201763,0.027984033907486303,-0.002806738009370466,0.007185659660874533,0.009202124688497928,0.006623248226488169,0.005110308370343345,0.002397443876079686,0.0002265775471343829,0.008870832565891407,0.007938402650358013
2014-10-06,-0.001992032531240541,0.0,-0.0007648183929220399,-0.0013444734571090833,-0.0031420608994814623,0.0,0.0,0.002606408466826079,0.006368096238920692,0.0032230731888010723,-0.001331203604466684,-0.001587121974694755,-0.0026290646118504635,0.013857034661426279
2014-10-07,-0.015236795402152285,-0.023998810527388063,-0.019508102960411985,-0.018427444137873658,-0.019823963132918638,-0.008771543863906103,-0.012224557385726252,-0.023549131053724096,-0.012241357822872436,-0.017684455575272037,0.0018631892534006905,0.0015871219746947784,-0.004918141023532565,0.007312646846286557
2014-10-08,0.01888582914102233,0.014117881545785022,0.024468998461784467,0.020731150282443017,0.01533341779158781,0.020546951856037058,0.027084311809342194,0.016652081041800205,0.013193084220518304,0.016498215815765722,0.02417036092781319,0.020184583002844626,0.012190900352612555,0.014242356715542949
2014-10-09,-0.022096647277590167,-0.03144726651124293,-0.027007814394353184,-0.0199483713775021,-0.029193995238346652,0.0021801614026382677,-0.02008056245355906,-0.02239927349497242,-0.02993303989527695,-0.029598650428435916,-0.008602764212856358,-0.004673425664086889,-0.006196397328372334,-0.015381438738695682
2014-10-10,-0.009523881511255366,-0.006652579721027448,-0.020346380891407296,-0.009434032233358529,-0.004921895737265682,-0.0028748470853167184,-0.04050397893481142,-0.027746007217411175,-0.0023988671409914024,-0.005429085138988335,0.005743391326275208,0.006226393252956456,0.01223656491945519,0.01358408934448243
2014-10-13,-0.00617074292665973,-0.004866189651173011,-0.004199586214160333,-0.008726751138237196,-0.008965673310564819,-0.009175291256094746,-0.008667937482051365,-0.01898342367827854,-0.008331554442726739,-0.01646637771562776,0.00752078233707841,0.016271247282169294,-0.01570899851098555,-0.009035525668709384
2014-10-14,-0.0029272513369146195,0.007290433262679274,0.030978110907190173,-0.027670148624114665,-0.00039164126161500085,-0.010676974917263875,0.0018310831392180107,0.0072066451789182225,-0.003197532907935377,-0.02028832944888879,0.018684956193277504,0.022642476749759752,0.0021567226188805876,-0.009805117889025595
2014-10-15,-0.04334716663483338,-0.04709668366309898,-0.03539667603943982,-0.020273760174605544,-0.008203675834093456,-0.012328853499324699,-0.011731014346089232,-0.014613540522519711,-0.0036510523491724866,-0.004656479539089241,0.00038030044192902005,-0.0010666667678024576,-0.00720723840494916,-0.009439462285329719
2014-10-16,-0.008136741393061824,0.020101179321087088,0.0014080259793783467,0.005834565416054776,-0.026643849251127293,-0.013209686406943293,-0.011168101187738252,-0.0070709708616925465,0.004203081068683731,0.016248712230807295,-0.009295285619589587,-0.01029831028106177,-0.008596214929598636,-0.015619853646151347
2014-10-17,0.020130083039191345,0.008052071996764566,0.006411562737251616,0.01156798687959142,0.02478023160036092,0.014541585584422242,0.020609737244516705,-0.02632500657641199,0.006710327143133411,0.006640964907537526,0.003320564992336096,-0.003240093557134755,0.01244653854087304,0.007490671729157659
2014-10-20,0.007622123226068162,0.0030797683720797608,0.009145192961963816,0.010013366593436998,0.005243140975418671,0.02117285191239533,0.010261177709140734,0.017833419032278183,0.006120906638854709,-0.0027766599415186962,0.013550514435711111,0.012043156309798334,0.010869023094696728,0.00951614469134265
2014-10-21,0.02269650498281908,0.020694591242832957,0.014538566491791931,0.025495710011571502,0.0130720815673527,0.02680277143984545,0.01798609636978192,0.010556800613620345,0.020278982059175863,0.031779530200919684,-0.00529702335787012,0.0032013686502932594,0.0050950995939849485,-0.06218509027352994
2014-10-22,-0.008320380813768074,-0.012121360532344963,-0.01117987519847173,-0.0055655083034564295,-0.018767532156407925,0.005061823326083767,-0.011203343709992986,0.008623933824083996,-0.005568062356531152,-0.0095159825859043,0.013564639034138492,0.005524875931969807,-0.004501310609137097,-0.0014760150281206525
2014-10-23,0.01056195430171906,0.01212136053234504,0.013906795470275726,0.00853433779725821,0.018101309613444787,0.017708094326770896,0.014317917974138328,0.019994463631111466,0.01046794433713,0.019028333800274928,-0.0011233852520121954,0.00042372881989933387,-0.011943292569268587,0.005891033237237343
2014-10-24,0.011643967173990102,0.007202912294057796,0.00755744319802401,0.011787955752042173,0.018106765837004154,0.003713405838179816,0.024356662091142997,-0.008616442588273748,0.004029697923838026,-0.0024127542941168724,0.0028683688681735405,0.004227442355831458,0.022923980267274904,0.0041519170646187875
2014-10-27,-0.0017038681920780174,-0.007805503454202329,-0.004062294008878681,0.002146132908411373,0.0030496129935547113,-0.0010459754673981271,-0.004780539308598567,0.0017837970473757612,-0.00828910165880227,-0.007708001615045542,0.003853090342793619,-0.0006329781833874383,0.009233891803579504,-0.006602298099570698
2014-10-28,0.016741745556618514,0.012578782206860185,0.016341803638940493,0.009118309369518046,0.013019118065195793,0.015388550070535694,0.012554277441362833,0.01634206026517833,0.014724062415612351,0.01817840279617511,0.0013636647498439438,-0.0002110817949791096,0.006031801143480582,-0.004918849071596266
2014-10-29,-0.005718145415738203,0.011246049274627376,0.003996579684485375,0.007503642710909699,-0.0012889368057311813,0.005605395842884138,0.0027923979051175246,-0.0008770438815619742,-0.00537720732626538,8.537157985286808e-05,-0.005590423901868023,-0.02025871608936931,0.0008092018243999122,0.0422411054490483
2014-10-30,0.0016852043084926347,0.002351558990756402,0.009451866207972419,0.025921421057905084,0.021794303340943802,-0.0033594656455788016,-0.012301870906295273,0.003253721405981195,-0.0014811682775606038,0.0005120764812759978,-0.005246077482464089,0.014542600176081113,0.0046114907639072346,-0.021742583900707484
2014-10-31,0.01818686984350874,0.0076045993852192125,0.007124139617332963,-0.00844045149662627,-0.000999552914849523,0.009489326021115593,0.01935544295295629,0.013473708893420977,0.02364621578135321,0.023193112142791437,0.028396969822255688,-0.015835982550821102,0.0037885356145738345,0.011527505171067414
2014-11-03,0.006591981682152962,0.006389798098770988,-0.0011214954446497464,0.005260203750273212,0.004411540162374037,0.012879662863661238,0.010382549035197888,-0.0072461523802301595,-0.015106814356157341,-0.02678316643031208,0.0027958445246574876,0.008804953266244064,0.0012596623480698522,-0.0016728406338624385
2014-11-04,-0.010402141182666086,-0.003480281935139061,-0.005250340206414023,-0.0018754694169455498,-0.0029388633065132543,-0.0073394824880459114,0.0027365557547201352,0.0007447072935399292,-0.007798543054007337,-0.012147467916193184,-0.0018224900251304144,0.0036282186850825865,0.014316799475683808,0.00023914863201382434
2014-11-05,0.014827289762416932,0.007525361128947591,0.015483939610243497,0.004868923476382105,-0.002262503924801266,0.0023912455062189085,0.006077772036037101,-0.014712712050289414,0.005802010052231997,0.014456838997721377,0.015326432874005615,0.021497139736436136,0.004053146733166217,0.011648770731488593
2014-11-06,0.0013074033566817156,0.0011527378798082617,-0.0005555041342739257,0.00985229644301164,0.006091815919121636,-0.001470858878890189,0.017398947608316822,-0.0076920678281506855,0.01243940150402428,0.012564899154489325,-0.028300911083725497,-0.020006985123274413,-0.0011242272122808802,-0.00047281324757900205
2014-11-07,0.003911985429054909,0.0,-0.004455177222423504,-0.0040778555118291555,-0.0015194784302027579,0.0028478270131033698,-0.00041076196921776696,0.0002356118215537362,0.0034223523162411453,0.0022753138371353837,0.011148660649375017,0.0025493958996004274,0.00258383562276706,0.000709136065646713
2014-11-10,0.007455464031051572,0.000575871020809439,0.0026012649376330774,-0.00018575276360656358,0.0056992128329106965,-0.0016525894322969084,0.00430460847122775,0.011549157693108072,-0.003214603276333308,-0.00743497848751809,0.00885444562314934,0.009712914197379519,0.0035838318121022015,0.0016526978145019206
2014-11-11,-0.009083598548963947,-0.0028826771187244918,-0.0014856084440770534,-0.004655068456403249,0.0004170141845251496,0.007962335573214416,-0.0004091653084908424,0.005466642168895905,0.0013493177614176898,0.004400074792363949,-0.001813017962022468,-0.00021015025820755122,0.002456455009228104,0.002826857006152848
2014-11-12,-0.013286507271812261,-0.001733603439090079,-0.0072741158195134955,-0.0007468260242562253,-0.00889918452256493,0.014030553765164903,-0.0018433184942891127,-0.005430815284398013,-0.010741017806210779,-0.006692388060019009,-0.03458593442256487,-0.010139503852439504,-0.002121128342027326,0.004693742482676517
2014-11-13,-0.005464042073563724,-0.00405680069561443,0.00037432154657546625,-0.0028055755801116087,0.00031544083117356346,0.01401370726548032,0.016872033525183183,-0.003247542528897416,-0.007577388391976361,-0.01025211884302153,-0.01082861248469366,-0.0034028105994947204,-0.009883279010893704,0.0018713455753502544
2014-11-14,0.0008298067026650339,-0.004656585829950861,-0.0011233852520120841,-0.0007494847643324819,-0.0013676294804354557,0.011982522224283303,-0.0006048997059131442,-0.0022489506883620124,0.004532287073250965,-0.0011169825451408974,0.0015180268569772544,-0.006411648380640479,-0.005545823732396817,-0.001403180772791931
2014-11-17,0.0016575505203980463,-0.0029214160421342983,0.0035530659164908934,0.0016855514806278673,-0.000263220237891415,-0.0016654252874260106,-0.002423264513774213,-0.015519947030484961,0.00021030494294121504,-0.004912320818865692,0.014930331919410986,0.009389740349838917,-0.0030690561174178833,0.004436668106564197
2014-11-18,0.0024811856249031933,0.0029214160421341903,0.0044701136084592755,-0.0031862082994823676,-0.0015280451902273601,0.012900030715077386,-0.014664213896209916,-0.00390414279523993,-0.0025265830895085614,-0.0024219370025790493,0.00012452524765488724,0.0036043715476758655,0.0012514934223465978,0.014112437801708391
2014-11-19,0.0011557831716728305,-0.004678371106100725,-0.002791478503850328,0.0016880806784605425,-0.002375736935589504,-0.0069523179135513756,-0.0107261754440352,0.0049280586310578725,0.00776988369256913,0.0086229731507961,0.0008712428206840861,0.00042319086539324604,0.008829579663679275,0.015726819865094065
2014-11-20,-0.007952328190495146,-0.0035231980073169053,-0.002612429177504986,0.0022463506263740154,0.0029556151774112424,0.014200602300734437,0.00990515733551916,-0.006306393269958042,0.0021940143576212644,0.00718627440306846,-0.0026160089661947197,-0.003390552093195347,-0.0029345393519518413,0.000678196024638339
2014-11-21,0.005474012176028028,0.007034026657379982,0.002612429177504985,0.006151571267586018,-0.0008435704617923388,0.0013746887636129077,-0.014894772676995724,0.003909517208217238,0.010278863277004257,0.010767834761592548,-0.005001886131822192,0.002967361227802008,0.0014683461157405605,0.005633817718256064
2014-11-24,0.008401334317589167,0.0034985458425131457,0.013696308864419004,0.005374862351107614,0.002528579548799086,0.01833352781553151,-0.008161602278529268,0.002908441096465582,-0.011323031691807553,-0.008383840443897218,-0.009319966706154106,-0.011494379425735134,-0.005545823732396817,-0.005181942428144777
2014-11-25,-0.01088580764525117,-0.004667453047495058,-0.001287593298465289,-0.004074834310272632,-0.0063864255278230034,-0.008678221465565442,-0.00252472256979247,0.003191365967822984,-0.009868846500730352,-0.012321538618906253,0.0015172591101372118,-0.005151331417129782,0.007800616119485902,0.00360767020376744
2014-11-26,0.000663129997775406,0.0005846243954878788,-0.0036879997545451056,0.007396483424505173,-0.0018018977793930872,0.011834457647002798,0.005881134363512636,-0.002734832509687683,-0.0031702446503352943,-0.008994266289447486,0.006799321082635557,0.007503518965877807,0.0009004953332501659,-0.0031559990127103307
2014-11-28,-0.005650671508814407,-0.004099566502932441,-0.0029602241783351817,0.003677826874588371,-0.0005836627656209551,-0.0005884083723753337,0.0012557557112727522,0.0024616855822579917,-0.04259642988129435,-0.05573368303388202,0.015069716654789336,0.01294447782672568,0.017288925421014442,0.012118640232241342
2014-12-01,0.0,-0.014780050311720182,-0.011554358882789013,-0.012188516542497103,-0.0011152121386300566,-0.03299444590378683,0.01680014624996529,-0.017323369112103592,0.01979396463743627,0.025930736666157868,0.013505423199806972,0.005466792420642611,-0.003877906361008651,-0.006265404250529835
2014-12-02,0.017839918128331016,0.021214702522499507,0.018754611535180564,0.007404698771759613,0.010518345342290387,-0.0038310887084489105,-0.003296253499597556,-0.0019661677205080027,0.019728312189476786,0.020288625044189094,0.004137769077505519,0.004602518584897822,0.01093027718834688,-0.0002244920875967272
2014-12-03,0.007502889543464102,0.008130126083250309,0.015515507013010228,0.003130469364349919,0.003988041177955406,0.011277010555391846,-0.007872425161427641,-0.0030123865243289576,0.008036418423569116,-0.002722523966804405,-0.004503689676819438,-0.0002087464781611951,-0.01181877124946207,-0.016753844446821153
2014-12-04,-0.002603320702305615,-0.004637689471751031,-0.0005435275068132606,0.002020388234329051,0.005223307775281519,-0.0038026145553140267,0.015683359015551995,0.010393312953925536,-0.006127211225053207,-0.012655596142949636,0.0046251299587100735,0.0002087464781612044,0.006423767797802775,-0.006872879287761952
2014-12-05,0.02127739844728488,0.026943446986049353,0.016178673937194705,0.0096777894024691,0.018069670792157006,-0.0042518177637460314,-0.008636697732591543,-0.02708775259992841,-0.005845173132929832,-0.0126374077094214,-0.01986820321672506,-0.007752788962982819,-0.002210434144934219,0.0006894174695677843
2014-12-08,-0.0004785834022908932,-0.0011318620336834176,0.005157859367149022,-0.004735892276037418,0.005968339699814437,-0.022868190903659276,-0.015086380912741108,0.00500562996811679,-0.0228556736378927,-0.037400417258165834,0.011086588056340331,0.010670673484253523,0.004195655928507382,-0.008999714603195864
2014-12-09,-0.0035166276649974343,-0.005678606968843456,-0.0092675765782738,0.0010948906203270888,0.0013722652149627135,0.01518658888570862,-0.002203915464152269,0.010085946547226901,-0.0034957431272938325,0.0019643615128154914,0.0067151219919991964,0.001871296938624409,-0.0005510552847883666,-0.025829094952259928
2014-12-10,-0.0287520820912552,-0.010303468369724554,-0.025019434119626656,-0.01045018218517141,-0.02514982512595949,-0.019198183300535444,-0.014604979680785469,-0.015167325483300388,-0.030105022743209708,-0.02029616089452313,0.0008514261902175236,-0.004580478547731975,-0.007857934296587581,-0.01052137874153276
2014-12-11,0.007552161982356924,0.005165004308719305,0.0007340796806063733,0.003128165215323,0.007988837425014945,-0.002952097684476345,0.00574042184393658,0.007678196473046033,0.0059594261940480045,0.00047671259900744647,0.007751037957953623,0.009966859915392074,0.004545210419009867,-0.001684109624555478
2014-12-12,-0.018155309697427305,-0.019653811809936615,-0.02057342511004034,-0.013502470931289617,-0.024690029148426,-0.01707744235757979,-0.004674891641898407,-0.020121785173207278,-0.02958122401757431,-0.02441145871395696,-0.0024157518693596045,-0.009966859915392036,-0.009557752242554325,-0.015041525701355075
2014-12-15,-0.014765368922662229,-0.016480655537657613,-0.011488967130624307,-0.009542592760592921,-0.01752368807924507,-0.01381040967466359,-0.0059816456925476475,-0.010931809834188674,0.00345821670295711,-0.014957964380857919,-0.01892261795577415,-0.0014618359082306895,-0.003916088920756972,-0.008345654722951195
2014-12-16,-0.012416181276253328,-0.007745049141815279,-0.031168356018524333,-0.007927561336649607,-0.012091783493852046,-0.013769580723756883,-0.03288982068026304,-0.03487532931401227,-0.005654622418038548,0.008293886405935093,-0.006429300089281446,-0.0018826488146166764,0.0017921151749815361,-0.004446647643034365
2014-12-17,0.022674406269817114,0.03178607799872657,0.02470691202530571,0.019144728867574727,0.009339265362351443,0.02465948088441106,0.012761449313173917,0.016504291568609518,0.02975765373440033,0.04160045250514566,0.009259897019546175,0.011243091574180377,0.014884202360145619,0.028315291726135648
2014-12-18,0.02820805583423215,0.015522013277861185,0.030973851010129637,0.026056520010802036,0.03494408214798266,0.029183373389555015,0.038177486459754335,0.016003162097578946,0.023755140789775336,0.027995318158630347,0.019954427758378232,0.01438873745209967,0.014231219927949295,0.02001496406308863
2014-12-19,0.007292796279574439,0.00512092157489041,-0.0016649712476361706,-0.013861246916983745,0.00867785850484252,-0.007753013036701355,0.0029417966162064383,0.010476967463582792,0.026841438245226654,0.035145084017288664,-0.0019293385943724584,0.00040807998933991093,0.0005433306300465222,-0.010434052451330477
2014-12-22,0.000161459595087154,0.005094831286708626,-0.0009261832652445161,0.009504732493599373,0.005983717430804667,0.010324050403138519,0.006691785740952538,0.023301508484743643,-0.0033160430450546795,-0.00800146516494697,0.009131386289394743,0.006912001497165685,0.0059572339730467145,0.00948998818484821
2014-12-23,0.008680330986373717,0.012345835822299362,0.00848870201554522,0.009054752194574276,0.005436747248165683,-0.0035479902395576042,0.009748080925226757,0.012081523520042981,0.013410162647423915,0.016993063121061327,0.0008368701546463663,-0.00385669817328427,0.007423779320736152,0.014533776688840186
2014-12-24,0.0,0.0027847414264326885,0.0022026440623420965,-0.0023463597083632315,0.0019928977698884503,-0.004720560981484818,-0.0064189059818494055,-0.0034210315041920103,-0.008600148563638884,-0.004221270888795273,0.015298252698837169,0.014937702057669672,-0.0016091834186385738,-0.0006984053362688401
2014-12-26,0.0011197313814897151,0.0,-0.002018904971333802,-0.0010847948993654734,-0.002248684956345226,0.01752257222503907,-0.005415551665153453,0.008512268005789482,-0.006096601588374574,-0.0019407204397546337,0.00983729680357975,0.011157716870653138,0.003429799718048832,0.00046565774997441874
2014-12-29,0.006533367196227762,0.007204242851847838,0.005496532709718001,0.007748484573309621,0.0037789851937736194,-0.0007020623368665076,-0.009021355633835512,-0.007804791062369158,-0.0015031138754465767,0.0006179105991723065,0.011816634253524106,0.008090818679695813,-0.008812523447594887,-0.002330460155178272
2014-12-30,0.003013244687352392,0.0011037528714377502,0.0020078495382868967,-0.005219124597891757,-0.0024496057158596486,-0.012277679290164548,-0.009103481944013442,-0.0037852346634215522,-0.000537374401668081,-0.001854878419026021,-0.024836582414544988,-0.02205752616140389,-0.0025940351770465356,-0.002335903888586482
2014-12-31,-0.009067110555764,-0.013326127246131851,-0.01340084303946984,-0.010885448560192619,-0.009652485478693941,-0.01920202561030089,-0.012196577852075953,-0.008668459631326089,-0.0061465659628170246,-0.008256072463098762,-0.013790042588979447,-0.013349712819309632,-0.014278949890920002,-0.012709043736669898
2015-01-02,-0.0014391942997456723,0.0005588153260815102,0.0027682955761417606,-0.0021913814467041954,0.0029878447943646035,-0.009558126564961824,0.00665167134402,-0.0020939255535573167,0.004101905578707189,0.003559355955689674,0.006086300785595283,0.005280272219618356,-0.00716138134694942,-0.0018966340441314942
2015-01-05,-0.03153707394188915,-0.0294805930094633,-0.03202220990782557,-0.027805313080336774,-0.03172049095063123,-0.02857602364186716,-0.009346364432444037,-0.019237778827434077,-0.027743151092453313,-0.04079238638393713,-0.014500823327241076,-0.004262667572937442,-0.0047658721407751745,0.0
2015-01-06,-0.026271066611971053,-0.03037616726353661,-0.03583918672582259,-0.021085404590498555,-0.0204367881935306,9.411321827093872e-05,-0.014678165130446107,-0.024989118254069208,-0.005330384636529513,-0.00046272732304981196,0.01628388472089765,0.011930178906767674,-0.00456545528810922,0.007565047899067112
2015-01-07,0.0015247779320136992,0.0047337366501991425,0.00922751221986303,0.005933599569896229,0.014792771294268712,0.01392480796106002,0.012625330959156548,-0.002945277334433662,0.01008151229658359,-0.0008334491383968092,0.0032015204911242903,0.010994613501091596,0.0052318258147667236,0.0124050742330801
2015-01-08,0.02210034700066592,0.020450610471290622,0.014935783417601958,0.02189592949597539,0.015839292869654104,0.037702516835772734,0.028993717132885122,0.003478058166926934,0.01650761726818568,0.02262519226054881,0.004017018634203436,0.0007949126014763421,0.011370658470261091,0.012023266224398494
2015-01-09,-0.01753991345713406,-0.018092118811997758,-0.022586629958069954,-0.0165666439478915,-0.015465590812613048,0.0010719072040183363,-0.008440649394723068,-0.012286410424221992,-0.0014105139863664676,-0.020126925867488314,0.0014139274183092737,-0.012795056604586833,-0.009374207052922245,-0.01109324988208035
2015-01-12,-0.008631685986311277,-0.017825783952600573,-0.007908305352068164,-0.012031081814102474,-0.012244393350039401,-0.024949319047948615,-0.012581464606695885,-0.007336319460338323,-0.019405312099508992,-0.021767406224656793,0.0009415088373494739,0.00020118700399816088,-0.003663211067609353,-0.009104766992919204
2015-01-13,0.00016996685687220293,-0.013884919719219827,-0.007171345474991126,-0.0038498603854414367,-0.0007567567928717416,0.00883953447938971,-0.005271380072654512,0.009490890776214253,-0.00365996083148706,-0.015994248039633924,0.005396540548659117,-0.0006036824813579186,0.0042170742775587714,-0.0002345490804700627
2015-01-14,-0.035109529164201306,-0.025239874773012483,-0.01958273943810101,-0.011639316657018815,-0.025743562092071483,-0.003817839379659098,-0.00866650424887286,0.008196685864345446,-0.0028930697824278324,-0.0028832312140848037,0.0025706955031008917,0.010213366041618906,-0.0034389073770825906,-0.0016433857437300147
2015-01-15,-0.03256101604931219,-0.05379017458613769,-0.0378109021033463,-0.010395307889547085,-0.009701235763297324,-0.02751535416380609,-0.010389987927737513,-0.00380221065229295,-0.00872977004556507,-0.011908936794308359,0.012409553277646342,0.01208055091759392,-0.0014456494038432497,-0.004238292193235894
2015-01-16,0.016949558313773205,0.011772536225267412,0.008013539298401632,0.017976255849471375,-0.007084253174368202,-0.007800424872460646,0.016572555481786863,0.012706375701352149,0.023990488636654633,0.0235825934254271,0.0067773506213919185,0.01076858179013101,0.015350088820586945,0.0035331564253890334
2015-01-20,-0.003941244800772478,-0.00783293822118706,-0.0073785514476656265,0.006947152602985488,-0.00906881463340404,0.025431019803724732,0.0032386943995301736,-0.0010094131071367648,-0.00032929038220825754,0.01276070059021427,0.0038848312111986376,0.006018851293127211,-0.0006577505170267227,0.014704431124391725
2015-01-21,0.0032258092488825687,0.009781623475713394,0.010105349151922337,0.0019212301778938723,0.00861732187783678,0.007605296198587139,-0.010183166752341277,0.020285458727428995,0.0085265055266567,0.015748356968139112,0.011226516956846627,0.006752220117286651,-0.005057178764036553,0.0046232167414570185
2015-01-22,0.029963468236974215,0.043181311672267506,0.037616191121798544,0.03155074206226555,0.02722961183696003,0.0256828714181153,0.026008988924328548,0.03197806726875668,0.0108261315045418,0.007002055510904965,-0.0005639839978042749,0.002304590995033522,0.009761525277058517,0.009639734963326173
2015-01-23,-0.015927526696101417,-0.022628243934105344,-0.019350843144505282,-0.009530110435800649,-0.008551068572284085,0.005146874437525289,0.001060333043889365,0.008617148526983254,-0.021550681657237943,-0.01918768604040232,0.0010149422918051111,0.001916443668192641,-0.01695142406721591,-0.01079353686818158
2015-01-26,0.0015866023601551573,0.0075997832531030885,0.005537907702577026,0.005990283730676425,-0.0003879083476644554,0.0010615712249586033,-0.0036097289434898886,-0.009697203007126325,0.0095264886904363,0.018820376578054056,-0.0019179788132691025,0.0,-0.005566083612226289,-0.007183439532972972
2015-01-27,-0.010091260282989466,-0.013977355889904269,-0.011934298024238807,-0.011450148560027323,-0.022023248684018292,-0.03564092136398885,-0.09709863199283467,-0.02936188468071477,-0.008866567856983991,-0.005710616974378757,0.0019179788132690058,0.0036311554470531077,-0.035103280460733584,-0.014287630329016667
2015-01-28,-0.026139388203035244,-0.027896716581154637,-0.02515328585436563,-0.015409797938037895,-0.019683647463121012,0.05499269202493905,-0.03506620459521508,-0.016950542255839002,-0.03354143378056405,-0.04293719876718908,-0.009854528409005471,-0.004780580860958914,-0.015614393209723096,-0.011149445351759013
2015-01-29,0.016664033498806317,0.015018238522838841,0.010767548346766943,0.011437410230716325,0.016846605160766297,0.03065864991371121,0.01971217673330131,0.0015599714568845183,-0.004215809810314962,-0.006869554372007,0.017042340127839138,0.011814161801223431,0.006088298867255355,0.004284700675548927
2015-01-30,-0.023444962991091733,-0.018313134419691283,-0.014169635404444698,-0.016049255453279256,-0.02055181405435978,-0.014742281737203544,-0.03907790021418631,0.046297691156273454,-0.001828571938083772,-0.004573549547635886,-0.025157134071649247,-0.040001468706554376,-0.016239471966561704,-0.022337904906522422
2015-02-02,0.019845894862818465,0.020255511203897843,0.01626739157544343,0.016996494323007143,0.01770670003775555,0.012468883713479163,0.021548336206202928,-0.010002420387648111,0.024407991343985504,0.03384953302698414,-0.0016079020347123357,0.0011822661475619962,0.009798791583943374,0.010149917973006921
2015-02-03,0.022284548156728975,0.02743393738934864,0.024017717633624595,0.012046070752212411,0.026707234898473584,0.00016857720876071466,0.0077220460939103185,0.0020647590629674513,0.029370202141482556,0.03219351262667125,-0.0025319382843790876,0.0003937783079037609,0.009703706235524,0.000961307452063652
2015-02-04,-0.006012396537905504,-0.006313152281073987,-0.009868501140753891,-0.007888846322015596,-0.008133296464282501,0.007640354533964579,0.005752652489449841,-0.013592808869794842,-0.00860056469072746,-0.01083175635328714,-0.009261469302069123,-0.026732092491166037,-0.0018632822439844025,0.001200336238227343
2015-02-05,0.006893531496668294,0.011335133959370355,0.0028883865758692123,0.011996395039698814,0.011069505327056537,0.0031732803246264795,0.014474093000688953,0.00706489163962781,0.009792266256385492,0.008821154323376145,0.008569826623200494,0.005041858013311028,0.010551434201622235,0.002635679014712425
2015-02-06,0.019536640908278433,0.03204217434458632,0.01228516679457777,0.014428663190231951,0.014607618339496246,-0.008456533001209673,-0.000942729270857073,0.007605528785241048,-0.009355012204818953,0.002740728921887918,-0.042519506126401055,-0.03146969946445177,-0.012651785032101884,-0.008169194878519956
2015-02-09,-0.0012099215027133094,-0.008526239228244994,0.0014234877848537059,-0.004417456106722751,-0.006618375040546972,0.006620598245344206,-0.0011796627532935963,-0.008644136766358812,0.0006555228028903976,0.0074532248314075865,-0.004945429535289313,-0.007920008052062593,-0.006562779912523548,-0.005321734862495432
2015-02-10,0.01100802309489996,0.0042722066810198574,0.0036511196746466905,0.00661888792589377,0.012759865579785793,0.019029282739208123,0.005649732542119128,0.02034779957226582,-0.006025104495101582,-0.0022664440144690196,0.017737761312778984,0.018451855529259695,0.003989679077644063,0.027982215519103525
2015-02-11,-0.001540700467400293,-0.0036607728496812577,0.005854463072689933,-0.012353803283189168,0.016603911715531536,0.023168310483470164,-0.005177700435171646,-0.004006831805753156,-0.004515177540330751,-0.0018168609649018023,-0.028069059525280812,-0.015109466789879091,0.0029234658019671573,-0.0007077975994442693
2015-02-12,0.02035003242489639,0.018771365588101874,0.024064002975517976,0.017654007594505614,0.011286980964582508,0.01257277642329052,0.016614398787593663,0.014778730433717677,0.019348037555585246,0.007969612911989924,-0.009698682616981268,-0.0294169979062649,0.004543608911774715,-0.004731496879999213
2015-02-13,0.0016772898933945432,-0.0036057731374992967,0.006073091444720904,0.008530771400561224,-0.004118491485970099,0.0048907567708483075,0.017939763550375912,0.009387857530200196,0.010767843891315885,0.017170874387377476,-0.015164989196953955,-0.014712511162012389,-0.0015122436430469906,-0.0042775730623665804
2015-02-17,0.007180460007171274,0.0012033695796327285,0.0095248071624858,0.0007226739248573166,0.005382314718961163,0.005884446778614995,-0.006632385661648779,-0.011221005006939027,-0.0034331114075748298,-0.003375080919445319,-0.0056522162661865796,-0.007438231625576512,-0.004784418952067511,-0.004295949327628218
2015-02-18,-0.012220793258577924,-0.020043185392119595,-0.005237137370204456,-0.01547032400654388,-0.007129872555081841,0.006899401747263595,-0.0011479739522676346,-0.004339598226739389,-0.022167592498995334,-0.017591550397637108,0.019706299961000973,0.028146478093923136,0.008966581181554877,-0.0019152507650125866
2015-02-19,-0.0023608779937102347,-0.005536772065131883,-0.005851391768464125,0.0007334067068747537,0.0023293991156599254,-0.0020609343713015255,-0.0006894174695677704,0.006978267230658704,-0.017401381182475337,-0.019105659079585606,-0.022481276514680584,-0.013974214287002703,-0.01224719337983258,0.009064947570375242
2015-02-20,0.009577490667712322,0.010432742677338416,0.012828164254112233,0.0049364758807503755,0.012611170239286654,0.008102546799703186,0.00812779930870654,-0.00854588247168796,0.005352376738592061,0.002304679517467003,-0.005827227028983727,-0.0010830716969063025,-0.003998123858278999,-0.0033301648283368874
2015-02-23,-0.007553539900908948,-0.011049836186584935,-0.008923434575955862,0.00491222674291175,-0.006285705049532198,0.02670685786615805,0.006704189646624088,-0.01263018275498811,-0.010171663174540806,-0.006837317590754079,0.006963375607930316,0.007126690351279392,0.006108323937929266,-0.0028632804100151227
2015-02-24,0.024466561193541445,0.011049836186584935,0.011238250424407351,0.004888214676007,0.009986227866202369,-0.006260155452038515,-0.0013599276801226513,0.006799262444194961,0.004595647834994449,0.0009266982407228952,0.007416286898732296,0.008997490004607912,0.0012873780231996601,0.0066682790554408
2015-02-25,0.005247634213469772,0.006693058146584145,0.003654201585257317,-0.0007226739248574566,-0.002604575103707751,-0.025905801865136437,-0.0022706640092179497,0.015985901851534545,0.0020109491750500553,0.005726440327501197,-0.010575447926379355,-0.0209036810901839,-0.00046794572683576187,-0.001900689571968256
2015-02-26,0.0071708260336658045,-0.027668534133139112,0.006124421056974643,-0.003258511210506846,0.0025005222447615264,0.01253850264729951,0.0014765179580646538,0.02161621098374378,-0.010659287460667811,-0.014097803512069745,-0.005711762688431447,-0.0034904049397686022,-0.0033991710628892544,0.009703069856153086
2015-02-27,-0.004883617064018448,-0.014442951216987755,0.00019078508118547903,-0.006549050149187094,-0.012618298787363784,-0.01510410172223187,-0.004664134500501042,0.005954096312147658,-0.001241605216221891,-0.0035557256514216775,-0.0001272993445803076,0.0006553795974615957,-0.0004697592570238498,0.019590178733334036
2015-03-02,0.007964284275471932,0.012570875787242709,0.020206522647898514,0.013775820535314561,0.010482825697916953,0.0048922636889715525,0.0006839165888375561,0.021782604313517605,-0.005663170645733993,-0.007338446706452748,-0.019151025503618586,-0.020296306681112104,0.0032836900620901786,-0.002312139758379391
2015-03-03,0.0032325872662081995,0.0018720754297449098,0.004476784197571329,-0.001801802289262911,-0.002714981044302419,0.0020893797502335902,-0.01376800086880342,0.006543533356327749,-0.004781974272508564,-0.007012252745680407,0.005822621095408526,0.0062208598751025326,-0.002931349932777197,-0.005803846819800304
2015-03-04,0.0025785671015863664,-0.01254721605208864,-0.0011173185519925367,-0.011426622921736372,-0.008400322406211838,-0.006359075325711472,-0.005212266390097617,-0.000803716149993893,-0.005034335575505868,0.0,-0.005563116747254482,-0.007112721695646331,-0.009557031033301432,-0.010532572499893268
2015-03-05,-0.0020945790305110113,0.010050335853501506,-0.0020516653657656884,0.0003647638194739244,0.002159316178049132,-0.016709547435673856,0.0012766206109147112,0.005354545823782042,-0.005059808403026519,-0.004097390076626062,0.006465818465655406,0.0042292773112381195,0.003314004690037292,-0.0023557136924591475
2015-03-06,-0.018065427424608885,0.013656326447485555,-0.00937917211337815,-0.00456913890044741,-0.016817818596193683,0.0015019172026096068,-0.01755046802583759,-0.014788004416728959,-0.0128794493691195,-0.011331021943461255,-0.034355024081654396,-0.020873836108739913,-0.023553004598428292,-0.020973123380278763
2015-03-09,0.009968217191989443,-0.003087375098251231,-0.002075276662178166,0.0014643971132417277,0.005442335490423022,0.00425633179818699,0.011501124310583224,0.0020924157590591548,-0.0055038490128218945,0.0038554264624287285,-0.002671655342804562,-0.0018161185468463055,0.005188548593303863,-0.0031359330969922185
2015-03-10,-0.025359501578075216,-0.023780845321464947,-0.03302277409630465,-0.025566416598217036,-0.028169356644935438,-0.020902807543941554,-0.019321996026763467,-0.025134706467385196,-0.010624583474408115,-0.01005519445602162,-0.0008028904485905129,-0.0018194228353117516,-0.018830660285782636,-0.017056943747042568
2015-03-11,0.00465891025724127,0.02006336892133233,0.021244522433005595,0.0076643052061280805,0.00801334386964688,-0.018399708546110855,-0.0011903346245384675,-0.007458305903464564,-0.0028523908096345883,0.006103191625755113,-0.005638355654266604,-0.004791794679350387,-0.0018412820521573232,-0.014606027701075023
2015-03-12,0.01858453290936737,-0.0012422361845911684,0.0328946113505921,0.03459032745055914,0.03084733934041354,0.01791770339539081,-0.02313356174825228,0.009813305118576138,0.002377556992545765,-0.01087600543935111,0.013372758792619092,0.016784245227712716,0.008563791021224815,0.011652542905832333
2015-03-13,-0.0060472522276943125,0.0,-0.010035393642502183,-0.004507354606598258,-0.0032165389328893254,-0.006934393211956913,0.008737919673162424,-0.014665888398982837,-0.004164441737461516,-0.00784163986881839,-0.008939948793701252,-0.011537284404864458,-0.003172281820884548,-0.016401958157713448
2015-03-16,0.013838234665185705,0.0024829311328255495,0.00279772634227169,0.007022627222665014,0.013430062312909165,0.01094402167931721,0.0043404939136295765,0.015503073724106574,0.010555752403778144,0.014749962162391666,0.014635705631792197,0.015353654509992426,0.020921012149074752,0.009476380142613363
2015-03-17,-0.0038879038120176166,-0.002482931132825652,0.0027899209019943212,0.0032246534571088396,-0.006954821873369722,0.01658834021786433,0.0032430513079220883,-0.007201281958070166,-0.008055006831402735,0.00038778478430702326,-0.008356040396907143,-0.006970236202150207,-0.008533192815793216,0.005445558011343343
2015-03-18,0.0022697804816071716,-0.006860020666163171,-0.0022313136814356427,0.004639551505787519,0.009141070206558069,0.011193416544692731,0.019122858391422477,0.015216930479157965,0.02339219209268732,0.03364304519542314,0.017428484454166844,0.018332728950361307,0.010804426832604049,0.0022192093930877665
2015-03-19,-0.00894678598980613,-0.023426205810788015,-0.02526053257547089,-0.0118196218422715,-0.012294486389884942,-0.0076182659002670275,-0.005071662696185712,-0.004407749893988411,-0.01947504066575444,-0.018444599505460586,-0.005117785594525703,-0.010690524977377856,-0.004427698252525086,-0.014388737452099556
2015-03-20,0.008946785989806147,0.014626651858939205,0.011389644764357769,0.00896706151967111,0.016497372327550285,-0.012589207092949709,0.013973103528361105,0.002268257781714468,0.0015389171430153408,0.02153261019403714,0.008645586992854032,0.006917354370604317,0.016179272745762235,0.015619506838232189
2015-03-23,-0.009927659045398109,-0.007604599385219304,-0.009482339208090065,-0.004114864022397987,-0.006076520294463228,0.010351323117817939,-0.0005831924117006113,0.000743152415828396,0.010472532024883489,-0.010425076807586107,0.0016941425828234347,0.004437548883896839,0.0014150945757655815,-0.000738279841580962
2015-03-24,-0.011184327111376484,-0.0070220524737199235,-0.010342938401231183,-0.007738723044697015,-0.0035486938399755,-0.0040961065541576525,0.0010495015831252018,0.02129731999548392,-0.010709134415671402,-0.016371962869431555,-0.009682137653512779,-0.014494623259168657,-0.01113887568613707,-0.003699597264464346
2015-03-25,-0.01415864411947689,-0.01289508519531632,-0.01084021455286472,-0.014742281737203431,-0.02075979791037298,-0.026474133832469295,-0.03414271892633771,-0.01841840033881568,0.004014647026322839,0.014008901133672957,-0.014567864569946994,-0.011067306639681673,-0.010902881621097505,-0.0004943153832734398
2015-03-26,-0.0011749896442048613,0.0006487188031591277,-0.003704791212245731,-0.0007336757482440227,-0.0005873088078265062,0.006946155058939152,-0.006048161656907584,-0.005943553900848106,-0.006383754981126641,-0.0039825578904485945,-0.008170965024002611,-0.006151061653936789,-0.010414237983667156,-0.0024752487885428766
2015-03-27,0.0001679402136787642,-0.007159158465591019,-0.0037185677451660186,-0.006996898366611134,0.004369844417060896,-0.008000365917632112,-0.00584085379194629,-0.010863564415533303,-0.008814827773282762,-0.009258883497189832,0.008704440630146538,0.00569672270927432,0.0019457625012755159,-0.006713937939348556
2015-03-30,0.02340161557708171,0.01362330508548018,0.012470933254115892,0.011938795493042841,0.015617073757660622,0.024999298847789866,-0.00024411082752736184,0.006409332872983102,0.024231432018331403,0.024814228965698664,0.011928570865273812,0.007244767933962191,0.004968803775566249,0.010671400437989864
2015-03-31,-0.006253105779299617,-0.008411566904284804,-0.0023264841823435363,-0.006778444933733071,-0.016095758978087484,-0.01547080298304953,-0.007474151071451489,-0.011534091223164946,-0.007384432547784119,-0.018123962206845815,0.011527505171067414,-0.0011285409165260195,-0.009474138641394042,0.0009869233468227376
2015-04-01,-0.010453924125567927,0.001298701481236414,0.0019391124943694902,-0.008491836150313008,0.02241019613626499,-0.0014476438108017744,0.0015975425824664472,-0.00943685174525246,-0.006373206984519023,-0.0018115083373033921,0.0006509993068919062,0.007649081163950348,0.0046268194070691335,0.0032007906189373725
2015-04-02,0.009463007446631854,0.00840069560747692,0.004638585820050661,0.007940213446245315,-0.0035437006181108423,0.008574801107252793,-0.010616073039011416,-0.014998447639679151,-0.0018961844979877075,0.004665120090156819,0.0018205466666825364,0.0004481290686690232,0.0013353567993422497,0.0
2015-04-06,-0.000826514635033686,-0.001932367751053924,-0.00463858582005056,-0.00534809942312067,0.0026068836452557767,0.016068735341474974,0.03067387791368885,0.0048652031908343624,0.009797634888155844,0.015457423693711276,0.016365290180335786,0.006252811797186854,0.007372971092442366,0.011973264601454165
2015-04-07,0.006264445148414695,-0.003228934029171475,-0.001939112494369487,-0.0011100833702390725,0.0017688070369673817,-0.01057793254386418,-0.0003611194742824941,0.0016715500627001738,0.00725658615008357,0.015037877364540502,-0.007569476131865672,-0.01480179524733893,-0.007858349090079939,-0.0038938963778455326
2015-04-08,0.00328138112317736,0.009655691368064701,0.0071560115835500315,-0.00037030180019518373,0.0008832316459354521,-0.003259014847503554,-0.0026522016752240024,0.007278079123182463,-0.019905256469078578,-0.017472563462802758,-0.004517594001319877,0.001805869565261906,0.004601606569805728,-0.0029304050274168883
2015-04-09,0.006856050362204382,0.006385717740189206,0.004614505400366336,0.003512343013748414,0.012027503359116284,0.00761424998524544,0.001447527393888271,-0.0014951774205696467,0.006994279002173714,0.002715230355958432,-0.003758672042217417,0.0029276003344396477,0.001448750706130563,0.0039053015218862203
2015-04-10,0.0037346799924242086,0.0006363347335307106,0.005738347804426794,0.002396093672417968,0.0038409388372236683,0.004257674176064609,0.005769246771245137,0.0009484205861574257,0.010692775635060443,-0.0003740765030061245,0.010720154326590776,0.003367384481781266,0.005534181593368078,-0.00414989000298807
2015-04-13,0.005978849514219137,0.005076153031860568,0.00437720748372176,0.004958232543225532,-0.00030673278702720647,-0.0019688921501174726,0.0009583134418115972,0.00018228549604794092,-0.0025746064543509107,-0.0038423738759286855,-0.007867455296577166,-0.009457399920733906,0.0009593477171804113,-0.004412853446899676
2015-04-14,0.015506665124062333,0.0012650223065867022,0.0013283994742151258,-0.007354326215643487,0.010882385554629458,-0.0043452566888454594,-0.002637574961531577,-0.016280839576642885,0.01500289814219498,0.021733928765565843,0.004650570324685323,0.0033879196719360434,0.0020355631766725947,-0.00467923523395026
2015-04-15,0.018389516256333224,-0.011443227222342795,0.009061795065899518,0.011376269480002262,0.01695040833984788,0.0037932714995750085,0.01442132138359396,0.0023315641287170886,0.01659931651237554,0.014321795536000045,0.005526651172652356,-0.003387919671936003,-0.0010771349255177859,-0.002719072247494801
2015-04-16,-0.006249043925701333,0.009545093150385563,0.015107999756191594,0.0,-0.0044354810949982625,-0.004823096916370414,-0.0022507857633388595,0.0045732911455894035,-0.003981576274131926,-0.0022668550306461865,-0.00914189074612699,-0.0020382749668041837,-0.00011975330832831345,0.004938281640582577
2015-04-17,-0.015318104492835083,-0.014673309517305107,-0.017742551524666025,-0.013963114972807862,-0.014388013574751961,-0.011318469308021889,-0.013011225035048327,-0.020033004139983254,-0.009160719049319551,-0.00957730675339205,0.0,0.0,-0.011684768252216952,-0.007416597655049819
2015-04-20,0.006345198953850772,0.0006424670956615076,0.002446599507795172,0.005719045197725739,0.0037931515956491717,0.02258863627906142,0.03052769006102568,0.02188953700170552,0.003559744242455201,0.010756712651048298,0.01667560447328169,0.014628369326876042,0.004111251256358269,0.008893339247563317
2015-04-21,-0.014815085785140587,-0.004505961920706029,-0.013626251711765222,-0.0014727543162745406,-0.006380737706727764,-0.0054221970886164615,-0.00631285706507142,-0.0029518484266812324,-0.0041350851478029905,-0.00509045731534779,-0.006893057673465637,-0.00762506497744303,0.002530884146960406,0.002946956946108566
2015-04-22,0.010059965080130009,0.01536521906405614,0.01174478361205968,0.007159277940239501,0.007490671729157659,0.013384146884644087,0.008175705432394495,0.01145506777742804,0.006653689799149282,-0.002098253746152297,0.002941742864557986,0.0013498314760455336,0.00012035866897843424,0.012912836262363999
2015-04-23,-0.0022268181621078096,-0.0031816762443160414,0.0022573373016498643,0.0034693726025491426,0.00497951384771135,0.008130440854075648,0.008224778481805741,0.014964495256533311,0.0009142857779749127,0.004283052066287606,0.007126525452723659,0.004710113003033199,-0.026092677553245847,-0.008752791109594744
2015-04-24,-0.003189795368100038,-0.003191831627776174,-0.006030926685289481,-0.002920776081521536,-0.006644877206039001,0.004693218847239856,0.09941300729620452,0.028646134444133522,-0.006532600161075563,-0.00090975261005348,0.006950176457638539,0.004019657042531854,0.0006174745487945271,-0.0014662759225275992
2015-04-27,-0.00416200376686177,-0.0051282163669194554,-0.0018921481520379265,0.004923872444633362,-0.0074523170681596446,0.01802810017571598,0.0033368122723154655,-0.013230816459771458,0.00045982297625927283,-0.0015484814316049941,-0.013183103842346293,-0.012333377548863557,-0.004950505159856202,-0.0014684290450665712
2015-04-28,0.006714653525640683,0.005767398235916599,0.004158010148663898,0.007972501006689335,0.004923742847447463,-0.015881189367951753,0.02315275514215465,-0.0030960050913292512,0.009038446063137908,0.012861331164903875,0.007626832444716228,0.0076422039729833365,-0.0022357480434545434,-0.0014705885003222425
2015-04-29,0.01329554248124472,0.020867023351966458,0.013860495354014494,0.0009019573083736844,0.005403371308402065,-0.014815085785140812,-0.0019345319885443238,-0.005294213616502154,0.0007969488666808307,0.005474548113158116,-0.0068615262849144485,-0.00022393908950367824,-0.007113026808106581,-0.006891486787092328
2015-04-30,-0.005360252468573733,-0.0031338164161714595,-0.008218200904386097,-0.006512324028763123,-0.010836097726668992,-0.027504787552872886,-0.008597801172431743,-0.022736440963333913,-0.005706475197748518,-0.006014650745785443,-0.011025752721795127,-0.007869630271418104,-0.004267074747629158,0.00172732923885806
2015-05-01,0.0055174728132101536,0.011236073266925752,0.00821820090438612,0.0016320612925411087,0.005635247810281143,0.02991171444957036,0.00030834061604070396,0.004345737931229408,0.01679758029065701,-0.018355808425183886,0.004245198373922418,0.011669791321691119,0.009762280283200553,0.008592172658379325
2015-05-04,0.017299582059523273,0.02027719243915088,0.0075975534549134385,0.009736824130035116,0.008920755678839829,-0.001940617725272783,-0.008566025855022273,0.0030434806101237283,0.0029220070239682253,-0.0066249782243123865,0.0007699217626572842,0.003563478158388656,0.0007470119869288425,0.0012214487899453203
2015-05-05,-0.004956639639928177,-0.00548949228477148,-0.015253271922045154,-0.00017945266983998112,-0.010136499711871031,-0.022790770335740767,-0.013355791181555735,-0.01787643930748517,-0.005626843565417442,-0.002958582039745154,-0.022178459151839004,-0.01591069978711988,-0.0034908400989791845,-0.005140141044380629
2015-05-06,-0.00748133165228874,-0.0036764747293087483,-0.009984070878776249,-0.014461568011834569,-0.005285370844360182,-0.006299610163868266,-0.02812285891189851,-0.014775921000955051,-0.004751140159121683,-0.00046307016340325745,0.0020961621719542737,-0.004301081899390697,0.004112924100378406,-0.0022110314866712615
2015-05-07,0.009032922343707644,-0.0030740878804218614,0.009234023965683557,-0.0020049218417452714,0.0057921104923783,0.0019978429947949987,0.009034262349375748,0.012923531027127438,-0.006712579957743736,-0.0035263585169024287,0.005221262351115398,0.0033971270355762644,-0.002490661312451919,0.0009832842483488116
2015-05-08,0.015232235428235335,0.012848142477849059,0.01323041752979995,0.022371490460143684,0.015632779591727774,0.018665521342934095,0.022234902251887574,0.012667563226228416,0.015743005926425132,0.009989908258524706,0.003898133834278641,-0.0018103648302663273,0.00943169066668648,0.0068560503622041614
2015-05-11,-0.0006109668740531236,0.0024286593601264813,-0.0009260117339181638,-0.009680964816098989,0.0061159228996354835,-0.01023872849281427,-0.00798994999107884,-0.005791398537033981,-0.025147823498566178,-0.011944033479067095,-0.0070276187198372525,-0.012765160799667663,-0.008559253395669948,-0.00097656257761017
2015-05-12,-0.001376041804161558,-0.0036452045223306978,-0.004270733443206245,-0.0007208506349266926,-0.005966308157317012,-0.0036084659572442335,-0.00042229730357304867,-0.013001446384662102,0.002761796922329395,0.0018611581772921943,-0.0035324168346206743,-0.0027567212496006424,-0.003994512863522148,-0.006125218219544872
2015-05-13,0.0024449889930664398,0.002431612140372178,0.008523305258255268,0.002340867189393541,0.0044780650013904804,0.0011513648914594147,0.005791013814777717,0.0014097310861697057,-0.0053001621943626126,0.0013007527616790224,-0.02467950651636129,-0.0020725396019723123,-0.0031318534837939337,0.008808473884838689
2015-05-14,0.008056591423520313,0.0030312239032830794,0.007352974305258733,0.007882520212269468,0.005890377135198719,0.023063463445751817,0.02273178995477662,0.017838425048600816,0.004725416503502417,0.0069396531105404,0.014006765377483405,-0.00462108031206712,0.010856785992935209,0.010902591338215436
2015-05-15,-0.0025771256588948254,-0.010343870749569549,-0.006615239118719205,-0.009322405270257076,0.0017258812440038677,-0.0013968650416611701,-0.008761587770382287,-0.004946664706303156,0.004359804978391811,-0.0038802709439898116,0.008704882189637381,0.012428238221676585,0.00593987639258058,0.00048181162098064376
2015-05-18,0.008163310639161056,0.00973836058877417,0.007896469274767726,0.004134094141678998,0.008291880789074254,0.01096705462361319,-0.005918713088410261,0.0003293205050069117,-0.005740543892951611,-0.012856521411533995,-0.0015770801008256233,-0.001602381022726646,-0.0038321327568903857,-0.004828594606195445
2015-05-19,0.008843646036478992,0.015625317903080815,0.01200014400311034,0.011591748163785151,0.003609231835848629,-0.0009221548336563061,-0.008996817668037371,0.004763000016862036,0.0016106768323355216,-0.015401636707646386,0.0021022212445728464,0.000458085211858376,0.0011140683209583631,-0.00024204284276455328
2015-05-20,-0.00794071143788658,-0.0017905107737883443,-0.007984074348220531,-0.00568991577767857,-0.0015591505789579378,-7.688463464358448e-05,0.0,0.005863203066242396,0.0016080867237460673,0.0021876643527776922,0.004583259512637972,0.0,-0.004339477394323813,0.0009678200610272388
2015-05-21,0.0025538960775250345,-0.0005975500625965706,-0.0009113278676841807,-0.0012489965045937522,-0.0006340999651534016,0.010174117212724938,-0.0033684242375521057,0.007752535853425617,0.0009177469956988471,0.0022776891312265256,-0.004977089514446466,-0.006662862098741194,-0.0008701597913714978,-0.0029062747508917333
2015-05-22,-0.00270432857122735,0.0011947432723428558,0.002367727178455165,-0.00017855548659163407,0.013810031714780666,0.00871448700635011,-0.011026405185025812,-0.004121193958874662,-0.00794340215403616,-0.005703979720204772,-0.0014453717778079517,-0.003463806719188007,-0.005737107280094343,-0.00048520136808261776
2015-05-26,-0.0111952757780056,-0.015037877364540559,-0.0133689382404288,-0.006089934637404558,-0.00685694897755881,-0.022277393660510736,-0.0066317496235282205,-0.013306783382622808,-0.013615151844408393,-0.015371615954970365,-0.003820569827478958,0.0016179363289038511,-0.01018300332268498,-0.005352810834479748
2015-05-27,0.01119527577800551,0.01444068415479421,0.011548107438743868,0.007339154037836476,0.012902162416992857,0.01853568058140916,0.02165689737772194,0.012819757208868342,-0.002815911751579838,-0.00174418648868994,0.0059222388002030365,0.009881730416384982,0.0031539797797438414,0.003166486630663451
2015-05-28,-0.004070255110527942,-0.004190368298626463,-0.005849038791804148,0.002493766878402458,-0.0027781787280261867,-0.002008908095305171,-0.0033662981504904333,-0.00012630477358621726,0.0,0.001259995320560966,-0.0034174586362440587,-0.005043568692240436,-0.0007560484231105305,0.00048626307790144004
2015-05-29,-0.006364622182051594,-0.01025031585616783,-0.008653280544371148,-0.004457527216703138,-0.011045039574911377,-0.011447885077641067,-0.0125120919762873,-0.016116765404905576,0.0010568963464004757,-0.0023273866207773053,-0.002900845916050562,0.004128446230755849,-0.01191999911328078,-0.004384903493558802
2015-06-01,0.00455028845181167,0.0030257209165371114,0.006818417644260896,0.001428571671525692,0.007826126900999748,0.0019554096294467074,0.00786485082837601,0.007108103713103964,-0.000821933939304496,-0.003598700572012821,0.003558957160599619,-0.00045787546587480873,0.0058509452084164176,-0.0004884004981089855
2015-06-02,-0.0009084027876756527,0.010219505833483595,0.004946423935325395,0.0024951002072914484,-0.006662828820125208,-0.004414679236579787,-0.006585260122750903,0.008593547935648831,0.00011746050404061092,-0.0004873056965006093,-0.012578782206860185,-0.008970732959243544,-0.003939264259183685,0.0012205542831028745
2015-06-03,0.010247226496531148,0.012481588488488517,0.01649335077290685,0.012910250938934852,0.00896996755079337,0.001230390804251141,-0.0014930151008434797,0.002416069834917816,-0.002234112282065188,-0.0040048893577900235,-0.011390407906136074,-0.0037037079374844144,0.0002546148963468449,-0.002931836940060409
2015-06-04,-0.005562669384113534,-0.0088994951059838,-0.005407367177183555,-0.013622501681296023,0.0027807094339340893,-0.005857886336299189,-0.010513990212880332,-0.006504205480492192,-0.008630425384159335,-0.007663625638843933,0.0001347618087072039,0.0013904984859196875,-0.005232607178724769,-0.0068745667253794236
2015-06-05,0.016299426268450084,0.024140118355697803,0.016312990592391198,0.008337077114832054,0.00753604634935389,-0.005503676541098284,-0.004756765725943363,-0.003922926881246817,0.000712166202206605,0.001970638138965229,-0.0184963793408283,-0.012115712043456869,-0.009255754468853393,-0.012145396538282947
2015-06-08,-0.007892230675598064,-0.006419631034334245,-0.010546169780855735,-0.00869339281430833,-0.0031410648326945143,-0.0066289967843187825,-0.008925715075643843,-0.011070460083737873,0.006740402744247054,-0.011583714496894113,-0.005505863874522368,-0.0014074597678796063,0.0036096468225185127,0.0014951410709500945
2015-06-09,0.004326105053830143,0.01337618082769404,0.006269613013595395,0.010281955499446346,-0.003677089217527432,-0.002977825255092207,-0.001750930628986265,-0.0024317465282653826,-0.00318715963589275,0.0,-0.004426622251110248,-0.003762939529542384,0.015197278630677833,0.0009955202415018415
2015-06-10,0.01594835929441436,0.016046189561349074,0.018050392749376726,0.008954497546730897,0.01947236700678959,0.011393022180376826,0.020811503343672086,0.019073251661458842,0.007420965795522124,0.013943365577014671,-0.0011097240700501496,-0.0023590480390631094,0.00807881192771596,0.003228613260301369
2015-06-11,0.0038017299773579834,-0.005701269718956191,0.003326624795911355,0.0008735913895314706,0.003793293704837449,-0.0022526905863712718,-0.0036539535549588212,-0.004643409634572326,-0.0014092779783985098,-0.0069968257850267605,0.011179469134886648,0.005887218228403099,-0.0016357348724250537,-0.005719274572753219
2015-06-12,-0.003948239390850026,0.0,-0.0017494756036659093,-0.0029733296938010524,-0.004121785694933227,-0.011104274249692174,-0.010172147011554116,-0.004683337185910562,-0.0126546541202301,-0.012438590143504078,-0.004539522205096711,-0.006832397882890025,-0.0068233774972199235,-0.0034973805321706925
2015-06-15,-0.003816798526700965,-0.0011441648845455247,-0.008087245202756225,-0.0019286409064057082,-0.006120258264205773,-0.001967807317660682,-0.010826285413950667,-0.008198345734898,-0.0035769681634369877,-0.005824479209540515,-0.0004137075146918904,-0.004976903269752863,-0.00955482140142136,-0.009302392662313448
2015-06-16,0.005573496387334348,0.004568825765909649,0.00738659707460153,0.004203158552201938,0.008464265713139593,0.0053434041956945495,0.007776174116846767,0.0034379141659083142,0.01140154868886548,0.0075252449639155745,0.000965051429416341,0.009223194151204045,0.012466768765129848,0.01230089565857006
2015-06-17,-0.0033697196928821537,-0.010309369658861213,-0.009330232283172417,-0.0008742023460842875,-0.0029543504336782935,-0.002353865347328599,0.003050111297103918,0.003170039394123843,0.0005902839437083698,-0.00280280463763726,0.007003118219760402,0.004931323836187323,0.012313260233357106,0.004729318086753537
2015-06-18,0.009348592771299624,0.0005755395842322177,0.003883500026397612,0.009227888238174014,0.007812356998290756,0.0045458186282798345,0.01618332870183499,0.017374709370996482,0.008812700240574182,0.004899764814897527,0.019781162541306494,0.01464972136291925,0.0091983246433623,0.009392061130456611
2015-06-19,-0.010229520739001527,-0.012156444927861687,-0.00938142998773155,-0.01132909720596936,-0.006592043320147416,-0.010059814481564887,-0.013359388517368738,0.0024063942652991204,-0.0031636326110823583,-0.007810975022355983,-0.018140473083846535,-0.013713172476856317,-0.0034705042270193236,-0.00616905102671524
2015-06-22,0.012843142090318794,0.017321449236580896,0.012723267589081,0.014962004929613762,0.015452948875840875,0.007946228035809253,0.0028159879975312337,0.0038668146999737917,-0.0004695386868749713,0.008209897935794429,-0.0017775351641395882,-0.0051619072852347415,-0.0011180819849159838,0.0019782400121057205
2015-06-23,0.011390794346037382,0.011383162185640014,0.007696382227079989,-0.00034542314678513085,0.008691508118458393,-0.00455545871051556,-0.006945979739003387,0.006606914075741112,-0.0011748121651966481,-0.001996207869189447,-0.017812000083665187,-0.010879955951741774,-0.00823769011820261,-0.002473412094518486
2015-06-24,-0.010521103031617761,-0.010238997301094536,-0.012801577717900803,-0.006064299967511477,-0.018344899089610688,0.008465990832973065,-0.006007992292289992,-0.008592159529907741,-0.004595000721128373,-0.008226370629297,-0.01191241050546571,-0.008358257614201135,-0.003515383406797499,-0.004716404423581791
2015-06-25,-0.0053751854558771635,-0.006884708777497032,-0.008329689278263601,-0.006451072847521871,-0.007536606767553945,-0.004772905269861622,0.00032864107213690573,-0.0011105937443603305,-0.00889632817192823,-0.009412548617837038,-0.0035308277624997776,-0.002160605809905928,-0.0015103841763700828,-0.004238879305522272
2015-06-26,0.004360472025330663,0.0023001735270839923,0.002665957324119696,0.004711639464088719,0.001643231431517567,-0.005899722127188271,-0.008579966835586199,-0.008802857899135867,-0.0008343763521196721,0.0026403996247962936,0.004517229589819594,0.006706611964093591,-0.0006300006508379289,-0.0004998750416511535
2015-06-29,-0.025708356710206923,-0.0303230229603889,-0.026255779030596733,-0.024318379003326493,-0.026235999368340535,-0.01766999173823545,-0.019860074814573192,-0.02158521541587477,-0.01247916362519551,-0.019561277113133557,-0.002114910904626087,0.0016696485691530174,-0.012939416863929267,-0.015113637810048184
2015-06-30,0.008298802814695064,0.007667392325519292,0.006538345123461584,0.003205701765767216,0.005474992064521571,0.007161319637259575,-0.004970638340849111,-0.0022380684276542876,0.004577769709741938,-0.002277905312993954,-0.0032515756364489257,-0.0014309566000044384,-0.0010219724956930802,-0.004324056082426955
2015-07-01,0.004564537116060897,0.011682375854356651,0.00793368748507273,0.0118428251126229,0.005492813466367456,0.009324539339759196,0.006659542643669254,0.006018442668432045,-0.010026054874005472,-0.003946826893285734,0.0064926127862102445,0.00666034812253654,0.018739469618032148,0.006858911685615125
2015-07-02,-0.0081127371721583,-0.011095004324987738,-0.005583085191288479,-0.0029916432343271506,-0.0035310434168839226,-0.0012646223626588103,-0.001013000255459225,0.007408527980573695,0.00930464087133403,-0.0022921452002712906,0.020194266088870528,0.016692523478160522,0.0026307562933337333,-0.0002531966085181148
2015-07-06,-0.0028179477305120882,-0.005298805450688527,-0.005251256974421697,-0.005301302396092092,-0.00556036328589611,-0.003485980395938987,-0.00022525059223513813,-0.0031474187891504606,-0.00736407021989856,-0.011540203606801764,0.00440226326589263,0.005348228071952451,0.0015001878047958166,-0.0017741735739839485
2015-07-07,-0.007902822014589543,-0.014867951550164658,-0.01058597219125568,-0.003372085900083685,0.0008168168622313043,-0.0024633490147319176,-0.0020295417948539667,0.008050059444612234,0.004111251256358269,0.005262062236584463,0.032679116405226735,0.026094408022161928,0.02064733050669758,0.020836702139998258
2015-07-08,-0.020722211660952505,-0.026716828897997275,-0.031689510956982664,-0.017937700686667318,-0.020133117519943823,-0.02513626258367231,-0.0013553198370105078,-0.015260479529659544,-0.010919788196011936,-0.018112024002709674,-0.006397462842864248,-0.0013565455392510097,-0.008973079688522848,-0.009736689079923776
2015-07-09,0.010339152463839244,0.014054615705579178,0.01708801320515228,0.004514680354526613,0.0036686518511395132,-0.02060738931044717,0.006309169193264756,0.005431043864601201,-0.004524064694877993,0.0023486719454619944,-0.009673594178378556,-0.02126523484685906,-0.004082900815676412,0.0015041366586146462
2015-07-10,0.014118588382200762,0.013261194941383612,0.015701809617838767,0.010396221973945718,0.011553526574092577,0.02638328496923365,0.002019522732829212,0.02082272988065305,0.0075693194996710005,0.006695386082984802,0.004042042690011163,0.002077802894597361,0.003588890678422134,0.011704778132058325
2015-07-13,0.015391749767187789,0.018980403722518715,0.017802468343446703,0.011700186654370627,0.014042549413369717,0.019121655962940617,0.02063301149542008,0.02770073555838912,0.002429544440938868,0.0020104763134074295,-0.0002689618090449354,0.0009220839749683388,0.011789403403866536,0.006662578624879083
2015-07-14,0.013855687280297273,0.006442189190800379,0.006639773159900504,0.008948213053643813,0.00966191091173689,-0.0003979782756393291,0.00175515622064828,0.02154230254903935,0.008336905654263585,0.009992194628449509,-0.0074249412997371795,-0.004387491162517296,0.0015858496766694111,0.01246502758161279
2015-07-15,0.0021702967355471683,0.03160274487346879,0.009789167786789446,0.00921505260374022,0.003763647649303802,0.009586889572723753,0.0030641302153004758,-0.00037666718475693145,-0.004220178687592643,-0.0138049507830055,0.0029765953515831322,0.003696007903433093,0.0013399112790972686,-0.000972053539480546
2015-07-16,0.005333345975362603,0.015156057724790449,0.03703161073135406,0.006727062884580922,-0.008393504268433204,0.013237964047164123,0.019476919521741364,0.03005944267948012,0.0018108292507849034,0.002543451985830369,0.010616238926303624,0.013967027279340342,0.001824263199747048,0.008473601118993713
2015-07-17,-0.005044328632310371,0.008321823337492278,0.0027271194675709425,-0.003961765581465866,0.006042884973499004,0.008600370680520227,-0.0008576329856728055,0.1506454004890021,-0.003624943553713355,-0.01417707484150937,-0.016714231940140586,-0.010744188394026412,-0.0007293059761692288,-0.005560270580636486
2015-07-20,0.000722178120504185,0.0011043623430532275,0.0017006806820174724,0.0018967158026961097,-0.0003295280717121788,0.018724992056142906,0.0064143901776637004,-0.009738238198182106,-0.010342612119019602,-0.002256973390765231,-0.004086085772300572,-0.004376374599798777,-0.0006081615464463309,0.003146559536706957
2015-07-21,-0.0023128082006518957,-0.0022099456508029554,0.00423909070576672,-0.001724138358139693,-0.004199208793822626,-0.010044982110680674,0.007643349312568066,0.0036162236225405443,-0.0012238405639646757,0.010276262557385073,-0.011668743834377267,-0.0025424721889480933,-0.006836798697144035,-0.004602163869407683
2015-07-22,0.014082715854511953,0.020258015522505744,0.02076430931886248,0.009788006366162944,0.008240187885455795,-0.04321491262786794,-0.03749631246224923,-0.0003595958181796517,0.00159070085545314,-0.00416200376686177,-0.0006906554594587497,0.0009252834340465342,-0.009848657717511602,-0.00706544539923326
2015-07-23,-0.006298331728147713,-0.014742281737203431,-0.007819688793654423,-0.005311414868279441,-0.010370114143280654,-0.0004792715164830635,0.0124387855830207,-0.029743109255250113,-0.007978928968581673,-0.00611425879052327,-0.01125559023751794,-0.0062623421635239805,-0.0016096084698498598,-0.0014680697522911619
2015-07-24,-0.010537809530871802,-0.015521375902623577,-0.01973581810320986,-0.00741446624555499,-0.01768688553611749,-0.005287202895919051,-0.0036936489576620533,-0.030028581919961227,-0.014899704495123704,-0.025499910607898704,0.0018150092242623104,-0.00232937445181771,-0.005093495079310432,-0.009842599144194247
2015-07-27,-0.013146552181569078,-0.012932426515104128,-0.012686609381569167,-0.0032937535195081027,-0.011300651337134801,-0.013993029712013801,-0.01292602069980653,0.005331152576477698,-0.008542765520888474,-0.016246045530523764,0.018108173283610224,0.01297515886313324,-0.003993515852794132,0.002469746871583414
2015-07-28,0.0005879759099275372,0.011814483413762835,0.007048941763217968,-0.0033046381930603424,0.005933003835621811,0.004956337588744053,-0.0002205314817626826,0.0021093692614831488,0.03982225194641544,0.03591881112922878,0.0017792381344686268,0.0022993801807215147,0.0032459454217661056,0.00024663953756795255
2015-07-29,0.01299383199124432,0.015538603427779166,0.009378532378730032,0.009708814126960903,0.002905008337143357,-0.0031659725271734377,0.02073630996379609,0.0026796070806579067,0.007970094115786888,0.009157079876286455,-0.00027352297763521936,0.0006887843229493742,0.004849247923455089,0.0009859502893846699
2015-07-30,0.001449485686453359,-0.0016533484063875894,-0.0006791171738086595,0.003272761512191848,0.001738962857307165,-0.005053809256742325,0.01266519022557809,0.004721009680968275,-0.0015648513575470802,-0.002362036743457671,0.004639746314661748,0.018420077375097214,-0.040889184406652,-0.0007393715678786329
2015-07-31,-0.007414441177440251,-0.01388525502139159,-0.007158714737520957,-0.004826763378926064,-0.010333126117649555,-0.008782426047572355,-0.003846980593905522,-0.010680403478896401,-0.04685852899075609,-0.05014548400644253,0.010428753012565163,0.007855499940308833,-0.00895586490915721,0.012739025777429712
2015-08-03,0.0,-0.0061711275788081,-0.0003421728006011758,0.0006909656519511201,-0.0018547447722364156,-0.023860312716613877,0.002352690637127597,0.010921135304806385,-0.014624791723719272,-0.03309125462632833,0.009920982297715198,0.005128788140679062,-0.003919012200735607,0.01113543338760874
2015-08-04,-0.0010219724956931915,0.0016868151314795696,0.0005132153050804507,-0.0015553446494983194,0.002342264282672322,-0.032609719713474095,0.01547460662006866,-0.005188548593303787,-0.011466981282957206,-0.004566485307831792,-0.01397121059673795,-0.012083387119154198,-0.00643426814379809,0.007434978487518212
2015-08-05,0.003936152031474708,0.003924871873297208,0.004607123582894835,-0.002944489873132016,0.0025798928807970437,0.006607570554082855,0.0008410429427637222,0.017998792457110786,0.0,-0.013944919899737692,0.0008113590708793294,0.0042682306738919176,-0.0018459920853948208,0.006430890330290332
2015-08-06,-0.007008351068444776,-0.003363231869766548,-0.010955261912608488,-0.0020836958398659155,-0.0029698894732700116,-0.0023424293884262283,-0.020382871267200557,-0.004674575296027289,0.011851227205072019,0.013710178114622187,-0.0018941962097112233,0.010036885863924982,-0.00039601346963321157,-0.004759647252987913
2015-08-07,-0.002934704967594025,-0.003374581380145434,-0.00327558262016723,-0.0010434783555519694,-0.008077786071777204,0.0033817504589430717,0.0025706955031008917,-0.008632241472627445,-0.01626681879504023,-0.017047885349573216,0.017585526004386853,0.010376514342592322,-0.0034387019732991697,-0.003584661503702723
2015-08-10,0.012268300507629433,0.016205998713052686,0.014230844532775656,0.008144919821554226,0.012359406002522205,0.035712007839982046,0.012544014807444647,-0.0018831971698115525,0.024683088826198817,0.02523123707295754,-0.004534550314669958,-0.001538630922293577,0.011853161297020656,-0.002156981063972529
2015-08-11,-0.009626678777772185,-0.013955012956733877,-0.018904154639152723,-0.012679284060766842,-0.020949082156220256,-0.05344095567145068,-0.019629390665072202,0.04014015642736312,-0.016129381929883644,-0.0012815286893989241,0.00639575797771744,0.009850139836733374,-0.002096986351655916,-0.0048100140837849205
2015-08-12,-0.014616042286917484,-0.01529341616949835,-0.01274569851628885,-0.008601826056565412,-0.002829979795036367,0.015302182903280106,0.007085375857627647,0.0016934805063331477,0.016637189481738115,0.011705528567419056,0.0035797187712777504,0.014273598733155143,0.0022279021075542883,-0.005317875718220815
2015-08-13,0.0045997558657931165,0.005691534999788055,0.0073529743052589535,0.0029926965386840414,-0.0019409267794752744,-0.0007812839496334538,-0.0002139723983771624,-0.007198974471440891,-0.0017784557533098494,-0.010889820312668988,0.00026465528803398515,-0.00884293479444178,-0.008017391962813569,-0.0038853861409167507
2015-08-14,0.005020683907347815,0.004530019071749897,0.004524894598289724,0.007704468157735275,0.006356164015383947,0.00700967778676042,0.005761244997723835,0.004157345290632469,-0.0036940364279469126,0.0016294230793206784,0.01039825097894996,0.0036760772287130175,-0.0021136071276679027,0.0036429912785010087
2015-08-17,0.002647839146304277,0.003947002586776482,0.00312066827459325,0.00034879665508846146,0.0027188034246767947,0.010295217906077911,0.006785437400127363,0.006852312352745776,0.005218620638892819,-0.03262315066480125,0.001962195671759223,-0.0006477383363686425,-0.0011908701374302843,0.0024213086890103454
2015-08-18,0.0020545942067679594,-0.004512133994865951,-0.0038154746252826634,0.00330751454802218,-0.006885476119522745,-0.0056492489537774354,-0.001057194305040937,-0.0077811274547130715,-0.0111062608385302,0.0025199509345131947,-0.0036658852261054558,-0.004979982144362751,-0.005309981944287413,-0.0012099215027133094
2015-08-19,-0.008983198617709505,-0.013086957760237827,-0.009602867333341467,-0.008377012338047905,-0.0011439088109821062,-0.012872191901265225,-0.014060734420495505,0.007680273800483524,-0.021670866876520138,-0.030790384872768733,0.01264272297477779,0.005195941544835015,-0.013534544963910067,-0.012670734820677819
2015-08-20,-0.02486274540533339,-0.04330694275490066,-0.02973601092453184,-0.016611090551093832,-0.021122233597697448,-0.020733414226236615,-0.02059246928300013,-0.021201795982360595,-0.02201680444447914,-0.02085620398939815,-0.005715043480917301,0.0010790979788902486,-0.0028372646203637377,-0.005655984584887286
2015-08-21,-0.036131767297508444,-0.03778633566613808,-0.03176618883326201,-0.03906391860370877,-0.04687586038866682,-0.06311329077487728,-0.05839594203563014,-0.05358249088081894,-0.03326823504012219,-0.044910772952527274,-0.0007818608686022724,-0.012152927351411736,-0.028406712802851182,-0.025475903252827677
2015-08-24,-0.0541108979753121,-0.05162025204944649,-0.06274907836958644,-0.051712718612033796,-0.04510568503893411,-0.02527901747244423,-0.032805301620907695,-0.04107887372406095,-0.048429768839581326,-0.049239050542706254,-0.05727344495599228,-0.049685761603665377,-0.03830798950046568,-0.02952338672904027
2015-08-25,-0.005659136274930862,-0.0019639940846599437,-0.009179868895334176,-0.024292692569044472,-0.0069335996853379465,0.005994410292322053,-0.029460438557337276,-0.009166473518724403,-0.00014552863301541986,-0.02955048280859699,-0.031267881986055165,-0.025094253586102674,-0.010468254944019824,-0.010213523380019705
2015-08-26,0.04886169748610478,0.05109668266230452,0.04699376794418555,0.04457344562140418,0.03408856893791977,0.05577043649998867,0.05387212596560098,0.07434585638451853,0.053691812817644576,0.042910642965780864,0.021557721074979056,0.025782405924303982,0.035605253988623214,0.019291526327126576
2015-08-27,0.024649964616434678,0.023385681109418334,0.021945640472368928,0.0325430767850972,0.0257501982211762,0.02902139796204587,0.02748123522775045,0.012382473492207198,0.03189954900500827,0.06039119980850903,0.0108139137825137,0.006855602718950883,0.008147256753145508,0.013846375063257636
2015-08-28,-0.0054428250376014255,-0.004878058453432967,-0.0029985029962565574,-0.009110409763767945,-0.00774621869942548,0.003271299500108729,0.0006831379065626288,-0.012458263795631938,0.0029349007192735776,0.03530448261516815,-0.0017942175816002374,-0.003879069325004136,-0.0037844322971940514,0.00457317870196492
2015-08-31,-0.00046790923414718636,-0.001223241742744094,0.0037467260016087306,-0.003930013479695671,0.004517079555113042,-0.004689236639485435,-0.009376855440000928,-0.01815714772149558,0.002261992847918766,0.006938449344920854,-0.02065670098914475,-0.007573185937119692,-0.0076121032912703085,-0.003300752012917482
2015-09-01,-0.042220527914580384,-0.04762804898925459,-0.04865928268243152,-0.04486948954544646,-0.03496255973277573,-0.045726398302513745,-0.039845908547199785,-0.028591717303704044,-0.042906391132747135,-0.03518392812447585,-0.0265805874606042,-0.02330564582500284,-0.025364976683149958,-0.014602539479609775
2015-09-02,0.01806209399822816,0.017181459880687294,0.015775962594167615,0.01942185732855998,0.013037852087209548,0.041994719160888476,0.036162663130903286,0.024089609492753943,0.01582855977289599,-0.0016640003839536836,0.0015917809597886055,0.0025903699872479253,0.013121087962697058,0.0038634948250446392
2015-09-03,0.001756487477547918,0.0056621730387792805,0.0007726482903216246,0.00842755418881693,0.0029764342670932577,-0.01769162931949395,0.0032235809632477344,-0.012262626748764117,0.007618047997296982,0.002558855029797563,0.0017336034390900282,0.0014101059915861678,0.0017174757334654323,0.006661567037908936
2015-09-04,-0.019005242675347842,-0.018360756375906652,-0.023443152131955285,-0.021983145183264375,-0.02561436008332207,-0.010016474202138746,-0.0206719705828177,-0.012780483753839564,-0.018188535603344252,-0.020526119211463426,-0.014832320775618706,-0.014191345072846496,-0.016872561201126953,-0.01647823073238468
2015-09-08,0.026634014574969035,0.032068136106787014,0.02073626726180263,0.031474484468719165,0.03003556747921544,0.027441021392290883,0.02959753618832201,0.02344471166447834,0.01425072075185991,0.0022148403295528213,0.015986388993725398,0.017005605842092063,0.017587306424893406,0.009816663694475675
2015-09-09,-0.015637784756833535,-0.016219943866763495,-0.015020276533780763,-0.014079380214574356,-0.0010765422505959019,-0.01941983172659256,-0.01885980463412346,-0.0007302162230489292,-0.020619287202735703,-0.025304460324468134,-0.016719150805658528,-0.005636463959468906,-0.021667755106055356,-0.015544354437800344
2015-09-10,0.007689880893437777,0.008766493212182593,0.0037273216276857055,0.007064468521033391,0.0012379236759441077,0.02173217711836036,0.005094962387869985,0.011850365408317713,0.007196266870595013,0.009828741628995418,-0.00691433427700234,-0.0037753702228778565,-0.0023391823531723776,0.0031282611538104325
2015-09-11,-0.0015971892869899153,0.0,0.0005872565501062268,0.0011409014357914207,-0.003448465080204366,0.01446360869580315,0.004379400799119358,0.006460623522153689,0.002341437609893769,0.0017167386190547708,0.008818399297520225,0.009645998801142912,0.0014626300691443364,-0.007576783470938196
2015-09-14,-0.0028813850573984195,-0.0050000104167056405,-0.0023510982616894997,0.002846571805429929,-0.007204603087369863,0.009585294720509173,-0.01017114639947969,-0.004327984917072057,-0.0027552021837577018,-0.000263921880655906,-0.0004390779433878003,-0.0018748540762560813,-0.0052755104766989795,-0.0007870917368171543
2015-09-15,0.01905424430299933,0.021692824611259754,0.01981031963345803,0.01317790154306373,0.018902525707369333,0.008376921907650348,0.021605069273086013,0.019127137145592527,0.005091170267631478,0.01830834452622976,0.004090582767472129,0.0,0.020217400127593103,0.010443959161083314
2015-09-16,0.008769238782352286,0.001225490349451203,0.011282269019825516,0.004664622694396655,0.006328293607139729,0.0011173665694743534,0.007249691924474876,0.000676391701660673,0.019571160143295695,0.023690204513733014,0.00856505199779267,0.006546668226314147,0.009315724840191433,0.016742181143073628
2015-09-17,-0.023504512922931542,-0.029203690775671795,-0.018035792035605368,-0.028511324232575748,-0.011677330164230976,-0.021621994596483975,-0.001129305597151414,0.009198458503883152,0.00215111672085722,0.004923319923874821,0.010496897014871005,0.013196163249575356,0.001995155286316831,0.005857650774167393
2015-09-18,-0.027673907784514368,-0.01909669745645636,-0.026683945381774158,-0.022664408385926607,-0.029997622027234164,-0.00413423643781489,-0.017554309200929853,-0.016134344696725374,-0.0241958249166002,-0.021254379483042565,-0.006601631323540931,-0.0011506157062780758,-0.004280217691631446,-0.01020937913156482
2015-09-21,0.008334062454481001,0.008957193604016754,0.008316879623054411,0.009942571426434522,0.013231409919739484,0.015394338824111384,0.014385451863839724,0.009127256675778152,0.009721443029000914,0.004492082250506651,0.008602203582663068,0.007798204656073634,0.010100377495306834,0.005372918132125323
2015-09-22,-0.008826471163650715,-0.008314726508355299,-0.006528858882463556,-0.016823557978710886,-0.019996810315375767,-0.01583515875631041,-0.004772194035722682,-0.020876699362258017,-0.008896246998128578,-0.010815091896728883,-0.012931214672248666,-0.01751600440715911,-0.006532258388206481,-0.010259130759664201
2015-09-23,-0.004442623514276978,0.009587801155153612,-0.005174140896596665,0.0017739237922743797,-0.0017263947706661464,0.008080142327960194,-0.000683604903003045,0.00013777372982919913,-0.006067310394123953,-0.01473587334990606,-0.0008680556100637027,-0.0013959983653805022,0.000996796095350881,-0.0007736944293103802
2015-09-24,-0.006950218280528418,-0.010873148375817317,-0.01995028384731063,-0.004539630810052032,-0.014032560750770584,0.005930594741638119,0.0009113693955034356,0.002476686788085762,0.005929825001730527,0.010064786616140617,0.017646250876217927,0.012264413822744269,0.01553484143407279,0.01001163541424674
2015-09-25,0.02054472786533024,0.021629341923381517,0.02849309928592337,0.018230437261445482,0.016370831496583083,-0.0025249240700738265,0.0006829823828380834,-0.022795297722037068,0.0068512189065290064,0.010479428329512295,0.005530752239227879,0.014838761028447247,0.01819115635679069,0.011933618833592747
2015-09-28,-0.024538077598055038,-0.026787315963649843,-0.030530589803338403,-0.021797622970366734,-0.038604765424877265,-0.019987458254845096,-0.014903405502574919,-0.025151594732305327,-0.008640251242228073,-0.025152821430319775,-0.003683767271460131,-0.0009068239116095577,-0.01246208318656406,-0.0022741639618106815
2015-09-29,-0.0023368396546411,-0.007787190551768677,-0.0006120575525153353,0.010270680843182283,-0.0067270028671512685,-0.030521556540415603,0.003459014171790785,-0.00263060960452302,0.005083475946778401,0.006314979544239078,0.0039665727032092936,0.004525918565260504,0.007080904282047189,0.0032832457830556058
2015-09-30,0.018707606253502852,0.014872566409395964,0.012372128202330952,0.008998495773826049,0.010994844860493591,0.01130573676154123,0.01870065899722358,0.024997732994855144,0.018735275128635338,0.033910294806858955,0.01696262721957923,0.00921458368441639,-0.004715027456549958,0.011531840002084974
2015-10-01,0.007353575092951702,-0.0019274018173590134,0.0056281555599885695,0.0017511435547966007,0.012922588200095193,-0.006549050149187094,0.007876714517269784,0.005670251139746368,-0.003908097420697314,-0.006869382056694575,-0.017811283564714838,-0.011474982476874684,0.00013899506589894209,-0.0080080508033428
2015-10-02,-0.009981265880657923,-0.01099267454774525,-0.00020046106111027684,-0.003505358993438884,0.005608603207399298,0.007274081901085594,0.02129155613561783,0.023080493978661173,0.02427756958134684,0.04015800082933753,0.0180892543795694,0.011251243802711452,0.006511071004118369,0.014715317284929481
2015-10-05,0.01970266454028447,0.019955602667443135,0.025337855898806022,0.022186691878149836,0.020631969445117693,0.0036172945936026575,0.022994505544438357,0.022113238963645847,0.012181694943777254,0.02995754887310403,0.015444322427473775,0.011347323892825589,0.010986103354594913,0.01523370982864632
2015-10-06,0.0004835979783131498,0.0,-0.001956564897304105,-0.007276937511862623,-0.002105147306716564,0.004772848900176711,0.0025701449144665614,-5.955394099955932e-05,0.01396273492126652,0.034619291579322434,0.00013682698249454999,-0.009112186618976859,0.0024553279283798545,-0.001219958672715496
2015-10-07,0.0012884524249864061,0.003816798526700811,0.005079127934097897,0.0030704303531096967,0.010536575206497624,-0.004772848900176574,0.0010689471889049637,-0.002444770306256726,0.01667872388852299,0.012906352414693123,-0.005762913863755889,-0.000670016775484218,0.004350197181152479,0.013579258126380854
2015-10-08,0.0,0.0,0.0064096558182118795,0.006683878602071931,-0.006385928665412541,-0.011621703348402354,0.013793322132335988,-0.004487666469388017,0.010425265558574566,0.020109648062539016,0.004530796519846589,0.008675396419270004,0.009181809037423709,0.011018075534853556
2015-10-09,-0.0032242491256329335,-0.01085232482903987,-0.0052412038839099485,-0.007642375752038135,-0.010437001420226895,0.02364517704003209,-0.007191232343987221,0.0063367022173372685,-0.00966797661666575,-0.0037887275095775837,-0.010188715428896933,-0.00421707427755879,0.0010746911297653593,0.0009523810243675958
2015-10-12,-0.0033966874550095316,-0.0038585256875295227,-0.001948179069322915,0.000766871203226592,0.005787117592389457,-0.0046486763493771115,-0.0023376910018911463,0.007702220362092303,0.0005045408785132157,-0.009309696536340475,0.007719917027793039,0.014353785138173418,-0.0020159942316095637,-0.00047607713348607814
2015-10-13,-0.002758174864497647,0.0,-0.001365987137955634,-0.006151499598064049,0.004097458667396036,0.0017010613350238871,-0.0023431686085636965,0.009914762008164428,-0.0017670079064372836,-0.004065046248169556,-0.003990373371966262,-0.000877385447817818,-0.0029641627739345855,-0.00836824967051669
2015-10-14,-0.025671970965460665,0.007702220362092303,-0.009614515345488532,-0.006965972440827871,-0.008100354989131054,-0.014234474578783943,-0.004488625683139711,-0.004048172852595011,0.012553516602189627,0.01549374207179249,-0.0026230428513691075,-0.0010978154577156564,0.0013484360187744993,0.0007200288322598422
2015-10-15,0.031180734086268404,0.03456203257237882,0.043405405427464724,0.022843876551503887,0.029908668801033954,0.014860452689991421,0.007044537617683793,0.018363301151697823,0.016332954022050445,0.010638398205055577,0.015636033822972916,0.006568887207273907,0.0008081896991628387,0.005741642567675183
2015-10-16,0.008687313322382593,-0.004333030611061594,-0.005300031335240924,0.003599511322236527,0.0011887395358884667,-0.007357592634947535,0.010579870162790845,0.0033133124510191323,0.012198248350099373,0.006263412597547511,0.001495886591582708,0.008691927820885206,0.008446788841968747,0.0023826554040676877
2015-10-19,-0.0033694376041617687,0.0012399257633205734,0.0032212249549486843,-0.006069821367075834,0.00301952132796134,0.006194749800752171,0.002312625859886844,0.006636732667494706,-0.01823014944780608,-0.01389830445660404,-0.00013589726187942196,-0.005641151865679728,0.003465284022090592,-0.0007142007207524331
2015-10-20,0.004810014083784878,0.0037105793965355534,-0.0003784295220184697,0.009844835287651605,-0.001239057397580543,0.018093619992378587,0.003144986343153764,-0.02891610575068191,-0.00197750651514549,-0.00044439507452839294,0.0016295495186627144,0.00021755683758173952,-0.009760088173445152,0.007119156788295267
2015-10-21,-0.007384846533041701,-0.01869213301215252,-0.019685298827427703,0.0007532957041715595,-0.0318199951607684,-8.790049669437197e-05,-0.012003934810360843,-0.012132120991960036,-0.007699988366919861,-0.0073611753321094235,0.002168610229126125,0.002390006569499272,-0.011349939433311784,-0.0023674253481499275
2015-10-22,0.01804440176512958,0.016219943866763474,0.013420446823070893,0.017541035680123187,0.02125279573711937,0.015179563906917493,0.017431923085223303,0.013807187872009989,0.032866232224601714,0.025312210744848372,0.016116384282457673,0.009073296205674975,0.016976963927129645,0.02458276663476027
2015-10-23,0.0107037067881339,0.022032714999882706,0.021291430763709884,0.01268282784830858,0.010513292520857146,0.03052500618572732,0.0960102545706258,0.054552358168734744,0.0010851873012869833,-0.004156191042408883,-0.017742400900876396,-0.014949904694659807,0.028708845499237155,-0.010461562342282155
2015-10-26,0.0004695938099914337,-0.0006055101607952051,-0.009929823979170064,-0.008437320779250544,0.008107209313138776,-0.032431584456309004,0.02576692217321024,0.016257381745009195,-0.021438092646570154,-0.027444642335959293,-0.020413065813456803,-0.003717882904775896,0.005953939410984281,-0.004684946493603274
2015-10-27,-0.004077157913902971,-0.006684923101884096,-0.009459018691591908,-0.0031362446147724073,-0.0037501383283661417,-0.006352542791762196,-0.010376227986090858,0.002322500599958074,-0.0016018733016857601,-0.012126855702090501,0.0022120844081877935,0.00043811610777454494,-0.0025843146570790065,0.00046948357669841334
2015-10-28,0.02880793917162021,0.05226842854575708,0.03950578941311098,0.024277910493788826,0.02653546577983366,0.04037842169107315,0.005386843155380494,0.005579232565403838,0.014568415828290413,0.023551711154579935,-0.011947905398269466,-0.007253576148891553,-0.01014312987501915,0.002812282144112838
2015-10-29,-0.0044373112360954125,-0.011056266248410133,-0.01974416015834872,-0.006513502311750913,-0.007502461674770719,0.010508854009674704,-0.011552205982490243,0.010703517696293774,-0.0006078658019522664,0.0011130900525906891,0.0002794857480461902,-0.00841830403512851,0.0066436771430021056,0.0014031807727918348
2015-10-30,-0.014831107629781586,-0.01830579608843933,-0.009173517481230839,-0.01739492729847009,-0.012666111726859795,-0.008582313228686887,-0.013585114590306481,-0.010065931278346587,0.006182962050461157,0.010953254387533286,-0.0013982105186185437,0.0033314855910034193,-0.008344246589392661,-0.01033600933066206
2015-11-02,0.019878919495339417,0.01654884102447271,0.012336605056618778,0.013028902535084114,0.011559596346684542,0.013960672145277594,0.011333706509849212,0.013938399419682262,0.03023679938426911,0.043915795328571296,0.009885217982755188,0.0028783369811189443,0.002876194949175409,-0.0026007817000573675
2015-11-03,0.0036551974902423196,0.0070093744925763275,0.006111696031153712,0.001457460633289789,0.005310631089385408,0.011405251836230734,0.016947979920088743,0.0014433102414644844,0.01824253226957951,0.032939280360344776,0.0008309098940873815,0.004632190923144228,0.005857485019579088,-0.001895735164899312
2015-11-04,0.0010635874283790442,-0.00994451014833884,-0.0061116960311536515,-0.006392132074336626,0.005021718980028615,-0.0046612506198171815,0.004606180414897281,0.00862962679563118,-0.010067781618978366,-0.014058001768906205,-0.004300485229464931,0.007891316707243272,0.00012977743188678697,-0.004516826887607285
2015-11-05,0.008919856555804191,0.01748296278034738,0.005927040874133701,0.005116970229264715,0.0019287414429136733,-0.008891874821999234,-0.00036771465757217634,0.007071362861223128,-0.013701250694526846,-0.0232082337883846,-0.006695519503388517,-0.0037186961808279425,-0.008732541644743208,0.008540977187332901
2015-11-06,0.029950348356945152,0.03630574574616998,0.03126959002405784,0.017885040005752653,0.03655919812969979,0.0011571205522838241,0.00988114169544556,0.0012218596118992345,-0.004017018634203382,-0.005514914815480975,-0.053025854032077435,-0.04573762868900992,-0.010792418520639918,-0.008779271004735812
2015-11-09,-0.01575299414391353,-0.01515605772479043,-0.0028678994383332036,-0.006827191448066572,-0.012174019472038557,-0.004055793334321838,-0.013934952295750876,-0.009008416400619838,-0.030287136549566537,-0.01835307752919617,0.0030943810147478017,0.009816309848014385,-0.0022521040187179066,-0.010059965080130264
2015-11-10,0.004294076339842284,0.009569451016150893,0.001614205354540979,0.007900920971410718,0.005322262100845587,-0.03202430904159593,-0.012074076280806277,0.004613267667636659,0.00486915143381055,0.009808755548813006,-0.008866616385978323,0.00949588867311351,0.004895160929371411,0.005521560061117811
2015-11-11,-0.004887812441595001,-0.005617992304223373,-0.01626052087178029,-0.0019693856512886217,-0.002125506873088486,-0.005668170448708728,0.0026129167534942946,0.00917624308134926,-0.008904126645989635,-0.011217893498099336,0.012684535854763824,0.013188969542051183,0.002504450000802997,0.006443167499666416
2015-11-12,-0.02024816082994731,-0.02164093566841114,-0.026579637804712012,-0.011354542102925785,-0.02368369874539598,-0.0033645375309804674,-0.006169973766199537,-0.01146038907143906,-0.02745002507054012,-0.02559876116848907,-0.013872713627105633,-0.02564243061333767,-0.01726241245764733,-0.011002263578883549
2015-11-13,-0.00668898815079654,-0.00983519643360633,-0.00543938319452586,-0.010935046086198878,-0.012423168439914962,-0.029643493003647596,-0.009043015656383279,-0.021997412435059233,-0.016634248061479288,-0.013218518893903068,-0.005962158069910051,0.0013661204310434418,-0.00942006696751368,-0.004821610112469791
2015-11-16,0.014386558420700869,0.013283475712522304,0.009732436918230834,0.012745984647031111,0.009253758362088346,0.016202371966775878,0.017354218188365078,0.013888273469846588,0.03522376721880585,0.03075799008876397,0.012479734096495646,0.017815331930797533,0.017955728286923853,0.01391911121069944
2015-11-17,-0.005729810609758908,-0.000573888107572695,-0.0037320438913192766,-0.0056246179310776735,-0.008308777191388754,-0.004256912930047491,-0.014896982286054294,-0.005934259595968936,-0.011687314432246788,-0.004603252319677332,-0.028453551747027007,-0.014408173609183268,-0.0030591232209369605,-0.00693533809373431
2015-11-18,0.01976408096719405,0.02382415572750645,0.02747476219394072,0.012835754281322496,0.016084463043100492,0.031174054392398474,0.01647668804596233,0.018632800895647946,0.009707605792595362,0.012879462033852295,0.020597586049318675,0.007905179507113247,0.010995672816673399,0.014532715567674796
2015-11-19,0.0031085806987973734,-0.008443618980169295,0.0014540169773616365,0.005374430707851846,-0.0032584269436012063,0.012623542054300465,0.0016699141091862653,-9.21082931009568e-05,-0.0054644944720787375,-0.015078957036927687,0.019014501680709978,0.01628954907994349,0.004207211044129817,0.019440827757006254
2015-11-20,-0.001775148395140609,-0.0022637247923882517,-0.005646131017851104,-0.002683604795092078,-0.00811447885467011,0.00436828651615623,0.004624071866439044,0.022200867572199173,-0.0063714376325262586,-0.020240904543281958,0.008866981563810307,0.001327140208062494,-0.0052617853575254794,-0.01589932954480976
2015-11-23,-0.009820046180975572,-0.010250659233340512,-0.008621533729941743,-0.00394902685163941,-0.011979337286785763,-0.013077596207343322,0.0,-0.00038617494204572927,0.006122340607947664,0.01117205229815369,-0.015899977586076686,-0.007098521377677291,0.0019764154269414193,0.012413790986375708
2015-11-24,-0.001496334260937651,0.0,-0.0018439983097193683,-0.005772021797122289,-0.002752343874806311,0.009550848072921815,0.0011066028425460628,-0.009144295544874385,0.019734236864951325,0.014777507555021763,0.0010287310775713196,-0.0024518010721907894,0.006298406859941128,0.009267906930781456
2015-11-25,0.0011972464764441087,-0.0017187056651314985,-0.0018474049222404261,-0.0010859729574061185,0.0025408938555166443,-0.007175751528471361,-0.010376227986090858,-0.0004808660880630505,-0.007723939583241808,-0.005268369116760001,-0.005301927000184089,-0.00514600084032896,-0.00722024797348702,0.0
2015-11-27,0.0046258382868207375,0.0022909517465557624,0.002400961537538268,0.0030738655430041575,0.006954350771429951,-0.0018656721829497342,0.004460144914657518,0.0035166753734116292,-0.000246184146984319,-0.005517559793391228,-0.003105822211155343,0.0,-0.002638523958181172,-0.00485493960195385
2015-11-30,-0.007321661396179785,-0.0028645106954598683,-0.002216067388911226,-0.005249355886143678,-0.002365372071864738,0.0041506137263132145,0.0077577042180828355,-0.011884269606864652,0.005279648828567237,0.010457467747730261,0.0036963152900197625,-0.000897666128501247,-0.011425659037514224,-0.012358790858965874
2015-12-01,0.01385084321999324,0.021567237769640625,0.014499657534294105,0.011009947873855272,0.015923487669121873,-0.008148067486627174,0.015880592934789772,0.02707970776820764,0.002812597390667153,0.012622583262472719,0.004417618728960614,0.01426684921063559,0.014591053397767331,0.006315071858318163
2015-12-02,-0.014150828222992975,-0.010725476793536665,-0.013575699231474671,-0.011372990172270024,-0.014661259669414438,-0.009074627807038667,-0.0001811102060551314,-0.0076074237942883325,-0.028991128498301048,-0.02440880771107711,-0.02876716738618871,-0.02170350320170539,-0.0019771969797183994,-0.0028017762899717495
2015-12-03,-0.012985234548322074,-0.018328119004300186,-0.011704731862941875,-0.01610576541485345,-0.026955235566231996,-0.009331327428884305,-0.018463187850352673,-0.012483587621326044,-0.01443428454096529,-0.015634042612330083,0.0015110308103171476,-0.000678809846180699,-0.0006599353502890837,-0.0072744659637073205
2015-12-04,0.03126890998228417,0.02849195579430624,0.02909965916141205,0.026760493749815786,0.02553511698436975,0.032705813917997574,0.03106234659295327,0.014230470009734635,0.005722658206650479,0.00963269097053178,0.012155923676939498,0.014605360175376973,0.02722053849764802,0.019359205178779027
2015-12-07,-0.013196128922589636,-0.014714470354002541,-0.012604057622728334,-0.004500862760584033,-0.023970466957861557,-0.006320867195511978,-0.0017901902382116682,-0.008014474028403839,-0.026469488295854708,-0.02746090404637675,0.021544289094352,0.00998787572757939,0.00691424009347657,-0.0020811662038245117
2015-12-08,-0.015644121699568046,-0.02015616754927897,-0.018740691349802076,-0.01857638557293542,-0.013952073448732727,-0.00042281510925448393,-0.00035842294290533606,0.002777546307129495,-0.02866206901033048,-0.009670809886130227,-0.0008762962441869252,0.000441598594060845,-0.007942650005429732,-0.0044078484544197395
2015-12-09,-0.0076092286183636745,-0.005249355886143678,-0.01092289579325303,-0.005160350559309634,-0.012155362379781695,-0.022322928220692005,-0.014625159120337353,-0.016375578098072132,0.013310458724642047,0.013330466303660476,0.0024808476788066897,-0.0035382610995986527,-0.0006432936857417076,-0.008170933752440436
2015-12-10,0.002288854283751835,0.005830920310793144,-0.0030343281388573316,0.004056800695614469,0.007717363697655646,0.004745683871053291,0.005260783108071974,-0.003297016627861624,0.0007930214531378529,0.01922048994010765,-0.01734827395630876,-0.01450432657143922,0.0011576308450809713,0.0023413731136400612
2015-12-11,-0.023751887705856053,-0.027705868820674714,-0.029686065799796255,-0.019136673163532018,-0.03095013815924747,-0.02607516381100564,-0.022135724996870103,-0.012738013685460963,-0.01799688645196993,-0.032550956243768164,0.00606196873715697,-0.00202497537977139,-0.0001285594910815648,-0.011525471578145778
2015-12-14,0.0031167237322645824,0.004175371410480592,-0.00019567557052937266,-0.002065534487070982,-0.0009066183757899767,-0.006204043652023046,0.019780864747349143,0.01602191633316392,0.0224788343712391,0.03288684607506243,0.008951560250810222,0.012311291479450249,0.00653555219222158,0.004249298178657749
2015-12-15,0.028075787474445692,0.036240085015143586,0.027409552224936653,0.031637084943182445,0.03130748704962516,-0.017850408937271273,0.001087547687398919,-0.0032181188002449613,0.04374813140469549,0.037678134673583295,0.005681419608880842,0.010181584192230309,0.017598732356519924,0.014499786308662816
2015-12-16,0.02140319672911017,0.018766544497067977,0.02593642848035599,0.016974044224428605,0.022813438471354953,0.007663563630278263,0.016707475671058243,0.021475693251101442,-0.0035313443180195873,0.007304006692586047,0.01713875032408768,0.020057354318697356,0.016307076984555646,0.017719943573740998
2015-12-17,-0.018683751028388398,-0.025679014417691506,-0.01986199826082684,-0.006827191448066572,-0.019522337919728232,-0.021424203600409426,-0.007690282020869591,-0.008742829321260024,-0.01514891168766126,-0.03152777707210429,0.006688988150796489,0.003877643807448588,-0.008680610064305767,-0.008015616030213139
2015-12-18,-0.02877455944805419,-0.031711406449796205,-0.03133365417966569,-0.030754757781991958,-0.039770669948427505,-0.027442306217245496,-0.028591586124351857,-0.017004628043056167,-0.008760684735097392,-0.008095414324954177,-0.012848142477849137,-0.006687545148312386,-0.0272709741879398,-0.023026950679175925
2015-12-21,0.017547010160360678,0.012451984192197866,0.011262254961341223,0.004266772079318363,0.012796007457834876,0.01218612755572624,0.012848928607070598,0.005205428022606176,-0.0002588326661272319,-0.006366958118526666,0.0030126986419361126,0.0006491399124408249,0.01044063469299831,0.0065666277238885596
2015-12-22,0.0021338218735042864,0.006461109114288842,0.004238927349180923,0.005906255633732119,0.01285652141153415,-0.0009321402613787412,0.00943916973868878,0.008285767299433628,0.005035192356560884,0.0114758097457318,0.016198137623741584,0.004747527259713659,0.008199352148686107,0.01185095779962953
2015-12-23,0.015860161771342352,0.015107782991972114,0.011850291580706593,0.01279958962688653,0.01597830137033153,0.012787424059890272,0.008455568953530177,0.0017972967251199796,0.03218726922424107,0.03846628082779614,0.014690715410003592,0.013896535762524618,0.004012041489960854,0.008739706043580554
2015-12-24,-0.0019500493691718794,-0.004045079193808585,0.0015188915014278626,-0.004005102750448468,-0.0026271155167718837,-0.0053545179630511315,-0.002690825912759727,-0.003480304617636399,-0.010782451505025785,-0.01893955245877279,0.000555401291700105,0.0,-0.001627951020108479,-0.002981311691068221
2015-12-28,-0.0033087712545149025,-0.008139579822558743,-0.006280351787549639,-0.0025570790188909217,-0.004669183686761534,-0.011263791417269345,0.005017032562517858,0.021188328192237618,-0.007465081798320167,-0.018530216079284317,-0.0016671301443906055,0.0002122916895775658,0.0016279510201083348,-0.0011490291968542887
2015-12-29,0.01034104381981728,0.00871845103988125,0.011389644764357769,0.011094048494092892,0.010461549608698278,0.0178145368061503,0.010666767804195228,0.014871483314041431,0.0053198352187734865,0.009801300862798283,0.006237458714671473,0.003178979046812026,0.0054904056064356286,0.0050458822656760825
2015-12-30,-0.007182433989114694,-0.013399559646383813,-0.0129181127730464,-0.007260877788043744,-0.008316511248064578,-0.01314468616035121,-0.0042530632956021735,-0.004620461933447404,-0.013353031112159044,-0.012793821799252246,-0.0024903167269667696,0.00021157304638323918,-0.0036152878621912936,-0.0032080687458723787
2015-12-31,-0.00844523191605109,-0.012987195526811303,-0.010571938925398667,-0.009702593278854919,-0.009827817617602347,-0.019381545631790353,-0.014849543819896421,-0.015673242644706157,-0.002050494118420401,-0.0014440435722338025,-0.011143728636700443,-0.010206339927020138,-0.008276947177422788,-0.01409938992874149
2016-01-04,-0.037181297885481995,-0.024054076153537808,-0.012053023053570582,-0.027036232366902613,-0.017293432623276934,0.0008546603245649526,-0.012332401492660933,-0.02415805799268033,-0.006305921417179475,-0.0124155724904546,-0.0028054443985873483,0.005116191078831724,-0.013183103842346293,-0.013121087962697212
2016-01-05,0.0017275230052047354,0.0,-0.005294649097934322,-0.0003780718381517149,-0.01736797351081027,-0.025378657072485072,0.0045516692147191005,0.002748247914761394,0.00848443192187213,0.008517366295467756,0.007138388489792808,0.006992294618793586,0.0031849189289409902,0.003531492781470938
2016-01-06,-0.014541112859913326,-0.021532668298356445,-0.014656629966106036,-0.019280925629645344,-0.024715589475626003,-0.01976368345319633,-0.018332319083471733,-0.0028931019745497286,-0.008355341364667066,-0.04030600223474503,0.0022290340797979586,0.0002111263599102077,-0.009713777811404681,-0.005420067469339145
2016-01-07,-0.04127982897133662,-0.03673623982561923,-0.052428058205286364,-0.02894218437092032,-0.031217029850502672,-0.04312106037277857,-0.035401927050915834,-0.02443584021766791,-0.016135678643628693,-0.036079376036490404,-0.009226963267442543,-0.00848001689675661,-0.008771986072836881,-0.016678966584555678
2016-01-08,-0.02265387590052324,-0.019544596072970283,-0.03052857425285196,-0.016807118316381174,-0.0041392803196134,0.005273782969266154,0.0030622033498149286,-0.013710292141124394,-0.020408871631207238,-0.010778184872791806,-0.0022497197340154416,-0.007479466431292736,-0.015801830594342595,-0.0026464589005409708
2016-01-11,-0.001528662718064971,0.007210781817361842,0.01548751111470199,0.01063733060858379,0.010859450910567928,0.016062548013378874,-0.0005734493132392479,0.002950862125665045,-0.013479109590067352,-0.016697748297896,0.01105911740279544,0.004707905121905682,0.009171972055672875,0.0016849203649194457
2016-01-12,0.0022073190047165858,0.0,0.0006401365843260459,0.025038272012180302,-0.00012068549375006507,0.014409035632368394,0.0091359600043008,0.01659929483007869,0.020284126176886328,0.01694123502907222,-0.007826734572930875,-0.00836107346966908,-0.0020890463270425517,0.012903404835907782
2016-01-13,-0.02786078742585729,-0.027144996718178938,-0.03671532184556897,-0.03225128665505866,-0.04139796548108468,-0.026046569993643694,-0.021835765096736303,-0.035186678731055146,0.005966209278570921,-0.010031892304593282,0.006015266091795387,0.007506737663753351,-0.008663745449219351,-0.006430890330290291
2016-01-14,0.014886894282168439,0.006022099163092882,0.004195655928507382,0.018133405109273536,0.014982488887113206,0.02163509301776148,0.028068668455866003,0.016293021833083166,0.04484824708009179,0.04965048499924281,0.009301101272461667,0.0072386945843839765,0.003947373546629781,0.0007165890668517189
2016-01-15,-0.020132578631351684,-0.03599709538388761,-0.06627353502651598,-0.03660171287110673,-0.0364709190163124,-0.02430834157663014,-0.040735699367243416,-0.028991960369982146,-0.019656025302635632,-0.02128494687041931,-0.004015235577953967,0.0006361997881853649,-0.015483668033404903,-0.009114958765683547
2016-01-19,-0.0005260850625500378,-0.015331310746788979,-0.01255791885140595,-0.01257359654728305,0.0077457737713572394,-0.004850620997301112,-0.008468785228462384,0.012017744335463413,-0.015326965839346228,-0.02615477820114115,0.014872210222582425,0.016192131710068003,0.023071354881807987,0.010069612776134242
2016-01-20,-0.026663506341420555,-0.039389266683472215,-0.03518499542970404,-0.007077465013113343,-0.019770744116148542,0.0013440167440593278,0.004538734974551597,-0.0007234078387874997,-0.043060536581414066,-0.03153105624786266,-0.024070881356362442,-0.016404153337068187,-0.011798773476729738,-0.012965367695389723
2016-01-21,-0.004694844304207729,-0.0244004711918579,-0.008432589651299198,0.0029203191384312875,-0.01375267255203715,-0.005075364356917498,-0.006122266580195953,0.011223244921039419,0.012493372710980177,0.025871592323181678,-0.004631262224910644,-0.0074492203571908,0.011668437862338558,0.00024163344324391097
2016-01-22,0.030305349495329058,0.014859114403749905,0.02241197119801701,0.02081905555711755,0.03377845364993031,0.05180199156279315,0.035227929967081614,0.025529023239907765,0.032789822822990755,0.03025931088734433,0.015216319273250928,0.01146996432010794,0.008307420569856096,0.016057864513912768
2016-01-25,-0.022911933795446517,-0.04525659158812083,-0.03746871737712473,-0.028135906429370534,-0.03727946459126642,-0.019715863164417317,-0.009608067764239189,-0.01601029411622132,-0.03441056872072401,-0.032235352039168115,-0.00527852316046419,0.0008444163474095608,-0.006614381160434083,0.0023747339585531
2016-01-26,0.025192036510890903,0.026647941482891582,0.023736279898830738,0.01251058852628969,0.021796196171336445,0.0055157337853022625,0.007310536598501415,0.00023170075270108754,0.036106921968902576,0.03915414380463793,0.00583253979513328,0.004001268895314682,0.02518442238095351,-0.001899335803652405
2016-01-27,-0.000701016502595186,0.0037495357014793104,0.001480385170434425,0.006402996160767733,-0.004737653667947488,-0.06796472591379597,-0.018377536262922257,-0.022338444460707485,-0.01855438451117958,-0.00991585688724986,0.0026273955514175794,0.0012602396122877732,-0.00012689550172486033,0.00023761435302498992
2016-01-28,0.004198746546349761,0.01264427407419709,-0.004200129707606219,0.007180254461318076,0.021495132250085446,0.007146315944712317,0.0161707711553371,0.04191952741016556,0.022328219427927107,0.031088136813305293,0.014532748231456599,0.013344651742231302,0.012861102756754445,0.011339597057581665
2016-01-29,0.03802478989919391,0.044098218285730094,0.05280242989001178,0.0264261469429816,0.02824869274848363,0.03395823338663388,0.05666735955790906,0.017289206200428692,0.011108354990049111,0.0063809022117841735,0.02460297517366173,0.013168914589640953,0.02315749573319025,0.008188137922436807
2016-02-01,-0.010814569746257411,-0.012811563134200279,-0.002351282531650002,-0.005790172910326209,-0.011892671534421074,-0.009392647883015205,-0.006921703408890628,0.012296841894071606,-0.02024203017786918,-0.013740318641320718,0.022325287047835936,0.019834691938501216,-0.00700205551090475,0.001862197931064621
2016-02-02,-0.03158429763687922,-0.05370911920736216,-0.04970866495820833,-0.022477406778058293,-0.05107903280630462,-0.020429184633186166,-0.031754594523612754,0.013069891142793636,-0.022535418135066116,-0.048649477618834355,-0.0032520353863773432,-0.005425513158123517,-0.011156679500966252,-0.013108801947780134
2016-02-03,0.006641059011097862,-0.015232586990110646,-0.0014855164900667802,-0.02551211683619446,0.006439341522542471,0.01959922297126837,-0.015975995933724407,-0.04121370833723156,0.05083736529003576,0.04076290857973754,0.023309277578903845,-0.022825527342224344,0.010910100779460386,0.006575880906156959
2016-02-04,0.017097385654636036,0.01674316129547759,0.010597757844058907,0.013563066547620566,0.02464788229805165,0.0025913463580968894,-0.0030721990369701403,-0.026160568797940383,0.017055558400599788,0.0020069660239903403,0.00025455008410330275,-0.0018570107472126599,-0.004944385845463967,-0.004457485386397201
2016-02-05,-0.011192540432278469,-0.022901764286684567,-0.02306363854481841,-0.008115745304767689,-0.00012781186111477454,-0.027071215622487824,-0.03602582225676217,-0.03664824024401566,0.0031267613492575305,-0.022783832804738884,0.005836839309298816,-0.00413907875688754,0.006176671891729137,-0.0021183955197598744
2016-02-08,-0.02117499713645863,-0.053938529422726623,-0.052799696881807044,-0.02882776988691666,-0.04724154604125441,0.010474623622673842,-0.01506506346700659,0.0005682141183621461,0.013396379950648782,0.036837231911632184,0.0016433857437300632,0.012366192211789131,0.017336534800986316,0.004935960191905863
2016-02-09,-0.00603159536579879,-0.005721306983609165,-0.007966053809045638,-0.0010758473334630141,-0.006722714394876589,-0.00021052631656720084,-0.002634513632394229,-0.004469185764712229,-0.013396379950648832,-0.036354722855226215,-0.0030360554630312645,0.007753558533448374,0.00024204284276459448,0.01512536107075598
2016-02-10,-0.012173440701096267,-0.018197359051907468,-0.0026695157337411797,-0.006046228740950031,-0.006904048000517755,-0.007608617494032086,0.008687800881316892,0.00828206201497269,-0.009157688034547104,0.0014461318499997134,-0.01031527771183291,0.00020323137962444855,-0.012419494833723435,-0.017472779989061056
2016-02-11,-0.04513151935874556,-0.07090263573413848,-0.06716157876959875,-0.02211849723743641,-0.0454371014881953,-0.00606481616368244,-0.000402414492352069,-0.0006934567681180174,0.003145645877919207,-0.0006023008072220866,-0.017041465854851817,-0.023854719461585377,-0.021298477205430676,-0.0032956715328838013
2016-02-12,0.07999922279539594,0.06839532142435467,0.0706305615679069,0.04650995036159565,0.03793774809743914,0.0030902043878334577,0.0161696306670849,0.0007500442594682051,0.017805363622296733,0.02897720855317073,-0.00731838080767984,-0.0029178845212708025,0.013549837488669447,0.01637080527254402
2016-02-16,0.014848339097365399,0.024794658613216274,0.035330117009293165,0.019466862775873364,0.019583888639020525,0.02780434055429488,0.011615447061392472,0.015092983746792068,0.002342065785517908,-0.007283866789918681,0.0006556087561914911,0.0037500043945407654,0.005909164061651937,0.005782368372347425
2016-02-17,0.007172161891994024,0.024991224049316706,0.02262712525817018,-0.002282869103912006,0.012801881731140892,0.015198485203783745,0.025699414552553618,0.01977147896371963,0.009557725006101352,0.04043989110710222,-0.010409211847159029,-0.005421197597365856,0.011957194683057658,0.0029936694781563197
2016-02-18,-0.01646974953017437,-0.02580788395587259,-0.02185601610802186,-0.008345552297212915,-0.021496123523205648,-0.0191383555153252,-0.004397292239938542,-0.01995264469602018,0.005472801741354911,-0.018053506784346394,0.0093600314230469,0.02151065358985786,-0.005716733929416387,0.0027554552451280654
2016-02-19,0.00017296549381518283,-0.009027554128221229,0.0017969456767016347,0.007514124271766117,-0.0055661289511810385,-0.0022880925219108225,-0.007114730521357917,0.0063905970398012955,0.0006062443350273895,-0.002655430758530806,-0.022022646467278667,-0.006157654924409984,-0.0023203283293087695,0.00366216934812902
2016-02-22,0.012887883513490992,0.03324181224881568,0.013501669885161053,0.02261609551767698,0.012715761457270264,0.008708327891784193,0.015890063446020543,0.009564834903609794,-0.0013342230131366103,0.02646743592612256,0.003882460195141416,0.01085297844282142,0.004148371005218036,0.0038764157536601515
2016-02-23,-0.04273036486743073,-0.03077165866675366,-0.03344793406754025,-0.022408173695532815,-0.026423055781773157,-0.022864701249428066,-0.028317407848341695,-0.016262094895354424,-0.014179433264636084,-0.045019977852684134,-0.00040093552157536736,0.0,-0.003903872226494024,-0.005705823993119643
2016-02-24,0.0003563156994762472,-0.0024701535820621447,-0.0034071583216141975,-0.010239353905288184,0.004475512686126383,0.014780917980837959,0.003510828650063021,0.005020209543593019,0.0035637518516068644,0.004230820742686253,0.001869658664293201,-0.002446983276453252,-0.003060539819352368,0.0050228416102815485
2016-02-25,0.01537812010975398,0.01554223514941489,0.013818496509855525,0.002936243720311861,0.018311665133875842,0.006844369765579754,0.014305289377615433,0.01133789610503954,0.005992802133850546,0.0003517617436751719,0.019684894823465564,0.0077283280731107835,0.009518070635504196,0.005677317395213885
2016-02-26,0.009253667079911446,0.030378035359171704,0.02253039490670785,0.006679214979130177,0.013400535537482113,0.0015490270046320453,-0.015474196582597478,-0.005859794756044887,-0.003175381270957111,-0.011199645505656134,-0.03203570291706523,-0.023988848944891075,-0.015174055220391478,-0.023368761007829454
2016-02-29,-0.021785822977757243,-0.014274627792593052,-0.016592595093419715,-0.024214258120594627,-0.004803531819564646,-0.0022727282510024553,-0.008220833144857023,-0.01059590519315799,-0.019765930721800776,-0.010846998299460262,0.0033713200294979715,-0.00020753346551600452,-0.010037880924774437,-0.0002318303012585158
2016-03-01,0.05022700674431538,0.05213160105727082,0.06042776695083394,0.03764559961636676,0.033667457535326385,0.0389462059218726,0.032865900269868374,0.0341956998713349,0.014000104774609643,0.03172997210856521,-0.012599231895514372,-0.01442483462569478,0.011639556866269779,0.0129004323035926
2016-03-02,0.009414998934601883,0.01654173056436397,0.022758198655683976,0.017296188630841012,-0.002914038001849646,0.002186010409463629,0.007012252745680459,-0.003631090953459678,0.017319618199473894,0.011658237888213843,0.0038100467916347756,0.010265094850517884,0.016119533303274484,0.001829408239459674
2016-03-03,0.00334113240983513,0.006688988150796489,0.014344749207104964,0.004026580837980385,0.007301424870586936,0.007416597655049619,-0.011396134730869582,-0.0107269887323564,-0.0036341651142195734,0.0044655710550505195,0.00946208735657661,0.004367273240692777,0.0035068661612465053,0.004331478332616638
2016-03-04,0.0014998752915956369,0.0029585820397450414,0.0,0.006808196101170425,0.009674291424315019,0.014767272413760036,-0.006131462014333765,-0.001874389149213268,-0.0013358432978044649,0.00455945164656425,0.011237576452175345,0.009089093763453102,0.007815827678525641,0.003406384581427708
2016-03-07,-0.0018334866374753777,-0.0007388253014322039,-0.005149824115458902,-0.0007985626297798288,-0.009545541585074575,-0.011128580293627087,-0.019406780226332063,-0.024144982446075703,0.026028455888175765,0.030685498267054002,0.014265200298143453,-0.0028830332984334964,-0.004682162344506608,-0.002269633293848352
2016-03-08,-0.01954240089774575,-0.0353553183344116,-0.03729813161338352,-0.020581840330481386,-0.024435162630785073,-0.008279988162334164,0.012076500489767309,0.001023606127248776,-0.021905238792704465,-0.021515795707201416,0.01328836645797142,0.013519255475914574,-0.0004814636587948858,0.007019161616028469
2016-03-09,0.005767615649175028,0.006106889208179481,0.002433091224641651,-0.005314812183626182,-0.011210359184047914,0.0008904279589064455,0.022778284088477166,0.016512529967591175,-0.0027873737976668142,0.04495138786226627,0.0031011783479276914,0.008307210167766177,-0.0012046742813356618,0.010995286359023224
2016-03-10,-0.008663946151608442,0.009844835287651605,0.005332053350241372,-0.005755411570620651,0.007377164351056282,0.0004943398192517171,-0.015063684593146833,0.009275715183394916,-0.00267347346016233,0.011994146785819242,-0.0032306030552847666,0.006235562797089379,-0.008230499136515367,0.00932925469170003
2016-03-11,0.012378284374337937,0.03843784346109417,0.03841155003487024,0.03165206408472834,0.01915063773089187,0.010716319434054199,0.019407001778825827,0.01719697907411928,0.00012167670514481491,0.00678975661688071,0.00645080291404842,-0.0016054589039397537,-0.006462255007393621,-0.0006634966515661399
2016-03-14,-0.0037143382227294627,-0.010937039389894276,-0.007471433308281572,-0.0038019055300176946,-0.002927497780854581,0.00253931184401706,0.0018825306764435014,0.007183448832322756,0.002673148614883427,-0.003389115720144867,-0.0005145356429443377,0.003208344440471132,-0.00712008900427843,0.001989170729937007
2016-03-15,0.0013522652500137541,-0.005145178568538263,-0.0018766132647864576,0.002002804594970587,-0.009557548532572166,0.019894427264114126,0.007868155990511803,0.0004397625353219865,0.004962789342128876,0.00010608391247402981,0.004237022452201625,0.007578815693705975,0.0017232894466618451,-0.001104606320202757
2016-03-16,-0.0047409502955304845,-0.01934584143975752,-0.008488614989270084,-0.008842501345592729,-0.009849040186358765,0.013203706426760121,0.014082130060459434,0.009005783944037593,0.0006035367435301376,0.011915573046182043,0.011465093740210186,0.0069300346646696325,0.00036889025933241185,-0.004208667193572889
2016-03-17,-0.002889438570161215,0.006739074549845519,0.014574776097936615,0.003827948665433711,0.015620683413674088,-0.001605515762545627,0.00568756693270343,0.00147772878906799,0.014733452117951063,0.015497735942671892,0.013086886159079386,0.0027586224390796607,0.01718611377809371,0.015855870611203936
2016-03-18,0.02902157884700922,0.0286889848483447,0.015974410762612436,0.016156729233400943,0.030210664403718744,0.0011335727644991723,-0.021637459956763132,-0.0040557823993768154,0.0011883542693787133,0.008222885267938474,-0.0040085234684557585,-0.0011813350458312055,0.004822191381764449,-0.0037211381452103144
2016-03-21,-0.0003307425199655264,0.0036192583843130586,0.0013770945485872725,0.0025689175277703482,-0.008346921569676568,-9.441533312022689e-05,0.006893366840294176,0.00889585918819692,-0.006912195319862023,-0.012878146351880905,-0.0018845410439561057,-0.005531424613229202,0.002042410753834506,0.0015339106765672897
2016-03-22,-0.0036454058596738234,-0.005797117684325957,-0.005058644956260274,-0.0059382597302593204,-0.013462794724873071,0.007618905311735863,0.003891416010460691,-0.002772286808495449,0.005961624906079998,-0.009794805826285759,-0.008080852053938672,-0.004168740528473724,-0.006985455359505807,-0.0037293012400029207
2016-03-23,-0.004992521603121094,-0.010226531783831313,-0.02355794076026061,-0.012184311326635175,-0.0007785130794135755,-0.00554382439358253,-0.001851166763362033,-0.0032814784224939374,-0.0044081801293232225,-0.020202707317519466,0.01172109959353758,0.007925541783334503,0.0009664170841557649,-0.0008795075325076041
2016-03-24,-0.007703940296562877,0.004395611473038129,-0.010200539164693979,-0.017434051950097628,-0.007034026657380048,-0.004343727320791608,0.004437056641695374,-0.003596935906639491,0.00274250455087155,0.013373156211857907,-0.0007520682229636436,0.004528904068658621,0.0008448494860136644,0.0026362053931409508
2016-03-28,-0.0013458952233550141,-0.0043956114730381085,-0.0004769854609870402,-0.0040983663922821365,0.005475179888088942,-0.004552791701756754,-0.012436355180040368,-0.002068801629037789,0.002853747477734394,-0.0017939117352399074,-0.0033913239813378173,-0.006306682314657937,-0.0032626456348163824,0.004815067302601058
2016-03-29,-0.006248437116001156,-0.014793169177830577,-0.004782409880215132,-0.01343689467224278,0.007705545297746455,0.02339562714523493,0.0216174699835281,0.01660155166365775,0.0036740782070545826,0.006736867584758149,0.012006147220835168,0.01218329080364301,0.0021762794225954484,0.014738021423516571
2016-03-30,0.011453721306302974,0.004460973940625266,0.003827755869764466,0.012409673215712673,0.009437363401937007,0.017308478498459675,0.006195355092954449,0.0031937872190691075,-0.00011830819298041114,-0.0007346382237309161,-0.001119472720929719,0.0001952934289968794,-0.0014503265776464136,0.0021491519125391434
2016-03-31,-0.008240187885455927,0.0029629651306570487,-0.0031089347054717035,-0.00597878288542212,0.0030623987184596265,-0.005216209493657248,0.003264420744407258,-0.0071053824184003685,-0.011064297036791123,0.0015735644474305383,0.004098620902489559,0.01010305854096463,-0.004485127829015,-0.004087345692542543
2016-04-01,0.011083236877982548,0.0029542118974316043,0.017098493028315186,0.0018593125901834146,0.01792977324764914,0.009133317667805072,0.006137203378733872,0.008834890459992162,-0.007565331789792986,-0.012021656958656049,0.005562093320962486,-0.0005801025010401763,0.014713241783262332,0.009440104431798104
2016-04-04,-0.011421017661467584,-0.003694130540142046,-0.009700774050626014,0.0010314596066622124,-0.012909905676954112,0.01022124587706315,-0.002522523860116548,-0.00592916728621592,0.0024078990685403854,-0.008844428690720524,-0.0004931574505076529,-0.003293619174250584,-0.0038383158554764823,0.0012804099060446127
2016-04-05,-0.014290818235375122,-0.02397118524288433,-0.013162808209606431,-0.02062358274460755,-0.015457640430306157,-0.011859098836466433,-0.015819949896506636,-0.008597602330233357,-0.011489513825770153,-0.008167697206264334,-0.014783796184236867,-0.017224931645440516,-0.0006010699225263492,-0.007707167244937778
2016-04-06,0.007681184817279648,0.006046881614892907,0.008396354952906358,0.011926075028122186,-0.0010304631555229549,0.010418176396954113,0.010211613170196462,0.012445792887749978,0.013291640822775898,0.023146465598604764,-0.0067813897956117315,-0.00574202151854594,0.007785869121002772,0.0038610086574595937
2016-04-07,-0.025662305511893527,-0.03216203700288734,-0.03872394215449075,-0.02420916042062583,-0.03128527401641151,-0.02205100737131731,-0.012046139459789584,-0.010404559274319563,-0.011347297033660475,-0.0005273427322544105,-0.0008824456923096939,0.0061368103116720505,-0.006824330585381233,-0.007521256042465737
2016-04-08,0.007300571274817975,0.002331909334978743,0.004954184024411295,0.0029787256067246672,-0.0008646779613538057,0.0011049724881182432,-0.000734753890513295,-0.0008554939682979127,0.010146239959180993,0.016115878304581912,0.0060354766387305395,0.0011834320907801274,-0.00048065369827068546,0.010940793463063743
2016-04-11,0.007935180502603063,0.006963277652144847,0.01593366225913539,-0.0008501594560943328,0.012695224721817153,0.003307610512757814,-0.0020233613083462973,-0.002544480314956482,0.0013210834804327208,-0.011379775150870306,-0.004145474186121002,-0.005138351226427533,-0.005665054625071335,-0.009216655104923952
2016-04-12,0.018386626250439245,0.022866850015763586,0.01879120578118231,0.015612131444913952,0.013768120655527993,0.012941035425818974,0.006240842575793526,0.00891020837174923,0.012286192599206186,0.023554915228365635,0.009770840604989714,0.005926528607132136,0.0012080214080810545,0.004511770463662165
2016-04-13,0.04146955808505676,0.03843784346109417,0.05456954452584658,0.026034528261271273,0.03527230942273691,0.014383563329954082,0.01272744453209846,0.009881413276230967,0.00567444482766605,0.0009225565720189718,-0.007381954072553419,-0.00810841978315664,-0.004476987331418909,-0.013162343439670978
2016-04-14,0.012863981863721919,0.025063968663216436,0.01636257507723099,-0.004906981835396115,0.00660932696520837,0.0005353796862064286,0.00018065215476824976,0.004498165666272023,0.007048073343883897,0.003885882791382005,-0.0022630132866284167,0.0017855376234715665,-0.005472136230433933,-0.004571685332649172
2016-04-15,-0.011570111393712768,-0.009950330853168092,-0.0013348166609270854,-0.01112954604275083,-0.014964434148824491,-0.020275531247495048,0.005224766412139586,0.00592779109948272,-0.005399074148077386,-0.007684070388863046,0.006898741691156522,0.00454860865332028,0.0035299166347042437,0.005874051481570113
2016-04-18,0.006444359341463272,0.012069724087330543,0.004220821550062177,0.012153821457508988,0.003149212151103204,-0.021811015083328677,0.014450345103789395,0.00979799632625303,0.009487626073284355,0.015005640617870174,0.004987541511039188,0.004528012461306312,0.006419206927148632,0.0025996548436317433
2016-04-19,0.016721466128450713,0.0195673608558521,0.011461443519006598,0.021070471569331835,0.022570672446023007,-0.005317424721882006,-0.0012405850062525263,-0.014617282762201906,0.005000301133099161,0.0180727810596946,-0.007615992864731155,0.0017662648100812898,0.005418109696540685,0.008187936285365663
2016-04-20,0.014424834625694797,0.032678196992657914,0.024034934171400766,0.011362625987782175,0.02627339184649383,0.002055691249058159,-0.014288508853712568,-0.0017148350289434334,0.006820441444470892,0.011771242303915647,-0.020128535768924212,-0.024413239853862893,-0.020992095239690665,-0.04903697574078219
2016-04-21,-0.0100125992924297,-0.0020113985996855384,-0.0029997879791116636,-0.007960241038388539,-0.009991055122322746,-0.01088701508772215,0.003412053233964805,0.0065341214648922605,-0.00011521401015093082,-0.0028558786459631563,-0.02407260023418167,-0.01681733485593735,-0.009239363539973225,-0.01613121426902029
2016-04-22,0.005800753115969767,0.013995563333234604,0.007908558907303445,0.011324249355748483,0.008612695152201573,-0.002740374972674707,-0.0744114078759513,-0.05566179677362101,0.008490184088193133,0.005997756537344808,0.008738236234074976,0.006517334677866347,0.0018547145965944988,0.019955310707423714
2016-04-25,-0.005800753115969716,-0.00997680373831694,-0.005979091056058071,-0.002175418637016807,-0.010004905055955925,-0.005693695396730814,0.006352894597731631,0.006000099083003739,-0.002287545318705148,-0.004913531898087845,-0.0032516124116596006,0.0002029838634799405,0.0056664354622421335,0.0038095284166676487
2016-04-26,0.005175264432559084,0.008652300233426214,0.008742992039526566,0.008084437209244628,0.0045326883877470515,-0.0069713312941294065,-0.012940788991759353,-0.02295035249239095,0.0034293586421176047,0.007654600672576313,0.002472189145389073,-0.0014217530576092715,-0.023112360802090445,-0.004034070912278268
2016-04-27,0.002811623220530377,-0.004649626443768904,0.00508260306346581,0.00019636720730754155,0.006491187595827681,-0.0646215784119986,-0.009767610378053026,-0.005404932879000401,0.009427067372421404,0.015135633853205245,0.014321901467580597,0.006886800562951001,0.0042649337101546315,0.0033628548673889595
2016-04-28,-0.007986887653089457,-0.015431369613280317,-0.01296924737350319,-0.010262572801973796,-0.01588149680510638,-0.031043240215575026,-0.020627466793837927,-0.022994031047724357,-0.004872806967365899,-0.014060837716713813,0.003580566485216252,0.008242081033349075,-0.00162856284036759,-0.0011196955598213511
2016-04-29,-0.00630916919326472,-0.01567323395416842,-0.009676454386858916,-0.00856664268773311,-0.0010962242267088212,-0.011560822401075971,-0.0006013831994418375,0.003991682229079757,0.004194304170782961,-0.0021507487027554303,0.005600829305074574,0.002998502996256633,0.0045033851440345034,0.003801860779760783
2016-05-02,0.00929213710105214,0.014320053774748471,0.008605905092879295,0.012131002897038641,0.012534603545298771,-0.0010673498718499414,0.014729565667955476,0.009182439421695634,0.008224008499028185,0.010998212958702173,0.002028912691941293,0.006168560003720192,0.010553204900405361,0.0040098071102300775
2016-05-03,-0.019470342016808292,-0.02815153292321036,-0.02406620214256404,-0.011530942873032562,-0.018462810364401058,0.016312193070254537,-0.01653588828654062,-0.008391657636248289,-0.011509944263987512,-0.01945035172787963,-0.0012675879501815408,0.0017837681867747175,0.0016042454233441135,-0.0031173483272102856
2016-05-04,-0.01595135731393688,-0.01614636692364192,-0.020171358863779423,-0.021627927416286746,-0.018997508313828158,-0.01045581685823873,0.0018063226185850922,0.004127318668440511,-0.0019312701259743613,-0.00723097598722756,0.014856121144569323,0.016886323100391606,0.006146300848694004,0.00311734832721021
2016-05-05,-0.005374168133635693,-0.005677800916681336,-0.00967495453177639,0.00040858018954503035,-0.003379227245699952,-0.010137204667169365,0.001402665293595884,0.004684177755882671,0.0011364929055968887,0.008217461220626127,0.001997503785272026,-0.014512904264727783,-0.003683245416296405,0.0017769884729289052
2016-05-06,0.005861299749990972,0.004261370084967673,0.0040613774237754415,0.0012247398958958697,-0.004271631597381133,-0.005592615136060115,0.008970457840879702,0.014543033888637525,0.005324283322524716,0.004329011089585479,-0.010027659859441748,-0.022576126153183267,0.010157341198335994,0.005753501155707071
2016-05-09,-0.006351295676495589,-0.008540977187332804,-0.011778165603868197,-0.0028600632366266266,-0.008471412401881108,0.0007546763335917434,-0.0063707163506533,0.005432142683613017,0.00067765984070592,-0.014935246214111424,0.008529906209508414,0.006445138121397232,-0.00012176560136795523,-0.0017667849118858392
2016-05-10,0.013468763445359577,0.021916748588471795,0.021414094503816573,0.010582109330536788,0.024520715582582165,0.0067665797088739005,0.01879568637181192,0.013959954593081574,0.01601647050877348,0.009126142101846433,0.0,0.006603325644955296,0.004374247557971572,0.011210140473610516
2016-05-11,-0.003714174637156029,-0.0070175726586466465,-0.008285793681354188,-0.006498804351166128,-0.012467434896449187,-0.009788708290734721,0.0005878318970090084,-0.012014322059993428,-0.013310414059852362,-0.0012845216923566276,0.0053565995412149115,0.003782228058121237,-0.004008995225427393,-0.006358973297133177
2016-05-12,-0.0006473539633741586,-0.004234304138788232,-0.010625170604343865,0.002442003655551809,-0.008504256110473002,-0.023736416556769113,0.00897041896681939,-0.003400477697738254,0.009637008693543404,0.00964289672144621,0.0073033684781569005,-0.003383424463603396,0.0031599442920149496,0.008106080096635451
2016-05-13,-0.00927062018952735,-0.018558705389768223,-0.020434645159217946,-0.019705071079332444,-0.017421709897802794,0.0019904905388783605,-0.008382932413155289,-0.0044600528196812525,-0.011327435647048727,-0.013605652055778709,-0.0038307121295943765,-0.0053973144517191875,-0.014422151712429662,-0.01052872195988702
2016-05-16,0.007488232939723875,0.003595832713055897,0.0009274287703935715,0.0006216972534715411,0.00025746653077332143,0.03644655021748619,0.014576101037276532,0.007518264025390158,0.010211613170196462,0.01536673264007631,0.00284354521823391,0.0010017029786811684,0.004912204400402031,0.005936040295096377
2016-05-17,0.0,0.005726572557201359,0.012665684572107637,-0.013557408613684959,-0.004709230391196066,-0.004162892279598434,-0.02579779572165401,-0.013940342539622555,-0.0004466778410392065,-0.01526747213078842,-0.018566354759046604,-0.017370665008916465,-0.012450083774244752,-0.019254772135377508
2016-05-18,0.037872465670509746,0.0473956298368703,0.04846320650753597,0.02139896757329748,0.03363424577266513,0.011380074954563803,0.005921849125679372,0.0022053172318473838,-0.00201252304062765,-0.00687219476673335,-0.03767744478836014,-0.021417622630927884,-0.009596883027998427,-0.0060517947785375574
2016-05-19,-0.01020176783243904,-0.010951512603594435,-0.017816373604982196,-0.005565303450132781,-0.033310987324723505,-0.0038143720754706774,-0.009690573213455522,-0.009004368153482644,0.00846990464150897,-0.0021009461982348134,0.005210380421194026,0.013028826633580154,0.004248944157915927,-0.0036036075032985443
2016-05-20,0.0018912535188083494,-0.0006884681855414514,-0.003557140255889866,0.00761869226197486,-0.001228938416693625,0.010769822184055219,0.0059441427247928945,0.008907380990350492,-0.004114545699108776,-0.0006010819656029692,0.0003896863074578888,-0.00041101521334895594,-0.00212221538984842,-0.00838341830784226
2016-05-23,-0.0007875876598338924,-0.003449468753257433,0.004666156672096001,-0.001026167355312006,0.00606531734243605,0.012627352755920473,-0.011723929616864215,-0.0061989412936825665,-0.0015612805669524645,-0.004117091722046743,-0.011100342512512951,-0.011577553342442674,0.0022469114433799247,0.0004549590615327246
2016-05-24,0.016875400468766285,0.014408482542977032,0.01648932600945384,0.01021459340971842,0.013672587129217229,0.015129193014171625,0.03070502975644494,0.02176217388206863,0.0007809449830715728,0.008117497096997196,0.010970463948787174,0.007664460098808325,0.009555200825554085,0.0090559821980994
2016-05-25,0.015070252920997954,0.016216571589245287,0.02327691299311909,0.026079712783051663,0.022959232041901888,0.01741639810867266,0.010220897000085735,0.006892688032463833,0.006558129434898954,0.015646981932668502,-0.0005196830050699109,0.0018554793489542114,0.006278875660582251,0.00022535211362984488
2016-05-26,-0.007506737663753503,-0.014855100990924184,-0.01784034420426328,0.0009896091851662818,-0.008845205295319665,0.007898856246207482,-0.00442265887699603,-0.0015864087447409214,-0.0051094190907012855,-0.002656566721998137,0.013040014354471642,0.013705850225576027,-0.003196069100453438,0.006960845440912075
2016-05-27,0.006132167000586992,0.012170535620255335,0.01014141823758066,0.0059171770280885185,-0.0018787580676560003,-0.0005977286489978514,0.008252613769294998,0.014375167550142122,0.002335799960840098,0.005110074012938458,0.0002565089150914383,-0.001219760265075816,0.0025822332208883182,0.00201184822524875
2016-05-31,-0.0024483562345214527,-0.005390848634876423,-0.0002147074619090257,-0.0025598123655985253,-0.0003134697997520215,-0.004894870169883891,0.012913206403178624,0.0016706208569967622,-0.011059711681285753,-0.010048355653521019,0.0032008221425378867,0.005679528451601384,-0.004800895538612034,-0.004027752144590357
2016-06-01,0.006414194257255609,0.004045858519543575,0.007913633428591483,0.005505322595355254,0.003067775140350159,-0.014118830742408803,-0.0028342012358751373,-0.0005209342204615294,0.0024683059766235243,0.0012863010728195996,0.010047779286255392,0.0026259988830472916,0.009212126806454701,0.0022396425935048815
2016-06-02,0.0018250955636461969,0.005369140415058231,0.0006389096160262712,0.002154540055862463,-0.004322637897563445,-0.007544127940514813,-0.007025567680413151,-0.005613889992493531,-0.007987891941373991,-0.005950627496750322,-0.0010129147485436318,-0.004245432435350148,0.0019543184429559883,0.00044732722732048933
2016-06-03,-0.01793838825518779,-0.035426047847868215,-0.034217283570529444,-0.018164369113345968,-0.022925277708182982,0.0020445723744762284,-0.013235064200033429,-0.011363988981500157,-0.0018089320930446589,0.0012923109308852557,0.014338064772263999,0.016476161341143877,0.006325285655425231,0.007130154984591269
2016-06-06,0.00985229644301164,0.00691087753984701,0.007681372126260883,0.0059594932039821295,0.008889515898970681,0.007224656201886122,0.00654351834421461,-0.007913160698250075,0.010916770394059446,0.005053768869585069,-0.0030015030037565085,-0.0009969096628641022,0.0036310860520403485,0.007300109844437609
2016-06-07,-0.003375789610646105,-0.011777067191019895,-0.004382127959041615,-0.0043668191663404025,-0.01210660785133601,0.004047359567309298,-0.0005756500206933352,0.0014098486406033078,0.015218288702880042,0.021028698009840533,0.0018769948575217757,-0.0007982439058865483,-0.005451585371510268,-0.0011026575160669292
2016-06-08,0.002916125157597394,0.005559430580149299,0.0004390779433878538,-0.005385472276337887,-0.0034214551953171486,-0.0009092287336488335,-0.0011522951150167184,0.016065256441752683,0.000881542756813113,-0.0022285751193462785,0.006479773451158983,0.0055743723880335265,0.004000732741239153,0.00506218754616173
2016-06-09,-0.007692345623155614,-0.016771881613828213,-0.012145451274140203,-0.017349638335112993,-0.009551419223612863,0.007150440859241165,-0.008103459353836745,-0.0005520212870328421,-0.0013226057257011553,-0.002719768553666232,0.009272490247691358,0.00968100023641444,0.00627188161356293,0.004599723365575116
2016-06-10,-0.01415374743809377,-0.0256973454952844,-0.024970367223715612,-0.016413991817696007,-0.021646723933958292,-0.008262844270711223,-0.0027158115625419573,-0.012644929311908396,-0.007639118244938478,-0.008105908927617483,-0.00024615384739683547,0.004903412786214669,0.0003606419465667164,0.005231049417552503
2016-06-13,-0.008968669982760375,-0.016770352934660518,-0.01700017969119176,-0.007683559761364437,-0.008441695581700803,-0.015191197982784179,-0.026374289997778456,-0.00178831093274887,0.006756408268170089,0.0011760095436100127,0.004544066768967679,-0.0023506377131238135,-0.007600929397825881,-0.019315789299291633
2016-06-14,-0.018987407283829694,-0.025317807984289897,-0.02819735686183733,-0.022984670245215253,-0.01655285063727901,0.0012320330100518142,-0.006201880436834167,0.001870141761195189,-0.0017677609288075595,-0.00806376677475379,0.009754985294140683,0.00664584150514737,0.009402190767465929,-0.0017746233583684897
2016-06-15,-0.001773478900947133,0.006015055729761189,0.0011909016531941135,-0.002135384112724268,-0.00020523345377320698,-0.0032888004977613215,-0.0028135066790839613,-0.0014466647353250945,-0.0029902010208680027,-0.006438534450624311,-0.010735738100472675,-0.008805457540345042,-0.004810592560349438,-0.0006662965265936601
2016-06-16,0.004026094495474913,-0.0022514080804573707,0.00261500208448394,0.0014952475283981246,0.003210494919236589,0.004211830151521425,0.013989037078277675,-0.010903406472775585,0.01168830155203361,0.004362922141329245,0.012190812929773361,0.0035314927814711593,0.0055301896170669535,0.006643071374205618
2016-06-17,0.000963855496306659,0.006739074549845519,0.00851068966790861,-0.005350467552831025,-0.0067745836817552085,-0.023020510563633398,-0.005173111417094696,-0.028003229892977797,-0.0054963313041124316,0.004934869864838578,0.005437751300128909,0.001761080584297596,-0.00336255871052373,-0.011542858459838184
2016-06-20,0.0014440435722336239,0.010393560527263082,0.007504725654067792,0.007056588674726162,0.01438383297897507,-0.0024155869541422023,-0.0011976049335586637,0.0026659497631489706,0.004399479159484842,0.010187177922707949,-0.011880367640468792,-0.00411402284632458,-0.0010832281254181514,0.004233046311960869
2016-06-21,0.009256369952324916,0.005891033237237343,0.002799815174746648,0.006372154101699447,0.004052690450623289,0.00848128218851514,0.022122174127638405,0.00388690321941605,0.004489468257761332,0.00612098097629534,0.0,-0.0007855459948338585,0.004445786835941823,0.00332926730774037
2016-06-22,-0.0038198359354267367,-0.0007344840579916098,-0.005607491328945198,-0.005520183869122001,-0.0014165741516876911,-0.0037605810535777133,-0.003914665402427393,0.0022404631205930193,-0.00394089179987659,-0.009244458381496937,-0.0020753227249627657,-0.0009828010619080888,0.0019163977598243055,-0.006000684746847629
2016-06-23,0.021143103787813776,0.03110558193429038,0.040859482102497915,0.01981515085612693,0.03005545378518118,0.0057396452899648375,0.017881914772073106,0.0061739851216201175,0.006886402029633262,0.020800827362012036,0.002684892996809634,0.004121289318768934,0.007629075028555994,0.004892160079513212
2016-06-24,-0.07200845427143913,-0.07696104113612832,-0.09823843958341334,-0.04700715855137767,-0.07337257059638351,-0.028497970741449767,-0.04089423754582447,-0.04238994153129515,-0.026603478526683533,-0.024620803602248886,0.004620630789036406,0.0025427886561541074,-0.02342871623962263,-0.025841231183887328
2016-06-27,-0.033959410327012364,-0.06515409517978583,-0.046212843155131564,-0.015432405038811752,-0.01670437249392415,-0.014668080067631806,-0.02849775587817539,-0.0059429013997625004,-0.005946721591998863,-0.015228218730457701,0.018748295812399507,0.019538294419101303,-0.012600325739415509,-0.003420365892971253
2016-06-28,0.03261622678054481,0.04180673118279457,0.049680768354764905,0.023928262697761504,0.020573937951319773,0.016700275001999953,0.02064035673429758,0.014748154227814878,0.02280790862600446,0.012575045651453598,-0.0005954862320909057,0.0021050624939267506,0.015028690215891285,0.009095105897254114
2016-06-29,0.027834798993444057,0.037856973264677664,0.04070329311350419,0.018696150036300742,0.021465865380210954,0.008617532982289924,0.022005288810612915,0.005669170219881948,0.01690611242631253,0.017459599818400433,0.0024986627313703562,-0.0017219941115369773,0.017431468603224066,0.005867766779458071
2016-06-30,0.015403628438439667,0.006046881614892907,0.006389798098770988,0.007635243879252835,0.020947447112113157,0.012631746905900564,0.012388320856952266,0.01192533007055913,0.013748873934480666,0.013541623496405862,0.01930152894805896,0.02664304972385107,0.009016551772207903,0.019829100181328645
2016-07-01,-0.014423716552090887,-0.012893618137010265,-0.005203417606077221,-0.006358647961199956,-0.002223495845825374,0.003028881108234357,-0.0001954461063585535,0.009506501165838878,0.0010662118506599614,-0.006507822757500235,-0.0018667605467733136,0.003722319578031985,0.0012983182703052273,-0.004643457762954407
2016-07-05,-0.028310805603320048,-0.027865580063088483,-0.03351730261215944,-0.017589471074781645,-0.02596661096559062,-0.00943007826349875,0.00019544610635853762,-0.007575258464515237,-0.008776680549269172,-0.0055844551061936705,0.015067508052872484,0.0077720598477031095,0.007754709287393561,0.006847072581508598
2016-07-06,0.010689929758370386,0.009375068665455882,0.006842646444478522,0.009476702411177726,0.007792336777867751,0.005668711379826068,0.004095568864737202,0.00577145025005403,0.011437247222723412,0.009704616159197033,0.003445111354154094,0.0034961853626962825,-0.00481023981418352,-0.0035281183234446662
2016-07-07,0.0064585800394117284,0.01159657371494061,0.005585928307211299,0.0032102756302481894,0.009706823088624332,0.004282661792000728,0.0,-0.002414863166290566,-0.012082477915073312,-0.014738021423516571,-0.022491094114109045,-0.014431332785787261,-0.002354881578057802,-0.003984069014874347
2016-07-08,0.020423877971386176,0.012223223230775722,0.016572974494488038,0.02093320966646594,0.022732837171144448,0.007683559761364516,0.017747379389139586,0.014764766057322362,0.006219859194139194,0.016553164028405593,0.008406354232369947,0.008905439188677138,0.011020041182686747,0.006410986918702877
2016-07-11,0.007091085313883273,0.003032602779044422,0.007357337091910413,0.006049877636885281,0.011964316296827576,0.003098215841923921,0.005529616530375822,0.013038427452401274,0.003734731972715964,0.005900283580971882,0.0,-0.006485707901003938,-0.00023320895628080944,0.004178125924095563
2016-07-12,0.014824532268451119,0.024674148949894815,0.026830024141282674,0.005599931672351299,0.030606381094643337,0.004526756701190284,0.011720361007025028,0.0072754498119002135,0.011226552987838902,0.013102888126194902,-0.018422345583268388,-0.017819096631026602,0.0,0.00021941854174705556
2016-07-13,-0.0006331117653705114,-0.00741293238912541,-0.0025354398738619945,-0.0016559722269017796,0.006352454343819691,-0.005661654940103055,0.005622203714935321,-0.004145041126538015,-0.0007375020088796693,-0.001218198154680532,0.007198095861750971,0.005473260808727174,0.0016313217320840971,0.003504164777097051
2016-07-14,0.01508513835391095,0.015504186535965254,0.025519726208095676,0.013784808342123906,0.02883554963988732,0.019626511618089013,0.004289050864131919,0.008626391122042516,0.0007375020088796748,0.00046871339034812616,-0.0035335725813111273,0.008993877376594418,-0.00023288309373999748,-0.0010937330194550532
2016-07-15,0.0009353079403587124,0.0007323325116752631,-0.002703313202951546,-0.025454038486509928,-0.005552485114785891,-0.00010122994390392363,-0.0007446016725261601,-0.00023106773785546618,0.001788815124231463,0.003088010688576545,0.0020038905744957027,0.00037299515538752754,0.001629043878994883,-0.0013140606358688577
2016-07-18,-0.0034337477159573936,0.03241191172207854,0.005399338201502426,0.01187637670131516,0.010401053854775131,0.010573584235855006,0.004830029824736068,0.02360352185017902,-0.003158894908554286,-0.008821378525104017,0.0038784793285708383,-0.0001864801870206832,-0.0009305572382565392,0.0
2016-07-19,-0.001564700679117494,0.010574649121427322,-0.00494827820287597,0.0018623906055609811,-0.011824982279859748,0.00040060090670953914,-0.016254444743974975,0.0002787715485226412,-0.003698033692929237,-0.00047140905035530207,0.0015237651661897762,0.0,0.0027890779265436847,0.0
2016-07-20,0.0010955474919994322,0.00976979159580503,0.002702095767016586,0.004949484222472441,0.0022278615564144937,0.0009007657117083525,0.05175466844297364,0.0048593598391983295,-0.005732499774618838,-0.004252711602401818,-0.005402244494760565,-0.005423108195302361,-0.009913195648525679,-0.002633312910760657
2016-07-21,-0.003761170395361052,-0.009068775093209967,-0.007674981241149125,-0.006397710398837134,-0.010689306925730549,-0.005316226974769335,-0.0019693856512886217,-0.0035329413719867313,-0.0008520609739062875,-0.0018959148725776656,0.005636463959468933,0.010631453302440622,-0.0007034822660853552,-0.0013192614050625824
2016-07-22,0.005480323745239591,0.007678920804155748,0.0038448537696339,0.00041399296803251273,0.0022467712128778363,-0.007774283186390178,0.013704939967799036,0.006434629023504952,0.0017033965579417033,0.0025586367903242826,0.012798313143309363,0.011803899502490937,0.005380759268311913,0.008326077897544758
2016-07-25,-0.002658120555016328,-0.0006956522019671781,-0.005886365196610697,-0.004147662520081485,0.0006232082963765522,-0.013469591400283898,0.0028243619834113494,-0.0023206761469920603,-0.019441029027911363,-0.024818022687468445,0.0021941229427153604,0.0,0.0009328358885403278,-0.005689293245241478
2016-07-26,0.004062505587273658,0.011072777491257962,0.00249461519548976,-0.003122075592505518,0.004041414398020264,-0.0069068879287942165,0.0005286809533661568,0.0001715979069266471,-0.007293343165860249,-0.0037910130457615614,-0.010902450834499752,-0.0016515280384729533,-0.006196313739958398,-0.015257344061350236
2016-07-27,0.0031138122621374264,0.0068587374498415305,0.003391750001120884,0.000625195393918318,-0.001055409068943492,0.06294031699728432,-0.010093047167735132,0.0056856472507131,-0.006796781262921163,-0.004098766351086453,-0.010786832226405953,-0.016853811286763117,-0.009544643248160728,-0.0335328201080818
2016-07-28,-0.003581721496284675,0.0034118081543364253,-0.004978512206430922,0.0027046724071270504,-0.002861410262880084,0.013411364120448282,0.00035587188987693517,0.005066085805213443,-0.007840579065188766,-0.004606722187604703,0.004352180015626707,-0.005243457706420256,0.004135410867811175,0.005743841179252093
2016-07-29,-0.0020301404645779873,-0.013027266853778452,-0.006144063018851833,-0.0033298678010455544,-0.010772321868767679,-0.0012467035899106247,0.008326737808496142,0.03275444042775065,-0.013955012956733877,0.006755790124230274,0.004567020058248322,0.004496073516174795,0.009154993519909642,-0.0004582951500928618
2016-08-01,-0.0026610331113021226,-0.011103514492510562,-0.008941937375661282,-0.0033409928759605126,-0.003974894031284049,0.01750258700635546,-0.001765848949058532,0.012058326829847659,-0.03535635131542969,-0.033437313169861725,0.0007007708766106639,0.002799815174746648,0.009534955959789513,-0.0041341354241172055
2016-08-02,-0.002353865347328599,-0.014055045143644307,-0.009952633941955625,-0.0020938031099964004,-0.013493076402656075,-0.014915015482570418,0.0,-0.0010243214766439271,0.013649720311218107,0.004831413524931215,-0.0010513405559240232,-0.005420067469339145,0.004042276105365756,0.0018395038528049939
2016-08-03,0.01574344729387153,0.024468190261134157,0.020718973191952417,-0.0029387090838255444,0.014504071054672552,0.012460331470562304,0.006869247618883014,-0.0015009008220811975,0.005156718010540636,0.010189898360411053,-0.00480347710550752,-0.006015055729761257,-0.009147287772321,0.0025238054006638607
2016-08-04,-0.0015477483355935968,0.0,-0.001139861060382523,0.005659799198186212,-0.0018331810816609605,0.00075592935660507,0.0073452586279669505,-0.0020925097068039667,-0.00011430530960597059,-0.0021890556005240655,0.0010564001217190483,0.002259887967437504,0.0009301244711957541,-0.0029833642322813782
2016-08-05,0.026594873230123415,0.03860960423731437,0.041989196286849724,0.017406158476949953,0.025240297862457257,0.015092857392002005,0.009883045332210514,0.012068617601453084,0.0009140768460951449,0.0011946243332133844,-0.011919654903143903,-0.009829946827982784,-0.0031426435688139864,-0.0006897344795800598
2016-08-08,-0.0030211503341762112,0.005301536605379895,0.005235614053945164,0.0047136064319393935,0.004554975252044858,0.008246514187613282,0.001723841144002275,-0.0021089725958961902,0.011694711769278795,0.006841531816716564,0.006036592871140807,0.0009493972041325093,-0.00023318176624244347,-0.0009203866273286727
2016-08-09,-0.0034856442050388414,0.003957788807416752,-0.0013063359140555238,0.0004088307497665171,0.0037392387332376804,0.004051944028016772,0.002408396140908217,0.002790336092502995,0.0013536381085543828,0.0011850682801092956,-0.00011801498804030119,0.002842795432930196,0.00267831310031309,0.0006903693750206325
2016-08-10,-0.008997391996750004,-0.02533468832797396,-0.009852296443011483,-0.015446708114306849,-0.007677463009768432,-0.007472014838701066,-0.0030975760441341693,0.001250023368645903,-0.026269212679187637,-0.011714618231675702,-0.011156061585177632,0.0009458054237639527,0.003714455808761078,0.003215436853974393
2016-08-11,0.0027535584171828166,0.004715401125238358,0.006141717046475935,0.0012445552322047017,0.010243917214070608,-0.0006483582869646676,0.004814314663188594,-0.0003587577124994528,0.003581127838028233,0.012503884255284021,0.0014311272567828375,-0.010835577928945326,0.004854378464798143,0.0032051309489483314
2016-08-12,-0.0021410009707700925,0.0020140993717011856,-0.0032855138524256235,-0.007073048002060503,-0.0037296365571283093,0.002313637606025929,-0.006194101015242373,-0.0014239284250847626,0.012946276941769965,0.007467120567200968,-0.005017931676068992,0.0005732301676026934,0.003567938411268087,0.006379606964038988
2016-08-15,0.006105025066803104,0.007350517559341647,0.017614894946114148,0.007694745255532141,0.013990495836714818,0.011945377729197485,0.0031018463608778663,-0.001351510735723135,-0.00045542526120197425,0.00595326991269797,-0.022162578314479393,-0.016564323258495828,-0.00022980581509857124,0.004758137446417019
2016-08-16,-0.00015217225929086916,0.00993714702445222,0.004945714843958644,0.003515669012489862,0.0006038647526495327,-0.0009138262538517593,-0.011768913962113381,-0.005935991047876854,0.001251920723461827,-0.0013631939793587269,-0.01492841245303743,-0.010346602794142134,-0.005069135278699568,-0.009310842783361684
2016-08-17,0.002735564015952233,-0.0013192614050626934,0.00021447721261862702,0.0035033523724725814,0.0001207292045410948,-0.001463861194619014,0.002086957279198294,0.0052657580547720104,0.002158723783272375,-0.004002934317489437,0.015295721915385646,0.009958102400755247,0.004379400799119358,0.005233826943479343
2016-08-18,0.0009101942375950162,0.0006598482588475243,-0.0027917982269189336,-0.0016471076402392833,0.0023513108834385043,-0.0012826387466199037,0.0006946856826784135,-0.003320547520837311,0.009038588254409138,0.012927234501459536,0.013254890966808434,0.016188443717856525,0.005504601055329203,0.0009074410786032437
2016-08-19,-0.0013656022151053969,0.00394997221931429,0.000644953263246597,0.0024696452148892855,0.0010232027134833418,0.002563634438306437,0.00034716195453670154,-0.003869201032743641,-0.012563121491976598,-0.011949430571005927,-0.01374466690411219,-0.006713365580120936,-0.0014878400455668012,-0.004089985251525055
2016-08-22,-0.000911438616946796,-0.002631580466055932,0.0027900007367266176,-0.0004111842163195991,0.00018045655557402462,-0.0078028577835778,0.0008673779709389184,-0.003382190371817713,0.0021616710163983653,-0.003720752358691532,0.002935063865622738,0.0007695267790285181,-0.005282511135602457,-0.004106781952653359
2016-08-23,-0.0004560310180118803,0.011136702065722301,-0.001501340764578352,-0.004534220464091612,-0.0010832281254181514,0.003128453048440091,0.00380755046359195,-0.00045182424805700227,-0.0030732481077818184,-0.0025537780306969446,-0.005387548234042758,-0.005592532173297203,0.006312789974375906,0.002511703569570334
2016-08-24,0.002733071850064124,0.003252035386377316,0.0015013407645783955,0.004534220464091557,-0.0047075951505453515,-0.007561821351662814,0.0010359116948474517,-0.003760561346341966,0.003414137833257897,0.005101050888405461,0.001349610658200265,0.001545894027669895,-0.00103027883877354,0.0
2016-08-25,0.0018179068784705216,0.008406127741012258,0.001285071926687661,-0.005154119233813242,0.003623192369420331,-0.004267167884979529,0.0037891881369093777,-0.0029023933555155056,-0.00638251539817082,-0.003037877783410146,0.002082185821783933,0.0013506996747181855,0.006734800868415134,-0.004113351320722428
2016-08-26,0.0022677460773059925,0.016603191106955087,0.00831295419197811,0.0026834570752438743,0.0004218519362285388,-0.005873868923328531,-0.0024096397201531766,0.002423448034352431,-0.0021747848095545193,-0.005609974852719614,-0.02239499718774024,-0.015742235499843805,-0.0036471433178790554,-0.008046945364679786
2016-08-29,0.010963540018081376,0.0031615581187292123,0.003178979046812026,0.021414094503816573,0.005467942119834879,-0.0011227546089612784,0.0012055456553486893,0.0032724189702254616,0.006510216586000543,0.00717906412237928,0.006485430564153128,0.00566463083231985,0.008187446236662097,0.0050656336736115805
2016-08-30,0.008181525741302589,0.021855381303264147,0.013451232658107805,0.021162698356036187,0.014810679650567647,-0.007706080799557057,-0.0036210057669522934,-0.004912653008173594,-0.003649639087549504,-0.003435586201339515,-0.011503002556132689,-0.007429164179086548,-0.008644275847164914,-0.006914063035393831
2016-08-31,0.0,-0.0030931048477410698,-0.0033458835061854876,0.0035495994674581257,0.000531239867288247,0.0009429515078703628,-0.007455604539769746,-0.002617322596445689,-0.004351317984374934,-0.011073872310695641,0.0017590154051796245,0.007234365308303901,-0.0026308279400330155,0.004384453775722993
2016-09-01,-0.004305551896609698,-0.009962722503674125,-0.007991630334933851,-0.007310118495802219,-0.005621815557867052,0.005920235305936244,0.002259887967437504,0.0019604749362176037,-0.003448675679204959,-0.0036854466735812583,-0.004151210439586534,-0.0029265458405690697,0.011388347657994586,-0.0018437433201795642
2016-09-02,0.004157392773440566,0.0012507819016526766,0.0031622246230795887,0.002376709377846542,0.003968141663417529,0.009325815980227517,0.0013881661087403138,0.006888024865978238,0.0066567444250773345,0.0071592231805308595,0.01140577633976843,0.012041318533794679,-0.0012463884679652273,0.00712564789524694
2016-09-06,-0.0007411250617150141,-0.013845406822053095,-0.00464135854304548,-0.011139960041001375,0.0008862368013807316,-0.00027851274375833776,-0.0010409438830294936,0.013895256872703213,0.013069110386323022,0.014752431197675057,0.008685995794039426,0.006350449514577288,0.0049762599862279485,0.0029731296915091136
2016-09-07,-0.004160481484259989,-0.005082603063465779,0.004009713085682876,-0.004410592555016209,0.002005900377598698,0.006109433054551522,0.0008675284659644106,-3.7128483120041776e-05,-0.003732824876244618,0.004383622040866023,-0.004954184024411272,0.0017249644909681692,-0.007814751815406503,-0.00343131984843689
2016-09-08,0.0013391862726085716,0.01013950385243955,0.00650784284859959,0.0026086098870101776,0.011660402235225891,-0.02655850880783524,-0.003996877334050944,-0.006394240915593035,0.009137634790423559,0.011980819637055535,0.003346764822048213,0.004776014427637561,-0.001934786923479236,-0.00022917382935173358
2016-09-09,-0.008961971857230773,-0.0075949732174447485,-0.013058315293896493,-0.023931379355831398,-0.01816468249785744,-0.02291018008108156,-0.021472137862221567,-0.018048399826246744,-0.02513066472557951,-0.027753862782171103,-0.03603312474157072,-0.03096821886394672,-0.017699577099400975,-0.03166737255681969
2016-09-12,0.00613269441336467,0.010113866236928759,0.013058315293896562,-0.0037014231031862292,0.014663278360419257,0.02215174242621944,0.014833399294100876,0.01302859731951482,0.005168563737167273,0.00963057757871758,0.01691829451794696,0.021200832967725267,0.023039588652719094,0.021531372393911136
2016-09-13,-0.007934767284286399,-0.011385322225125352,-0.0183723888047921,-0.03309202477861428,-0.024020559735880548,0.02352608620661942,-0.009156605620885142,-0.012724260517774368,-0.024117110907393886,-0.02796691593092889,-0.006199804764135747,-0.01356347086647379,-0.013691029599208163,-0.02129482597057277
2016-09-14,-0.001955917271407871,-0.005741642567675283,-0.0036297680505787237,-0.009413847869377285,-0.0050426328488983084,0.034775031436703706,-0.004787667625488707,0.0022036762169572247,-0.007184531227686971,-0.010209843554150113,-0.0015241969164456021,0.001754215438642292,-0.0004596116362648628,-0.0040289188282004755
2016-09-15,0.0036079413761990835,0.0025559119345440677,0.007034026657379982,-0.00798536670160257,0.011488876968888137,0.03343321858982981,0.01639525486551392,0.013532992441165664,0.005657723719858855,0.010913608726714902,0.004945169527388419,0.0021398704790309363,0.01199534574967474,0.00591927855936923
2016-09-16,-0.012381254343393489,-0.011553401939152197,-0.014333329138991532,-0.015724281177549246,-0.01245226818020186,-0.005640172876261085,0.001048584507124356,-0.004077044166734153,-0.012418112391909519,-0.016824152785630122,0.00693265523194736,0.009861822166752266,-0.00011356538539269646,-0.005207112357162733
2016-09-19,0.005605650615637526,0.006435028640907904,0.0038709725756211556,0.012686084396065249,0.0012642607264755014,-0.011728799661802349,-0.00560519947135851,-0.003238442354287817,-0.002382939290360924,0.0020420672809948488,0.010620453421155189,0.00881231756409091,0.0036277105876979564,-0.0009496676877072477
2016-09-20,0.004070868795616797,0.000641231185806115,-0.001073767954559775,0.011883039255805224,0.0015630639229007532,-8.80475457315926e-05,-0.002110076393954991,0.005504129444606656,-0.015507914325330184,-0.0034739996111747933,-0.003610786466781833,-0.005546538079085699,0.0023735529651390114,0.005684525018383515
2016-09-21,0.005701440800744799,0.0032000027306708497,0.007705517578088041,-0.01580290490214975,0.0033583239959366377,-0.00017611835198741793,0.01658412801553526,0.006542853956414635,0.009165524848361153,0.019561765008027747,0.021349610804163453,0.0197499773095181,-0.00884459785398119,0.00447744355882311
2016-09-22,0.008194935230932612,-0.0032000027306709027,0.004467617259716052,-0.002403059594422769,0.005909582934844833,0.009379040572023984,0.0010382420036292304,0.013473534772035466,0.002877009896232292,0.0035068419286595465,0.0074205072572280685,0.005625366418868639,0.013462503227699969,0.010059740935067079
2016-09-23,-0.002079620476177158,-0.005141399500418652,0.0008487163675167566,0.00043734966802529677,-0.01734997746180416,-0.016804160869604234,-0.006767921711994905,-0.0012140462951327538,-0.0010779089611852696,-0.007630559112521572,0.00012119008679910723,0.0009344921715474872,-0.013918187901795907,-0.005134200309607695
2016-09-26,-0.022101177721037542,-0.028097241975315174,-0.027086780672724315,-0.01898092738019419,-0.022351746490156983,0.0015071592905713386,-0.00927147374391998,-0.015220278856387675,-0.0046844119052365935,-0.004444451760424018,-0.004493843719773865,-0.004118313570620245,0.0010249986661312784,-0.016275863472044613
2016-09-27,0.008778624561332863,0.013166747161213351,0.010405469996627222,0.004668231218551901,0.008693830384773673,0.0018586543386770787,0.01828522865347562,0.010016322940925703,0.002164763322826212,0.0020226544112612885,-0.008803089004237106,-0.008855451180545064,0.005788563918810241,0.012760097516165273
2016-09-28,0.0052604013991801885,0.005868944136527187,0.010725113531245313,0.004867266246054071,0.0034320068007060184,0.007575793808457723,0.0013795484167560626,-0.0008267573691393364,0.04303003074591284,0.03152451173989114,-0.004060794357672887,-0.0026530241068078923,0.012372219452785526,-0.010384799487257741
2016-09-29,-0.01601726597261862,-0.014407583863272408,-0.023093720814475544,-0.02096419328822878,-0.027917445813407882,-0.01565503161150234,-0.010915814876996242,-0.009202024379852437,-0.005076153031860772,-0.008652103919437529,-0.009788814920996284,-0.01241066048633886,-0.013844556770688547,-0.002851035430839083
2016-09-30,0.014216815373725666,0.031810536771936716,0.030745192787886375,-0.0020304575503819517,0.014490291635612855,0.007725474643787943,0.0034782643763247925,0.0017675986428345185,0.009439462285329736,0.016161770069349952,-0.0033676364848381013,-0.014514042884254072,0.017080986134374775,0.006876138533018692
2016-10-03,-0.0012021038262011578,-0.0012787725527769762,-0.00424358795106901,-0.010214593409718408,-0.0012409258898366637,-0.004699215102322724,-0.0031298930089277044,-0.004587278369053428,-0.0026386753106174164,-0.004577112728634665,-0.011940065184206834,-0.011370442047753377,-0.0122191980514808,-0.0068761385330185975
2016-10-04,0.0013522652500135325,0.010817795599535957,0.015193370969782686,-0.0018269016270943848,0.007422561448857683,0.004256835090684461,-0.0031397200046677527,0.0030065455508719707,-0.009232610302728855,-0.011584657340715142,-0.020824770444719906,-0.01750243564977267,-0.003502630551202112,-0.0045308292603578005
2016-10-05,0.0162338809741729,0.019430257155961778,0.018672741705274682,0.027948630049457565,0.025132913835663007,0.000442380011638162,0.0069638164430712276,-0.0019451135171015502,0.008658062743114531,0.009434959424729118,-0.004788103615435231,-0.006441246102856993,0.005643355834954989,-0.0007172743881938097
2016-10-06,0.0026556521951508257,0.00680485149838379,0.008596041469798038,0.0042142681867761425,0.0044970844789993135,0.007402871562280881,0.0017334031034676137,0.002306288460468724,0.0004596644530489421,-0.0004892128662707946,0.0,-0.0018191010574727512,0.004155675099458512,-0.0023946371596198462
2016-10-07,0.003529934537559828,-0.00556415655014936,0.0042704691234522855,0.003314553912900679,0.01590632385057058,0.0014915554421331136,0.0010386014435427066,-0.002955501312715366,-0.003452644700412405,0.0008804109152694608,-0.006768215346138851,-0.005477242621033956,0.008704440630146318,0.00047938639460723474
2016-10-10,0.007751409926479829,0.010484215675599155,0.005463941550732624,0.007034542088219518,0.007099510560056647,0.017296506992053193,0.004143652337655374,0.016670355333598435,0.019409217582025465,0.016582198137648343,0.006378984072979625,0.011930178906767674,-0.01049937043670867,0.0
2016-10-11,-0.004819286435948883,-0.011724910623833684,-0.011366065125513426,-0.004390786417489546,-0.011762073968933794,0.002151926804172666,-0.014753370088762315,-0.005665946895593847,-0.007946460251177647,-0.00908131059952624,-0.015035911169334806,-0.006857630746943178,-0.00585587258956131,-0.004563476155494909
2016-10-12,-0.0026385239581812833,-0.004978230567421309,-0.005937165561939313,-0.002864384463682302,0.0015369158312885064,0.008902643973095073,-0.0013998252504532453,0.002713806296277057,-0.006976639494872438,-0.00867494109241242,0.00970117728914646,0.012469992642455026,0.0003387725174964894,0.005760937680453604
2016-10-13,-0.005740797395951156,-0.012555092728540915,-0.004733980231259562,-0.012656991438941233,-0.011166663907179445,-0.0030727234828341367,-0.0033324594551198987,-0.009518282090459533,-0.006563441145024023,-0.013403176896844496,0.01668969459273983,0.01448581734607322,-0.003732824876244618,-0.0004788125540365348
2016-10-14,-0.0032529971019239685,0.010681848346860354,0.002884221200079472,-0.0008942544749751353,0.018346966665099353,0.005541124957470229,0.008745901471266188,0.000646492799203439,-0.00023108030143263655,0.0028731381532068443,-0.009410317589838773,-0.0039478930075848235,0.002150903642396822,-0.0021574981400211257
2016-10-17,-0.005197131008928421,0.0031201273362436777,-0.00020574015091605224,-0.004708001073694808,-0.008953876973936145,-0.0006803299862714458,-0.0034891870709537745,0.0027801239174442224,0.0,0.00276625349289011,0.004264949922058763,0.002567902645655995,-0.006808150658617829,-0.0016812781671445244
2016-10-18,0.007859460639456204,0.012999254543639817,0.0079926647440353,0.01006157174543484,0.021251860905384112,-0.0006807931502839257,0.007660204588291789,0.01799438111556655,0.0026542050086595884,0.004233331451364865,0.0046320206339195875,0.007860130858448638,-0.004335926464414912,0.008854910078281923
2016-10-19,0.009555383251729154,0.01283244006988436,0.009952351873803533,0.00687287928776183,0.010831470762322243,-0.0029839316227930884,-0.002257141335054017,0.006793751639607485,0.00459929521808645,0.004704507353672887,0.002948153131950312,-0.0070713317641080626,-0.02208309866584842,0.0019043090734574555
2016-10-20,-0.0013176196913974583,0.005449604767564685,0.0020189790827573515,-0.00731791712332275,0.0,-0.000512426349926634,-0.0048789084408530645,-0.006623344121789247,0.0004587682154093893,-0.003918884215946399,0.003704890855532647,-0.00019714144962806236,-0.007156715006844594,-0.0028578252362857614
2016-10-21,0.003363805731252749,0.00662054780558914,-0.00020171457456186906,0.0035547693509244103,0.0009164328495215936,-0.003937349946682866,0.04123413665225341,0.002953170726013112,-0.006788267452413474,-0.005611079347337336,-0.005113792785675189,-0.003753090825153193,-0.007089714205367818,0.004758514808253956
2016-10-24,0.005532920346793254,0.005980879072414648,0.0002017145745619383,0.009491297385082625,0.002572973774306123,0.00896484125697967,0.02221208508670891,0.01407421713546521,0.003342364662887954,-0.00633790990642374,0.004858723277851843,0.006312903190751674,-0.002731106607647841,0.010154769042463839
2016-10-25,-0.0010169246173089886,-0.0029859681785619754,0.00020167389399811412,0.004384049108534228,0.0024524493998338472,0.00508691219867088,-0.00016394786494631225,-0.00864037485219232,-0.0021885627580326143,0.0010921909440970473,0.002420537521721466,0.002357101857381334,0.0335566646227715,-0.0004700352612978573
2016-10-26,0.004785045017875635,0.0089312889013214,0.008433784929769721,0.00936112202225134,0.008621232003684138,-0.02275158006586637,-0.005920096224725559,-0.007815142917715002,0.0042575290133122935,0.004159245449357613,0.0022877488371492176,0.0,0.004932051059816012,-0.0023534960263087426
2016-10-27,0.001445504732760512,0.0023682663526119895,-0.0016009609182943488,0.005617992304223274,0.0038329340652249297,-0.009649312057980421,-0.008779978542477402,-0.005794642460870666,-0.0019539113164193504,-0.012630071924346288,-0.004453216851047345,-0.004128581505763468,-0.009426440647655365,-0.007568626480007617
2016-10-28,-0.0017348565866311028,-0.013694765979888241,-0.007437967751576167,-0.003886015252950357,-0.003437688301913431,-0.006660848465396458,-0.003834296603901303,0.0027002111817813566,-0.02492848946373783,0.03828876458176054,0.0038182558798123376,-0.0011827322490493785,0.002998502996256633,0.0026081816800773466
2016-10-31,0.00216810087097302,-0.010850016024065705,-0.00830721016776617,-0.004770173832756833,0.006190576357482329,-0.001584089040218846,0.0008347942717033802,-0.011856827624054123,-0.017371049531719925,0.008917928403164172,0.016379350685090846,0.017014197465729988,-0.00046072334378666316,0.004017493292059865
2016-11-01,-0.0041959115310761675,0.006644542718668511,-0.004281788578650012,-0.00043478261554473594,-0.0010103845933941116,-0.018220296963100194,-0.0020046782523780106,-0.005472410244739536,0.003952811040061946,0.01638061528460901,-0.018286656241358737,-0.02136288982990992,0.000575871020809439,-0.00662567497213738
2016-11-02,-0.004213591413924956,-0.007857399143877824,-0.008206857716070236,-0.0164423303039128,-0.008346540672088685,0.0008965394181297282,-0.006206511578016806,-0.02140743021981055,-0.002393777324988934,-0.010289419141010921,-0.00728112049813842,-0.005761414566115369,-0.0012673542798937118,-0.0016633008468176732
2016-11-03,-0.004377651818119741,0.0,-0.007236669646213932,0.002207993831463215,-0.002097565892797241,-0.015897724397355366,-0.003708702834884433,-0.007933265004805868,0.0025133159062082277,0.0,-0.00025644313514042313,0.003976939025664565,-0.0016153228388307642,-0.00047573740193163983
2016-11-04,-0.009108333867356095,0.004238577341746293,-0.0004151100101118235,-0.016455786053364563,-0.0016471193341336258,-0.009054801885208887,-0.008480376467590246,-0.001394495169336499,-0.001076362000707559,-0.005804840965771708,-0.009146601608958855,-0.005572153720873478,-0.017707825236353007,-0.00812235712431984
2016-11-07,0.030807434922056624,0.027415304584698433,0.03368008919190496,0.01777824602128375,0.031116108549257403,0.014321795536000045,0.02871010588243136,0.026442831034448267,0.022246805548255196,0.019563067785082978,0.023786287675609457,0.010126166145344747,0.017245824766134923,0.01830116438240466
2016-11-08,0.002144236401570717,-0.0005880623515544063,0.0018048736474833437,0.0030789555882912603,0.0024215752064628564,0.005869886362415487,0.0008271983265955365,0.012329695665769393,-0.0016397286409965584,0.004109466883498286,0.006549966734955626,0.0027618877292089226,0.01034373088660303,0.009843060487436465
2016-11-09,0.044954526229750345,0.05549035673925144,0.033106471775040884,0.05240159523456075,0.057204220471840934,-0.001622060371868055,-0.004973485052861051,-0.00790078109740225,0.010958374990865652,0.0032568772100500824,-0.029430750176906547,-0.030808597883277094,-0.01764853465964276,-0.014327902183847982
2016-11-10,0.04537135742064655,0.043023242782611056,0.03840776258288774,0.07311024302140358,0.04188668217239007,-0.028263645648055998,-0.024734162398209567,-0.03190928276222158,0.00923261030272896,0.0013925639348320844,-0.028592111633886523,-0.026975794067879144,-0.03517444740385997,-0.03197003434555517
2016-11-11,0.0005217164589446998,0.013764113539165592,-0.014656406663221957,0.0019349851238657655,0.01516790028962287,0.005919913690553503,0.0054366426807425485,-0.01100498207457668,-0.015979960238245376,-0.010726213923083887,0.001063829887565096,-0.002717108997367139,0.007445693098497534,0.0021959262209513435
2016-11-14,0.036111478136624284,0.05423323770628408,0.03441880067952434,0.02839638153411941,0.025369292390042486,-0.02540530770351907,-0.015366530812711336,-0.024303313579527565,-0.004562745558418173,-0.0004689771694077905,-0.010689572658779598,-0.0031443270848944362,-0.006963649223171339,0.0034063293277185836
2016-11-15,-0.0018883369367748656,0.003976148379639417,0.01398370194062727,-0.011908277948290172,0.009563076900160906,0.013156847995966614,0.01282178433808785,0.02871210985530743,0.017897049453912958,0.021991143700156743,0.019818431451092435,0.014796560462567972,0.007442118131821061,0.0065367621694142905
2016-11-16,-0.025007682380935883,-0.02054695185603703,-0.014898531388749824,-0.017455128126906527,-0.023620693338360154,0.026533108792486944,0.013162525503755074,0.006198818671210988,-0.012400923825398072,-0.005614114418834124,-0.02615225762536614,0.0018600811398007478,-0.00515557763262268,-0.004353090308121818
2016-11-17,0.007978423482828843,0.016570803476397528,0.014898531388749827,0.015551815789862011,0.01620656308786809,-0.0003637355682550136,0.016460592790191103,0.007892055724911723,-0.006082601511842935,-0.0021250065741211443,-0.0013528140591298342,-0.019389745374542185,-0.0014435224448162511,-0.003398886496196142
2016-11-18,-0.003981254857359604,-0.003992021269537338,0.0001803263912559137,0.006267231604777779,0.00342873806073871,0.0009999546308425181,-0.0047937937905757145,-0.013046474412076115,0.0005864758833281237,0.009939341902557705,-0.003661765805815947,-0.007819970104955975,-0.012964378586726945,-0.005120089205602452
2016-11-21,0.004365697740290328,0.01636535408626423,0.001441441691021573,-0.013341154612341796,0.003464398500937401,0.015059574927633901,0.008415196925284498,0.011315048609057998,0.014088839900886121,0.008934328733765774,0.01121406063698902,0.008661720996408417,0.0077745775471300006,0.010939698258866494
2016-11-22,0.00613107042534225,-0.0014767415925135176,0.010032330649997276,0.0019168110143384838,0.0001421161091001098,0.0006263141617522261,0.0042630003894399285,0.0002548095312551709,0.0021943763497380264,0.003985512521961544,-0.007416931040780288,0.0012612993053265204,0.0014510280659591694,0.00024175027314638016
2016-11-23,0.004193411062697903,0.012726554539222673,0.01046201580756168,-0.0011496456525853706,0.005668146109235837,-0.0051114311170608285,-0.01185003991749573,-0.0076726719116601665,0.002764978720070495,0.003429296745802074,-0.004612679457913081,-0.007803477329348659,-0.0009671180637747107,-0.006061359326410496
2016-11-25,-0.0003804933776642788,0.014486008985661977,0.0015863227086127633,0.008780357993749138,-0.004390009174601779,0.005021981678296398,0.0021500049628266323,0.0015777021416177343,0.0022983232364762823,0.0,0.010954197033037865,0.01157785798963781,0.009389740349838917,0.009921436495752688
2016-11-28,-0.006490636849561998,-0.0272125635248847,-0.02334181697768199,-0.01996227515894795,-0.0048846515446714315,-0.0019699146771461227,0.0013207860595976844,0.007100833146569659,-0.007488945652366245,-0.004514680354526583,0.02300174533097091,0.011031436668651945,-0.004683849312426426,0.005283393654202185
2016-11-29,0.007631682932159843,-0.0004927322100183061,0.0009009821314060016,0.00541377965731959,0.006633523495633877,-0.0009864144636980276,0.007888290698481955,0.004634252182056285,-0.006613703982129102,-0.010553227490954236,0.003804530663157977,0.0,-0.0021691982475452154,-0.014475524173785717
2016-11-30,0.015714698900445565,0.04009230500033745,0.015548521620541591,0.020233559136236704,0.034988721216780864,-0.008469282086174448,-0.013679652959520535,-0.017325964290901018,0.016166633855346668,0.020100269292434955,-0.03463780400408201,-0.031328116503550656,-0.005201100324680946,-0.019632532407120953
2016-12-01,0.02000560669202245,0.01783247629555624,0.015485088586675176,0.02647926475144679,0.03292367696189446,-0.00936327916988226,-0.017746991812195086,-0.014998235968802742,-0.0006875215121282104,0.015388340126108962,-0.013923238844608932,-0.004924536234059274,-0.007302856214496918,-0.004470946344767011
2016-12-02,-0.0023257247768215515,-0.012637659418452381,-0.022068156573803503,-0.014084739881739085,-0.014533912136831374,0.003737640524242168,0.0008442381252804908,0.00017006914005630858,-0.0022951582257957066,-0.002563084173056737,0.00916747201708644,0.00364221077516226,0.006574965851169171,0.004718747114217262
2016-12-05,0.0201389797967682,0.02832787516153949,0.02224275282042763,0.014268749450755926,0.022970185203745712,-0.007214313742568398,0.016238743038347263,0.01783955833296512,0.005042412700934659,0.0022099456508028917,0.00258450800192635,0.0023496753307471626,0.007134681694930528,0.006421360666830278
2016-12-06,0.005151254277953114,0.014545711002378716,0.011111225425070849,0.021838902518420453,0.012306375822989504,0.0076691693337627865,-0.004493641580064442,-0.0026248085064787393,0.0009140768460951449,-0.0043360981172316055,0.003390523353802491,0.0012793178717115813,-0.00096443648222927,-0.0012316789338826983
2016-12-07,0.00453028910242274,0.018332728950361307,0.019491128238315655,0.03066800656675116,0.017904277475627305,0.009774718065404194,0.023410234927482333,0.01950752383854844,0.005807680162705847,0.014789001935997671,0.01090699562319323,0.004676879273140117,0.015201681214297423,0.017591462679642993
2016-12-08,0.01241224044612888,0.01669634567710976,0.018287566104911234,0.00017456576809631854,0.024696754243180855,0.009769291230413242,-0.005883331237244565,0.004663952386178937,0.002834629711417022,0.006358629498906488,0.0008032128945884532,0.005499167834560458,-0.008110731485614857,-0.0075361970872451995
2016-12-09,0.0043373844448078794,0.006081686859849954,-0.0018304356554267056,-0.0026216916178593893,0.0016552869494412255,0.016190029395105703,0.01561261181025516,0.017799076414956407,0.007669787203354665,0.005541619515470225,0.014480492145989898,0.011117052092211357,0.010365256320725552,0.024585475472614745
2016-12-12,-0.008929679827769453,-0.021007337076525516,-0.00819471096395218,-0.02408901460328413,-0.019540515692189085,-0.005720587657732715,0.003222171307230099,-0.0019167162018519754,0.022003332409718298,0.011504247757518293,0.008667158654957168,0.016139394395403236,0.008967611718430139,-0.0023837913552762504
2016-12-13,0.00035400318972564197,0.0,0.004022127091503924,0.001075076254774108,0.005801748385312943,0.01654377090445436,0.012944647391632381,0.00916691567479816,0.01743343346126641,0.0023020856822350963,0.010923385596984187,0.009600727405606914,0.0005871645991019671,-0.0033468833537087924
2016-12-14,-0.00035400318972562825,0.0026501782295593377,-0.005702799756022177,-0.020626749026181498,0.00576828217021395,0.0,-0.004774798185058416,0.0031226490721745453,-0.021839697475056635,-0.012511946582585164,-0.023422726014773458,-0.014539009046189462,-0.009554776317532048,-0.01325799822365727
2016-12-15,0.01487756604313495,0.021384188185356756,0.01303494391883882,0.008918068023474316,0.012714229208218474,0.005454322859228772,-0.0015966792470840617,-0.0027425118503239788,0.0034165460026112883,0.00935588988346516,0.00659807091498875,-0.0004126263726793019,0.0036675580891291134,0.008216575950731182
2016-12-16,-0.012402171368382689,-0.02182539710493424,-0.008001376244009567,0.002714196907370129,-0.017016389008784563,0.001294275170968119,-0.004484312447328687,-0.007148644091815346,0.0031855906546165,0.00876116691524257,0.007338520681156884,0.009447595430591888,0.0,0.0045623803475977045
2016-12-19,0.005752202278402276,-0.007975230574369947,-0.00150741172501768,-0.0021707678567715306,0.0007113417460026145,0.005760731291736094,0.020966460527590654,0.00327921691339614,-0.008370092918836355,-0.0036482456787908578,0.007025790024405602,0.003469037250989635,0.0003542121767950532,-0.0016784562146925693
2016-12-20,0.012793847455120006,0.010179331091976784,0.01892800988551886,0.015810606026642245,0.016675349062977136,0.0026542247698399584,-0.0012582574796279817,0.003317567704622568,0.00011058888592972827,0.0025466906803125575,0.0028482670731673565,0.0022382754283013133,-0.001654064649328692,-0.00024000960153625374
2016-12-21,0.002539244208321205,-0.003528896472021179,-0.0008227067514633972,-0.00697614849592652,-0.006810750121204858,0.0009401308328869119,0.0,-0.003686866656317642,-0.0016601188030539176,-0.0003391842651021214,-0.004535155165391151,0.0008126778179902578,-0.003435004858142517,-0.0021626825682797756
2016-12-22,0.0016125320241460758,-0.003984951033815762,-0.004289020101834913,0.0007177463075040758,-0.005482196635896402,-0.006599552558122999,0.0001573687940928504,-0.003107507371551766,0.00651396175792066,0.007267228197567037,0.009950330853168092,0.0024340782808794756,0.0022518528034169366,-0.00048123196308891286
2016-12-23,0.0018397153630834127,0.002658397666610099,0.008231854189542039,0.0037597394570523593,0.0035336460307683515,0.001975860786281859,-0.004889985294191681,-0.002324604751333273,-0.0017623090804029782,-0.0029512226825187788,-0.0019306267660915294,-0.0006079643514854716,0.005784115754223461,0.0012026459657604922
2016-12-27,0.0009185900289973573,0.000442380011638162,0.0016382703533106087,-0.00017871503934619769,0.0024454450252898237,0.006330759444835151,0.0006323111181272563,0.002633321049683625,0.0004408685181075333,-0.001690331707406617,-0.0018052874019651572,-0.0006083341970024511,-0.004246290881451097,0.00024035572763236797
2016-12-28,-0.0072568423053618195,-0.012461220437812002,-0.017337179896414395,-0.011323927961376877,-0.0037742936905820444,-0.0042731455501550195,-0.004593339825560819,-0.006639850966189032,-0.0049710127220204976,-0.002625673807641465,-0.005824882173920757,-0.008146684567818026,-0.006284481464972154,-0.005301217234208876
2016-12-29,-0.007077006159700288,-0.014888612493750524,-0.011053537429647431,-0.008714652102443775,-0.010316905409268577,-0.000256970321342122,-0.0014298199274428978,-0.0021027100347494917,0.000553556615297638,-0.0007635854950407211,0.012770247713635868,0.00956555578994505,0.003325023844771916,0.005060861506576575
2016-12-30,0.004646308742082788,0.004535155165391363,0.0008416800429555669,0.00491133320103026,0.005317936448768493,-0.007826313866928277,-0.012156259741493477,-0.013075850899622899,-0.0009966226393822947,-0.0010190218273102146,-0.005140078137750138,-0.00365260146352312,-0.0032060824232816097,-0.0033710602595840578
2017-01-03,0.010834591924910902,0.019270145920445868,0.019330713578328412,0.01602050284000516,0.008814659376606911,0.0028451974187745023,0.0070558342758347105,0.019445022403699476,0.006955589731823844,0.0012736151159090218,0.001416157301367999,-0.003054059179292437,0.001426194679585521,0.008167232523076983
2017-01-04,-0.003675207995758522,0.018470182062401055,0.0134428253844101,0.0008924587830195697,0.006436993548716511,-0.001119869178499983,-0.004484312447328687,-0.00029707014787288546,-0.011063283545371045,-0.00025459328859888677,-0.0010297336474322319,-0.0010200959774724376,0.003556613114847021,-0.0035949709178589233
2017-01-05,-0.00924755174129482,-0.011834457647002796,-0.017577454610392715,-0.015643580729028852,-0.007472426141380855,0.005072443494323279,0.0,0.006478344956970753,-0.015019336356465398,-0.00433803257591223,0.0012870014646474616,0.0030571714425495786,0.006605355462359321,0.002398082684012846
2017-01-06,0.00011612378808861422,0.0,0.0034742362681860514,-0.002540375164051832,0.014726110385561052,0.01108658805634055,0.008630387594012995,0.014882189906796996,-0.0005648122149586948,-0.004014525998088765,-0.003349655283484747,-0.002649008171576953,-0.0003527544277863546,-0.00023954964780973796
2017-01-09,0.0006964596915296963,-0.005748412910863897,-0.005464946945513508,-0.014641549992948005,-0.008241298002904641,0.009117834378480044,-0.003187761704872813,0.0023844261141345814,-0.01663476890625122,-0.008595548882133935,-0.011029762113253632,-0.009842195504331259,-0.007436733795789654,-0.010113257397616923
2017-01-10,0.0028967055768547656,0.017147045752537313,0.00016604400204185766,0.0069814724134187114,-0.0013183374380877158,0.0010079799257474574,-0.0003193357842880631,-0.0014154455269386542,-0.01283477178250079,-0.007625686866636855,-0.0018283928301149365,-0.003095658235243611,-0.010840537396002426,-0.006799443388923715
2017-01-11,0.007492398601799683,0.005650960484437602,-0.004492893821232735,0.0032900779084108996,0.013065121442177625,0.005358800398215168,0.009061344887104169,0.004650131879446711,0.010188811078584851,0.008402318911540765,0.007812539736793625,0.007413543015179037,0.0031093064992668696,0.0002436350359231407
2017-01-12,-0.00969312920565968,-0.006523180339123372,-0.012249502945523242,-0.005489492284771368,-0.007843177461025893,-0.004184106522573985,-0.009221051028144831,-0.0003977365228793796,-0.00542883227638514,0.0019819903941757444,0.005690651673499463,0.0053202499135665115,0.0010740498675561884,-0.0024390255993586357
2017-01-13,0.005319776625809223,0.003919012200735602,0.006730632846140911,0.014753022337388299,0.0018847057654133466,-0.0017625586836687735,0.0014364378816560386,0.0016983147408891589,0.000115814465356072,0.0018921481520379623,-0.004264949922058825,-0.004089985251525166,0.002025618804023823,-0.00171086440362943
2017-01-17,-0.037008628745093565,-0.04261630215441958,-0.021185437709045844,-0.02805207316586801,-0.03566747546527134,0.008032171697264253,-0.002715006059668451,-0.004196822368380085,0.01162870740390738,-0.0008596235378486206,0.0032326917658816413,0.018073392755127822,0.01418295846310872,0.008282629566863963
2017-01-18,0.004657002864042137,0.02596385775259098,-0.01710329330569755,0.009069937234594838,-0.006169838519874913,-8.333680574845967e-05,-0.0004798848368507725,0.0018835125823317732,-0.012439690475639236,-0.0029282597790884456,0.0005162622726951699,-0.001409727350574278,-0.0032914100479465346,0.0016967644356859783
2017-01-19,-0.007653708732647818,-0.004428705201292813,-0.012801577717900803,0.00569592720487882,-0.012368635240968186,-0.0017516791399811071,-0.0032051309489484468,-0.005624822044357239,-0.01812809131058292,-0.003109885021954847,-0.004915286057011051,-0.011553792252282816,-0.0027117861339093145,-0.0036394556731877132
2017-01-20,0.004431941134710349,0.004870498890829086,-0.009754444639489806,0.008937587994197688,0.003408040226210654,0.0018350159457296321,0.0070377769691247994,0.00459898906860892,0.013597677567760645,0.00017302534864515112,0.0027193283186537857,0.0002038528189712962,0.03195159980660243,0.004365760026626725
2017-01-23,0.00047795436445772235,-0.0035398267051241737,-0.00769303373671638,-0.015002110853821202,0.0020220713754107804,0.0006664445431604468,0.0035004013466156773,0.0194433962078638,-0.01076915476268346,-0.0018182610317007443,-0.0038870222560695618,-0.004699160756774458,-0.005618958651657193,0.0026586118378725977
2017-01-24,0.01199325662118616,0.01713950987669599,0.018858413354541116,0.008260717007366532,0.004331517440283772,-0.0009164757983698,0.008855212829732544,0.006021411850794571,0.0014112668460160205,0.00845707491340926,0.0019453997445983747,-0.005338821715915441,0.010296395734679605,0.011280570838781673
2017-01-25,0.015344371340105656,0.01813521204421258,0.01660441888809276,0.034498570255817915,0.015161779410551619,0.015795242590671537,0.002515724597247149,0.01044518214367811,0.0029337578983879118,0.007448345722706177,-0.0012965125633071764,-0.0016484652403924948,-0.007999128471214458,0.005236860337682571
2017-01-26,0.008334346193711782,0.0029908161580453475,-0.00573665197743312,0.009841907210412247,0.009772952813147837,0.0004921663621618352,0.009222417847067193,-0.0017138564206288986,0.0030420053878423507,-0.005902750360925476,0.000518806756124661,0.0028830332984334335,-0.00644569450802963,-0.007387141897300994
2017-01-27,0.002072778264004428,-0.003418806748785609,-0.00436796361459336,-0.010371895739733178,-0.011038241889587793,8.200418225925358e-05,0.023222881377716227,-0.014042451417053532,-0.0010519549798323727,-0.023965721112848778,-0.0023367529781412135,-0.003089282654635488,0.0013847221229466983,-0.008647663787169614
2017-01-30,-0.010407124457716235,-0.017707221453472203,-0.008793584628203035,-0.009053048428097957,-0.012955474823463911,-0.002627475031584332,-0.0099305682026008,-0.025407931740654387,-0.007630488393685141,-0.017464208770418124,0.00233675297814127,0.003705995594317435,0.00034588113563244113,-0.0016902092639070438
2017-01-31,-0.01640725895124227,-0.01359968317157189,-0.013874288726299488,0.004448010180288025,-0.01977526554995142,-0.0023047174577346796,-0.007397167340443558,-0.004428177209506671,-0.011496422915975562,-0.004212041895122662,0.018245398847573324,0.01570018996349152,0.009750579115377132,0.004581080947149074
2017-02-01,0.0037740344359266133,0.01098188062949322,0.003932790195899779,-0.0074839978680687255,0.005869709672017155,0.05919360737123521,-0.016689149735209952,-0.006053472317198882,-0.011388962039968021,-0.0031481923910424417,-0.015138198004824797,-0.017963332581534062,-0.0030869515167042077,-0.007485245621440388
2017-02-02,-0.004246791802017897,-0.00745454011152479,-0.0012496654308614683,-0.002865844698325757,-0.0011277870545584327,-0.0017101994218050403,-0.0064694505720475715,0.003697586092221426,0.006130195289608819,0.010841914364440755,0.005543037073643885,0.008817856786687745,0.004911769541333301,0.0033873731881629804
2017-02-03,0.030158890494323517,0.024778490043298955,0.03130201049726336,0.026899516065537952,0.04472911242870114,0.0042700270617207076,0.008041036625518617,0.002282729767668087,0.0010779089611853286,0.012047271226780117,-0.0018013386239865926,-0.003067173450452804,-0.003996123374578292,0.0033759376166976516
2017-02-06,-0.0047140070048483276,-0.007326040092072786,-0.002079723453249375,-0.012651723843636562,-0.0040338565500989305,0.009330368031079053,-0.0006283380665414447,0.0018151367858621266,-0.0027569690822114006,-0.005208575006438772,-0.001030795091916035,-0.0014345734604981329,-0.00011440993090672208,0.0004813477830604624
2017-02-07,-0.0005764021140622202,-0.009561133243982847,-0.00783771320409659,-0.003720440113902765,-0.0015012513244898242,0.009472227265847158,-0.003305267823780349,0.009219558293306064,-0.006502913089513519,-0.014173255040017726,0.00231779655656341,0.0002050651088905741,0.0069551617242306785,0.008147660697065318
2017-02-08,-0.00880246591702639,-0.010094446040756239,-0.015329346077437772,-0.012682138361024706,-0.007918759301571803,0.0038699445043049257,-0.001419894535311989,0.000783552667702492,-0.015708085538699252,0.00170426556028379,0.011381924779567712,0.009184675240948566,0.0036293563713203497,0.002859868488762459
2017-02-09,0.014322259140624398,0.01965557928473899,0.01655258782018195,0.019580547251273905,0.01594091509023449,0.0028737825117077787,0.011303103070518324,0.00021687530959614825,0.004408530284765956,0.006075787096670964,-0.01138192477956762,-0.007340979133315334,0.0038418126348747726,-0.018494582636164415
2017-02-10,-0.002296212260350268,-0.0017316021642780463,0.006440965778605982,0.0022889348843779657,0.004832024599806305,-0.0022680889741110437,-0.0009370608213402455,0.005754080660431265,0.008274566559680025,0.007012589209925544,0.004491505786296633,0.003881120181777562,-0.00792576612733255,-0.016375778383021344
2017-02-13,0.01313179018929556,0.013769580723757035,0.022646361534804905,0.0038616863857818947,0.014519979428062428,0.008816605093337829,0.011187189390564376,0.004910961531183572,0.005799919593546991,0.007578464187841688,0.0075260257012518044,0.003459858951537685,0.003857504216127696,0.0009852217545698665
2017-02-14,0.015868882886674745,0.027814688182876978,0.014817580418560409,0.01564433088487367,0.0128700866692786,0.012895709997797765,-0.0023203661118606877,0.0012745759591839625,-0.002171029679176772,-0.012277679290164548,-0.008294566791981463,-0.012882296545098043,-0.005108712933077325,-0.0022181155120213785
2017-02-15,0.011435039950642418,0.021382393591355856,0.01113615763485538,0.009782966550216932,0.004320006718482828,0.003622522720897853,-0.0006196746906271002,-0.003231290259014258,0.004096884872390982,0.00044426674505641437,-0.016277326182258824,-0.004951526518508291,0.03643268059129324,-0.0022230464879466486
2017-02-16,-0.0006625441938475151,0.0,-0.0019854407581029973,-0.007371251341644151,-0.0044001831065794686,-0.00121836422004874,-0.00015497869074034142,0.005775578874426979,-0.010395355306788022,-0.016932095447987325,0.027237038279176916,-0.002277669480373288,-0.0036281717552608997,0.018618862203210202
2017-02-17,-0.0033193214809396454,-0.002443993069878102,-0.0034840350464323913,-0.0005163066976408969,0.0037613585220497804,0.002766865801455665,0.0015487071393441953,0.005187372473494427,-0.00658298122762975,-0.0031672801465105808,-0.006867634775488681,-0.009162912921519837,0.003298881373052523,0.0007278903633278595
2017-02-21,0.008607424582854933,0.010547765132985904,0.006295580766840834,0.002750560441368776,0.005496488924635066,0.00719480381387437,-0.0020137873740663646,0.0032078903804965237,0.0015887568267025308,0.01251986630476134,0.009272851454985898,0.009991756731920617,0.006347143216965848,0.0055629602888248916
2017-02-22,0.0005492393173716478,0.00040346984610264075,0.0011554016305558895,0.001886631208774953,-0.00011916820606373732,0.0029947796386600037,-0.0020178508981034547,0.002457913893321938,-0.011792299774486262,-0.012066783065620808,0.009813868397971829,0.014598799421152631,-0.002512152487129061,0.003371060259584099
2017-02-23,0.0007684286013994361,-0.00850724190921046,0.0,0.0022250758003496303,-0.002147459665637559,-0.004239152671903398,0.004031638272169847,-0.000422942274685081,0.010448131428885567,0.005781407250659983,0.012937112890450552,0.013784933468775644,-0.003395960978519764,0.00144126856560822
2017-02-24,-0.008817427346283232,-0.014341569309454264,-0.0176406638138488,-0.011694028360549653,-0.015405287210732607,0.0009517186559719214,0.0,-0.0037555744896754853,-0.008596393352696999,-0.008139684987608642,0.012893897550950585,0.016572207162054913,-0.0008782523344185246,0.002876320295593826
2017-02-27,0.0011064395906367748,0.013934651704653307,0.007693632196412913,0.00431518750209915,0.007972982559327041,0.001973756991510107,-0.00605356912665106,0.002191484723712505,0.005657375807308105,0.014693553219271686,-0.0012208523064419928,-0.004564858576830159,-0.0017588220429378787,-0.002636310694057672
2017-02-28,0.0020988684866034136,0.004467012504099228,-0.0035049689557554685,-0.003105056833200687,-0.005106667845861221,0.000438084119155958,-0.0038998567483292572,-0.0055942551183656266,-0.00270170863096161,0.00668898815079671,0.00839369930188009,0.010881500187533987,0.0019784574490480673,0.006935338093734243
2017-03-01,0.03235544424455416,0.03268525312719344,0.02851449883743001,0.03146250498093139,0.018571933839739735,0.020233366019738803,0.014893232153328006,0.01389237706567263,0.020689553864746888,0.012192040765361966,-0.007538946212413531,-0.015067691888389878,0.006457637501250716,0.0047551207050102896
2017-03-02,-0.015721223975775384,-0.010644689511414113,-0.014897549810256426,-0.017224336668120045,-0.006550631836860795,-0.005955174550187494,-0.014424445520787752,-0.008086297431357707,0.0033670065479042485,-0.004576667027411755,0.005234658005865366,0.005180326388556983,-0.008216072947211111,0.007326040092072881
2017-03-03,0.007137480284384015,0.00828897581895508,0.006084044089671865,0.003061226880384751,0.007262657183398222,0.005883636116133466,0.0037424026214171245,-0.0009064529471172729,-0.01013522189404313,0.0016746731691425123,-0.005478798632078047,0.000993147365374019,-0.004520155427886327,0.00023543260850361804
2017-03-06,-0.009528006251654583,-0.007496582750552631,-0.011873490415016548,-0.004765966468141552,-0.003485842309685974,-0.003152768447010117,0.00031123560786559416,-0.002133994384277769,0.0044769873314189305,-0.003352155573717165,-0.0004884601391537662,-0.0025842375976158267,-0.0014374967920159148,-0.0070872018830547626
2017-03-07,-0.0055637518747729715,-0.0015854145215403767,0.0036429912785010087,-0.005303237131891155,-0.004414315891398057,0.0012909705586968097,0.0020206737271132803,0.004568960268613907,-0.0037496264071216765,-0.012090110818573484,-0.002201028034578901,0.0031796529173795844,-0.0008856415944765778,-0.004514680354526583
2017-03-08,-0.002190341473660357,0.0019813757225165345,0.010032153870028458,-0.0015449320728025,-0.002633996015430381,-0.0037340270299777954,0.00911977879594935,0.00292118298519063,-0.018221231730417127,-0.019872390931644716,-0.01691293941035894,-0.012578782206860073,-0.0016626950568856167,0.0
2017-03-09,0.00393916692757363,0.003556613114847021,0.0071743337236383495,0.008382565550406715,-0.0002397985703509521,-0.0023048123138689836,-0.0040086393488386,0.004908042666120086,0.007867280897550502,0.003915324828741813,-0.003367216500695286,-0.00543972329581821,0.002216312963955838,0.0009521543209233095
2017-03-10,-0.0031720015658204866,-0.001579155480159582,-0.000975292665084104,0.002552106872235017,-0.007220827266708869,0.003311499678672527,0.003084993962976539,0.004147175195569109,-0.0007349338890328207,0.005166564857789088,0.0073433648803349315,0.0026228200247049465,0.00804811135326909,0.00616700246737181
2017-03-13,0.0008760403538798186,-0.00039517882355808733,0.0006503007870206233,-0.00255210687223494,-0.0008861320916577988,0.00043112740482406615,-0.0033940174512208433,0.003679062774320522,-0.002330860406318705,-0.011456753791386018,0.0028481227846723074,0.0020128831272976425,0.0026318690485215776,-0.006167002467371892
2017-03-14,0.0016405100195867025,0.0007902015425008826,-0.0014637719129822451,0.0010216244716257697,-0.0017746233583684897,-0.0015097598036524751,-0.004646848510375359,0.0015371371829665812,-0.0052952528139342935,-0.018366073899405106,0.0,0.0030117480851886555,-0.003400804111398724,-0.0014285716715259124
2017-03-15,0.002401223594277475,-0.005544568659774406,-0.00981362144832451,-0.0008512812295819727,-0.003801824599472467,0.010520762634207644,0.005264800020847748,0.0028599454424101155,0.012393557003354738,0.014058685119838975,0.01387632015652231,0.014924165169982174,0.004385971943254268,0.0035676099202752477
2017-03-16,-0.0009816219362694845,0.00158730192057241,0.005082394742089153,0.010336447193636744,0.005818198230987481,0.0016361376582474541,-0.0017002863668072058,0.00185228914147276,0.0008532943773670603,-0.009412268434129676,-0.004644917286593381,-0.00872848231497558,0.0004375410264507073,0.0030816665374081144
2017-03-17,-0.010531031945966484,-0.014377244454208394,-0.012837569324846632,-0.011017994331962823,-0.01739315628628294,-0.0049878969023879095,0.0035518530121241665,0.002720434192106619,-0.0008532943773671306,-0.0016702240126631612,0.002691791665711353,0.009518215820976252,-0.004823512969705191,-0.005220704786157469
2017-03-20,-0.007193877518942829,-0.017038951779170395,-0.013004518049447144,-0.017885257489193507,-0.007406222135498019,0.010446000121109985,0.0009244992954314201,-0.005125623192161361,0.0,-0.00018575276360656358,-0.008097210232619362,-0.005739748563354235,0.002414664766704413,0.0035625260336030902
2017-03-21,-0.029762088480932477,-0.05985773100965803,-0.026355346742900514,-0.03137373993336523,-0.03847761771389363,-0.011518079700618624,-0.011150804714438611,-0.020686980844384226,-0.0020753227249627657,0.0035234157916037173,0.018308823402815907,0.012427421010370946,-0.0003289293379802677,0.007557900879742566
2017-03-22,0.0016007321048937151,-0.003481291592511891,-0.004662818222812829,-0.009354268605191429,-0.008317758645285611,0.01123527426886921,0.012689740075103532,-0.0004000141234792435,-0.0008557980838959095,0.0032343049032436556,0.00096711806377482,-0.005504240356236559,-0.002195631576974772,-0.002827523090218097
2017-03-23,-0.0016007321048936956,0.005650960484437602,0.004835098350726142,-0.0014469165121561833,0.0035855493410710143,-0.0035418327030578875,-0.002463434656096403,-0.01201588933969427,0.0012223446088626049,-0.004809035440320852,-0.0009671180637747107,-0.007121691821039425,-0.0024207758300635973,-0.004967485081684524
2017-03-24,-0.0011449508921944334,0.002164971618514349,0.00034447124005811255,0.010443018924406935,-0.015163984600943441,-0.0019889195361700784,0.0016942630159901529,-0.005385762873652722,-0.007725834001394351,0.001111831857330691,0.0037423837967888772,0.000992162002214746,-0.002205802151678821,-0.0011863804926938747
2017-03-27,-0.0005729674138302442,-0.0039003299715829236,0.00446736138158768,-0.007912287277256543,-0.012910796447168287,0.0017050302510839691,0.001845018973569075,0.004027131783222174,0.00024618414698438635,-0.015961509353055566,-0.0024128374596419887,-0.002382844654080373,-0.000883685023815254,0.004737100284269296
2017-03-28,0.015468916277606869,0.019351281127301775,0.018514329268915334,0.010238077752267902,0.016930551062506474,0.020514981098995685,0.002914335984018721,0.0025251034773187886,0.007235300433524145,0.008339237833292944,0.001689597312397773,-0.004183689736167932,0.0029793125485991895,0.0025958716641895415
2017-03-29,-0.0037315585788937236,-0.005552010844989358,-0.0005050080066927344,-0.005195747601864008,-0.0038446462666001844,0.0022228405929461993,0.0027531372544576686,0.010931785883292067,0.0021969983205421496,0.008362806590168399,-0.006168752552441196,-0.002798882274962925,-0.0017644468627074192,-0.00023571007769701278
2017-03-30,0.008573092553438287,0.022025456235832356,0.01868277860646111,0.010186845306992997,0.012052270237895223,-0.0013192156053131116,0.003659098456776399,-0.00045899903709898857,0.02027585753151648,-0.002687052809723528,-0.004621192706491358,-0.005621375975303415,-0.004424785980355584,0.004234304138788385
2017-03-31,-0.013456413824359248,-0.011799546931155168,-0.01146858743242804,-0.010366491404664885,-0.00650846225107988,-0.001877673627923934,0.002280156038441713,-0.0019796386555614976,-0.020397786447109812,-0.003811299059306504,-0.00036574215586000373,0.0022121678201867945,-0.003887813839010062,-0.003762939529542384
2017-04-03,-0.003649639087549504,0.0,-0.0023430973062965646,-0.003058931759934778,-0.003313860187954959,0.00027839643832359615,-0.004718066738509411,0.010501401836181484,0.0007313505933002665,0.003996845028852635,0.002922198597161389,0.0036093883179309227,-0.0018938344656633979,-0.0007071302592830426
2017-04-04,-0.0024023348509547714,-0.006378928710771681,0.0,-0.005239871054760283,0.0013094148787227587,0.007418483080973035,0.0027422320657761205,-0.004890843531055641,0.003648751311537298,0.00794608264848023,0.0014579033076760515,0.0012002401920961539,0.00256139123277691,0.006346242947053414
2017-04-05,-0.012910842163408442,-0.011585626264527062,-0.0015091811366177812,-0.003993470545950079,-0.007003442789792993,-0.005194097345231487,-0.002589688399855922,-0.00430214359859934,0.0019405706514354292,-0.00018407731299103087,0.006051821907793629,0.008163310639160835,0.0006671114323458633,-0.0025806465934916254
2017-04-06,0.0033590116716450185,0.003876808646233512,0.005021771517483495,0.007068448097776079,0.004295426284486555,-0.0025027821740653254,0.002589688399856029,-0.004504126551719448,0.0057992188623515115,0.005965235878196102,-0.003384507038325533,-0.005966604813221799,-0.006355599249558849,0.0023463173598476674
2017-04-07,-0.0034750411432608874,-0.004308494385723955,-0.007710396897801827,-0.0096180761407621,-0.003329539569362434,-0.002229966080882361,-0.0007609771313119885,-0.003550275037397257,-0.003016229589601956,-0.003942246682528217,-0.004003645020347581,-0.008815925661182875,-0.001903376267408379,-0.001407129688087945
2017-04-10,-0.0034871591771118158,-0.006063249411057968,-0.002527168390737728,-0.005485477276671203,0.004422364192362092,-0.0011866951935371264,-0.0022864120927673388,-0.00047511581841609696,0.004460794665654395,0.005222422424297679,0.0017004741131479168,-0.00040257649496996316,0.002909581282706646,0.0018757332580499747
2017-04-11,-0.0017481503199156256,-0.004353511447197664,-0.0042261917352334755,-0.0069917488134229105,-0.005036911422097945,-0.010814712145931032,-0.0007633005484713154,-0.002164631728081831,-0.0034946110156132103,-0.004212460441556914,-0.002551796755017431,-0.0074770480706147875,0.0034580881133869958,-0.000702987726666229
2017-04-12,-0.003856721896140414,-0.011850039917495956,-0.008848109452453318,-0.019389123435841153,-0.008776435085364158,0.0011995908717221987,-0.003825266694929544,0.001879453846446756,0.0015680601488105492,0.0,0.007152846160177714,0.007275699031376154,0.005663220954553555,0.0065420794074305035
2017-04-13,-0.011778699192612763,-0.013781058287988313,-0.008065251784157653,-0.033888568793611115,-0.010822471854935145,-0.005303176650021878,-0.00430174269139614,-0.0015223237401546697,-0.015547501322416018,-0.02669056936885731,-0.002297878497960703,-0.004844579519556439,-0.0031052481423219963,-0.003499362021909448
2017-04-17,0.017150661194502984,0.020820242655242054,0.01623550999899687,0.0263299538196844,0.013079060056161015,0.005514719858511001,0.008127009386325679,0.01763734956670459,-0.001347461464365567,0.0006595374055443137,0.004108270640486838,0.0072580963789818705,0.003990693689934191,0.006522268637293727
2017-04-18,-0.008186222771135801,-0.004393680178829515,-0.009709641055389025,-0.005134555351945508,-0.04830632472840488,-0.004451832247374681,-0.0013754109297496797,-0.0013340200443068702,-0.006517885707727339,-0.004625922811411795,-0.0008444418138567653,0.0038095284166676487,0.004525643796928109,0.009474363186989476
2017-04-19,-0.008253790519481203,0.0013201322049228162,-0.011881327886752788,-0.005736153395524857,-0.0069819684112847205,-0.0036895174533598273,-0.005366876333629345,0.0029465090011130146,-0.006933295076042643,-0.01381566446283899,-0.006173980025606449,-0.004412361751511857,-0.013303965626362815,-0.005766363573468279
2017-04-20,0.012822950832404952,0.014407583863272354,0.011710138979375905,0.02555747245517936,0.018373766919604653,0.012433050803795163,0.007047677401650933,0.0041594150577211365,0.006439650736757481,0.006216843704213334,-0.003893422608990702,0.00040192926586109245,-0.0030179422671370764,-0.0032437470517936435
2017-04-21,-0.012112807590346528,-0.015727716068195154,-0.011883374146547868,-0.009389740349839032,-0.005518270234199797,-0.0011941977465013051,0.013646913841182108,-0.0013146951045180778,-0.003957951981984795,9.53425180681651e-05,0.002191915149383491,0.004210532536343458,-0.007979811942404182,-0.0004642525617275101
2017-04-24,0.03465060061571279,0.03971173508134931,0.02936366650383362,0.012189555524585696,0.0289058481835328,0.009583508694806205,0.01687488710436241,0.022994545491668558,0.005191606221838109,0.009866316634892278,0.004490571293902079,0.0033955890011383287,0.010439562735377262,0.004863935472206942
2017-04-25,0.008648210477832527,0.014703058400551677,0.012871051066852776,0.01681954445849916,0.015160899483270176,0.006176929102868711,0.005758598416341376,0.011211983249074875,0.007614873445785083,0.007523782317468831,0.001331155276131123,0.00019938191672064982,0.005012541823544414,-0.003935645779182854
2017-04-26,0.0019242747462427077,-0.003760188261650018,-0.0018286099351945543,-0.0003666361177643039,-0.0018991680288191265,-0.0058984939068610935,-0.001325967045103717,0.00033746161694400787,-0.0040458585195436835,-0.006108754488321253,-0.0010889952071430255,-0.0037950709685516094,-0.025431774592197233,0.003011004011964353
2017-04-27,-0.009316131909371389,-0.01009684639977632,-0.011883979513393117,-0.0018351996341771785,-0.0017256259674697252,0.0007652972857600083,0.006465856472200664,0.0025834293086564497,-0.0017213824489139785,-0.005766974149029496,0.0036253816143170577,0.001999200985739692,-0.0005700279468036364,-0.005333345975362729
2017-04-28,-0.006987028023688765,-0.013194488079532019,-0.004556585387822537,-0.011082492446792852,-0.008941141836725362,-0.000974116414350937,0.002779201671850407,0.03643655116968966,0.004787928856893536,0.011594606019184914,-0.004836768800614105,-0.005407042311246278,-0.004113821365622726,0.0032497707337919603
2017-05-01,0.0006894174695677843,0.011501724239011683,0.005734540930005341,0.011449801909141135,0.004680717338891491,0.020191569072405522,0.013781316249453087,0.008937572281216208,0.0050088675975657766,-0.007337066119009587,-0.00522575169901514,-0.00422578352956459,-0.0027519797209932697,0.0016209335493030563
2017-05-02,-0.006453122186317895,-0.0033941483581503163,0.004195692988949468,0.00146789017182891,0.0012000801493626035,0.006324615594253476,-0.0015860431556347402,0.004567072663415346,-0.00012186947794019393,-0.005301034753672517,0.003891528685878505,-0.0016145311277109245,-0.010039897385659718,0.0039256487315195545
2017-05-03,0.005763704716750134,0.010148078632831483,0.008837072932737082,0.005667809303796848,0.005272147426576188,-0.003055303323881437,-0.003179652917379684,0.012049744319612355,0.00789078449354589,0.012825524732287936,-0.004257137123318722,-0.0008082441337143891,0.0024326684455583756,-0.0016145776774695209
2017-05-04,0.0011487652038733585,0.0033599359622477677,-0.0004981320152816726,0.005998382067900745,0.0012364762008112568,-0.0036104811181424407,-0.003916170064089337,0.006589030601039765,-0.012900264088001646,-0.018059394985227597,0.006681674618445772,0.006447735414474109,0.00023137436475269502,0.007817928989007789
2017-05-05,-0.0011487652038733708,-0.004622828152828393,0.0004981320152816992,-0.0012693808939960648,0.0012349492153030267,0.01644762787882318,0.002757421382870825,-0.004661425763450429,0.004643782022269156,0.00930680981659729,0.004711007082096197,0.005607865687762036,0.0005782018085341511,0.0006868918415466484
2017-05-08,0.0011487652038733585,0.009224384065726733,0.004306781545157637,-0.001270994270055777,-0.008143439559114675,0.026825465204965,-0.0008699435085401075,0.008811091226531342,0.01055130763952165,0.008377702315130365,-0.000723327337143028,-0.0007992008417397306,0.0005778676843846494,0.004567260736798106
2017-05-09,-0.004026465031488516,0.0008343763521195829,-0.004472797981166071,-0.006562181769339366,-0.005659677755950353,0.006384386506599499,0.001449485686453359,-0.0020674540098886496,-0.007021820618882178,-0.015111734496474436,-0.009816475846881518,-0.0009999000933074076,-0.0017346058122081963,-0.008695706967553932
2017-05-10,0.007808054365831175,0.007064230499213516,0.002321725752705034,0.0007312614585461406,0.004992877704572088,-0.004751839698063393,0.003903149154720861,-0.001956528049520304,-0.004871523457042033,0.013423020332140769,0.004496027988007032,-0.002203305848775122,0.0010411245084105101,0.0013780433967620319
2017-05-11,-0.0030929631163806454,-0.0033181283036010653,0.0054514052571179635,-0.01807167012694981,-0.0005337603542789638,0.004492048828251174,-0.012339562827854197,0.0010990564922238478,0.008509655046903247,-0.0027267188160316445,0.006284768087893403,-0.0020072266875682536,-0.0037067110667450115,0.002292527368118842
2017-05-12,-0.0027573546881901633,-0.0029124214470350185,0.006077049169590725,-0.013488402326465629,-0.008668895612826969,0.013868953150877047,-0.001169248890884063,-0.0007849170745680374,-0.000726568208276965,-0.0023566019295792585,0.005766474412402121,0.002007226687568286,0.0002320724076322989,-0.0018336012471683184
2017-05-15,0.00482039266918606,0.002496880198587146,0.005714767777632967,0.005642294449628339,0.010269322734908602,-0.002565748681433757,0.0007309407532513922,0.0042625276097561044,0.003023891025076919,0.008364317361287718,0.0011971748107692318,0.00220330584877518,0.0016230005881233598,0.0032065991745277504
2017-05-16,0.0030865986208574387,-0.0029136336949296356,0.017271028928313992,-0.0011259149247217393,0.002129926257824849,-0.0014782918783032496,0.01421962438708578,0.0056034203677779865,-0.0030238910250770063,0.0037365760429698834,-0.005518910228797351,-0.012887814305595605,-0.0010430550867442574,0.0027403533933628905
2017-05-17,-0.03886921689401049,-0.06101548602215886,-0.04099537062012741,-0.019337095417610434,-0.054096772534333246,-0.03415221354633245,-0.028199691673724634,-0.023538149187202203,-0.006806881758050697,-0.0240634399316352,-0.004098860470385676,0.006061849235195759,0.00023188405901018142,0.00182273916949621
2017-05-18,-0.0036854348318297475,0.007503897492945586,0.0016658341350163117,0.002676354111390257,0.006715190315471134,0.015126283320775607,0.0034026218197862317,0.008802436543052256,-0.0029314788307234453,0.004478970655445797,0.0056616425399669025,0.0026154325340564753,-0.004531466535303745,-0.002963640605287852
2017-05-19,0.009719170972058827,0.013540281120267679,0.016834858721670398,0.012898509630027784,0.0010684009842219008,0.0034031446456825984,-0.000295420977037727,0.004356619230989639,0.002199414376360581,0.012754672413794445,0.0014404035619688185,0.0022077279413729133,0.0042995824762936145,0.002280502698725303
2017-05-22,-0.0009440642664823142,-0.0004339336149670938,-0.0006548788708178622,-0.0009427737098789107,0.002920657601064347,0.0060576638585464375,0.011165093213941678,0.009819124922679412,0.004384369463898223,-0.003762231676192442,0.008718034556380243,0.002602864618976468,-0.00034792693885335365,0.006357877910845487
2017-05-23,0.012437095664483182,0.015076744768397264,0.01058900502624361,0.007142887512380204,0.016618846420343714,-0.001234608168777871,0.0033544842948168585,0.006699015034947457,0.0035179268403224503,0.0014124961150648264,0.0023752980289074833,0.0013987413610307212,-0.0015090838083593539,0.004742020853972669
2017-05-24,-0.0005831924117006113,-0.001283422636061436,0.009033776551385254,-0.005634875916514723,0.01889699274086096,-0.002995378940795257,0.0013095673024698907,0.007247896380482982,-0.0035179268403225192,-0.00047061039035061766,0.004615665925697873,0.005972544132621084,0.004867317524359333,0.01431471546753631
2017-05-25,-0.004209055670341778,-0.004720025926660967,-0.005152160809209194,-0.005856255520402096,-0.006094574096490477,0.0034504119385383686,0.012284279051548141,0.01447115079539263,-0.006583783840258884,-0.010504994158990045,0.005299429466498593,0.002379065356849892,0.0041532131688420655,0.00840341079637938
2017-05-26,0.0001171577530482844,-0.00043020004965489206,0.001935172350409965,-0.0070349182611031775,0.004753372178703646,-0.001691167308232553,0.004871767767108307,0.0014205621164503225,-0.002449480710339933,-0.003717299233618534,-0.0008225134122134218,-0.000990589481696068,0.004479933975860671,-0.00044052864148544217
2017-05-30,-0.01725199352033738,-0.014301435518306248,-0.006951769973646323,-0.004781495195677377,-0.02312581846416352,0.00039052330618671995,0.00641164838064049,0.0029153953414556826,-0.005533367945655688,-0.006322465739487014,0.003988742970262998,0.0023757682922735703,0.0017177215789532727,0.0008808633029375745
2017-05-31,-0.021078768989883447,-0.022066208652568524,-0.018006706858342478,-0.019748947755356867,-0.033330212374566195,-0.005939383709925474,-0.008128386999695024,-0.009156705064202667,-0.0074257766968494265,-0.0055892985443290934,0.003156236181437631,0.0007906701340948855,0.007863736460214451,0.0008800880656072492
2017-06-01,0.01101639371933042,0.009769171832610352,0.00888017675685917,0.018214028037273185,0.017594936278921464,0.002745638124132198,0.003715882509197407,0.0012149562591619928,0.002481390851385476,0.007605331483673308,0.00836824967051658,0.006302955670526604,0.00045397798986463866,0.007012958832084905
2017-06-02,-0.005069413391224449,-0.007985845457182703,0.0004910385563923954,-0.005197817073616841,-0.007938031970211179,0.01471043602331527,0.023404423709996326,0.007891555309103303,-0.014981553615616946,-0.011187309271649471,-0.0013898542890544128,0.0015695510383219049,0.005205987312371917,0.002181501737738122
2017-06-05,0.0018134563393314449,-0.001783326375427594,0.002288330518012216,-0.001738626923040245,0.0031827782543301596,-0.009826182882779595,0.007220247973487097,0.007760038941066337,0.007768489137331243,0.0007755695977708535,-0.005229225790827069,-0.003928506329194608,0.001691761526822454,0.002176753145090301
2017-06-06,0.0020512827705571396,-0.008064559836730408,-0.003926064261075359,0.0017386269230402192,0.0025203037703578064,0.003372465742607377,0.0033149201626224557,-0.007198015642450814,0.013512881496701858,0.009452230868734389,-0.0002330459110989554,-0.0003937007924869695,0.0006759040473610455,-0.00021746221679712599
2017-06-07,0.011386231960706303,0.01650717830213503,0.014159240541104295,0.005389810930403206,0.005809781394779691,0.005938949739319174,-0.0017942175816002374,0.004914260716874221,-0.0037009664745712273,-0.0038472683791704234,0.0032577108508337694,0.004322207121681562,-0.00033789491789637516,-0.010274437306484896
2017-06-08,0.012318052235963122,0.01623911042276664,0.02126549077934191,0.008982382419254895,0.013715868355377824,-0.0024487703949503327,-0.006096734971673247,0.0026821295623485897,-0.0035906681307284844,0.0022139875241855554,-0.008281379340047397,-0.005307137763699317,-0.010417940447121805,-0.008384868189640623
2017-06-09,0.023385394695012864,0.030019406824885752,0.01942721290098902,0.02331809299138363,0.01668216384079137,-0.039548529960829276,-0.02291517995645543,-0.034606370646765056,0.018556600063081057,0.022814677766171482,0.003974289275560306,-0.0011831987181975846,0.0035225307714982063,0.004201222320895716
2017-06-12,0.00022996435653836105,0.004636467736743234,-0.002019104514485663,0.005375858715596984,-0.0023855080514772102,-0.024185961526219508,-0.0077088176182933356,-0.008602849224536717,0.009693520711011585,0.015295952016870784,-0.0011672698885761073,0.0033487670416307534,0.0009070295406426232,0.0002206287929522966
2017-06-13,0.0033285540057275058,-0.0004206098905333207,0.005736005185183121,0.006633523495633877,0.01026661637017349,0.008013467080028968,0.012390673371908526,0.008994476647583688,0.00036168545815930557,0.0008326780330307722,0.003846831112058296,0.004121289318768934,-0.002041974617639182,-0.006640130639277527
2017-06-14,-0.0020646944705717102,-0.0004207868776582507,0.0004636426943421377,0.0014681595590007532,0.010250583420816953,-0.009802991957070229,-0.005393143926430285,-0.0026516319968617552,-0.010786022279651608,-0.014250695225701562,0.00429558912102074,0.003128668958041442,0.0043059556616378315,0.005978098175507963
2017-06-15,-0.005988731476965911,-0.009302392662313674,-0.00962590882361199,-0.011620531023018759,-0.014586463981597027,-0.006011419035705209,-0.005279315964341691,-0.008039003726249449,0.0023124211606579165,-0.0025360460687493657,0.007271919850412925,0.009521105636751025,0.010572587516059906,-0.0011043623430531026
2017-06-16,-0.0045152030399903025,-0.004683849312426314,-0.0032815093123723573,-0.00018554596954613596,-0.0063814705145815755,-0.014098502646088614,0.0014295928095943715,-0.0016260166184186714,0.014841901403630928,0.018819262319373184,0.0021827798890040897,-0.0034870240679972285,0.0031277952219880265,0.0013250885331117248
2017-06-19,0.021693820629675974,0.020279528950529088,0.009192243584120918,0.006473711686734737,0.019288895572204787,0.028206020792808203,0.01235197077280567,0.017168336302845557,-0.008782011328566706,-0.008248042681692675,-0.002873069838181488,-0.0021369605023894393,0.0022281649147205575,0.0015437206726488777
2017-06-20,-0.006264614143697051,-0.017721982799411968,-0.008879254536182539,-0.014484932921367238,-0.004565307222216073,-0.009129975896080186,-0.013638512298270993,-0.006408794650305882,-0.005452245892789662,-0.009161511213819088,0.00023014959825407163,0.0056239845703866965,-0.0025628182727435657,0.005055511371913435
2017-06-21,-0.004580860048965925,-0.015444322427473631,-0.0012525443942244488,-0.009019226866849367,-0.011662591136620087,0.005913108538318189,0.005136264680212506,0.0098584682029908,-0.010626054182340087,-0.01886580104083672,-0.003919765221686332,-0.009911654362667997,-0.0025694031898017148,-0.00858752387378532
2017-06-22,-0.0011485013321710948,-0.008684379373534709,-0.0032954129469678632,-0.009291808579715165,-0.012300611837946986,-0.0016466556036329122,-0.00014231836642518975,-0.0020151294916037265,-0.004430231218413327,-0.0003828850434446119,-0.003355513706726662,-0.016145261120997945,-0.004147290593888663,-0.003322630147266839
2017-06-23,-0.0018403501858582326,-0.0048087524358834625,-0.003306308609057857,-0.0007623404219021534,-0.01180899845389006,0.004453434786691448,0.013430611156352208,0.009649997696066904,0.006515481897352158,0.005251862154948644,-0.0037157497466459716,-0.010776396445266465,0.004370979220254754,0.003985833443378223
2017-06-26,0.004365314226752419,0.003062789530545731,0.005818083869971389,0.00854300402194743,0.01485300253080507,-0.00314960890289622,-0.009595106773945414,-0.014299235560926622,-0.004544066768967671,-0.008224202422770355,0.008571812012186588,0.0052031336116214,-0.000671216044889362,0.003970009625376874
2017-06-27,0.00924189360878679,0.01646484334972504,0.007030729687789676,0.004902894980790797,-0.0007260846207538789,-0.014436444815143772,-0.018892790366315936,-0.02499895830892373,-0.0016014786299304903,-0.000672398084985041,-0.011601058182762055,-0.01407058389694233,-0.00842843670173427,-0.008399695716965017
2017-06-28,0.019902832717376792,0.025876311210200967,0.014682282139714432,0.021770326718387186,0.013258367833288006,0.014505020162333486,0.008488648914554937,0.013535380285737043,0.005164792592566183,0.0020158394155329463,-0.008554572588284182,-0.005073577600701227,-0.002712172529297972,0.00597545210545867
2017-06-29,0.01469883346508022,0.018257768573564963,0.02724139395664292,0.026338821635911287,0.005316903707916433,-0.014852955171584368,-0.01894626055851298,-0.024426781806485776,-0.01023247539891631,-0.0015355089389363558,-0.01112437507532306,-0.01765234670772497,-0.015739376010463803,-0.010870877992457504
2017-06-30,0.0027389773354322177,-0.0024701535820621447,-0.0014940985896124347,-0.006655299320084645,-0.011247905996936872,0.002363574266831235,0.006403747687746725,-0.008717592022311498,0.0003716781310211427,0.002014872353513352,-0.005249982229062052,-0.008526619195678037,0.0018376024465806013,0.0004460303374570626
2017-07-03,0.014662223027440194,0.017164295521282954,0.02042397470211494,0.006655299320084671,0.023955907607384138,-0.0036171436210450537,-0.011086911522866618,-0.011053899719685902,0.01682776305145836,0.01870633286802425,-0.0033553057242468624,-0.004815250589561322,0.00674712377203778,-0.002008705061080707
2017-07-05,0.00997701780191748,0.009677494882065438,0.0027796082558968907,0.0,0.003338314617448621,0.004103069145167031,0.013260667903783952,0.013825204542857388,-0.015342430435266731,-0.015930547405437215,-0.00024009603956867356,-0.00483854946295166,-0.0007981301375736749,0.0013395849290565674
2017-07-06,-0.0032075297466711045,-0.008462673918733767,-0.012051880147609474,-0.003951864313199878,-0.005937606782947173,-0.009483370703165704,-0.007410131982204855,-0.004914120483432856,-0.009070075225498261,-0.0076761075433821055,-0.0009609610349107553,-0.00042185193622867737,-0.0034277912904909086,-0.009414998934601874
2017-07-07,0.005020573489726949,0.004844579519556496,0.004131627538851522,0.0032345041676590976,-0.0062393724107563785,0.01010778533475562,0.012895926019654879,0.014043581085216231,0.0012473495442891628,-0.0031836407190012498,0.002520555856460663,-0.0008442381252805361,0.0031996370572403847,-0.00022525059223513813
2017-07-10,-0.007057343234953637,0.0024135168594254575,-0.0038359445089028257,-0.0026946930884240612,0.0024827109755562664,0.0060849309588338184,0.007458439623614208,0.010772856205817314,-0.0007482230053521195,-0.004357727324038115,-0.002760940473002855,-0.0016906174779074388,-0.00640954466259526,-0.00022530134149593265
2017-07-11,-0.0038705563857229603,-0.011719673441183487,-0.012344917688186737,-0.00994313534028993,0.004902944957240646,0.0032348009899685797,0.0001428877619061646,0.002656825031071297,0.005474012176027807,0.0007760962748884511,-0.0001202139810306059,0.0,-0.003681126899249979,-0.0011272687474858385
2017-07-12,-0.0034531166286138914,-0.010214593409718295,0.0014954391900129636,0.0023591336592513217,0.0019368760732252411,0.0014419613169014058,0.01643794983441315,0.014709898331593248,0.004456556026572827,0.007439288451508368,0.009571740941281565,0.004852842100987024,0.0021873030075555315,0.004052234270800895
2017-07-13,0.006357437499794132,0.011027271227708696,0.001493206190540976,0.007763873972197273,0.013150323846036281,0.013832798673406475,0.008676236906118925,0.0012290152385364044,0.0001235101588675769,0.002307471459364287,-0.007290142833525209,-0.008242675855498758,-0.002994359026457678,-0.0017989660799458357
2017-07-14,-0.009171901362384757,-0.016793349806340313,-0.004486324258672971,-0.01103185073681333,-0.007843177461025893,0.008557715377790362,0.01397463074203329,0.008284727922191853,0.0038212681321487594,0.0029726252891235324,0.005621688150209988,0.002966732415430568,0.00460300007196094,0.005611057253182802
2017-07-17,-0.009366219636526328,-0.00787895429812964,0.0016473234724874968,-0.005104842443988807,0.002882979326153267,0.0034829238155799683,0.0078013124049769265,-0.0009729271020990345,-0.0051807196175469965,-0.0022046498265920586,0.002263657367394876,-0.004665968168390289,0.005153174873403701,0.0011184432437567134
2017-07-18,-0.003507621704383178,-0.005008357714372519,0.0008973976073380343,0.0016436858782352328,-0.026295790040067674,0.0034708351490016173,-0.0006818956963848248,0.011197777622312428,-0.0032206147000422834,-0.004713133333872408,0.0019022714094458389,0.0016992357529598428,0.012373164267112914,-0.0013422820807292935
2017-07-19,0.0014264555005585038,0.006672251609067942,-0.0028445262087385763,0.0025514867131578908,-0.001972298814971286,0.0062437931173649425,0.007610800531811451,0.005879636278362497,0.003096936510533191,0.0071092623376889505,0.0018986596424047078,0.0023317445646944593,-0.0032770242332683217,0.003575422803320788
2017-07-20,0.0,-0.0050000104167056405,-0.005110487599334371,-0.0010926972494979662,-0.0025608208616735924,-0.00451288262595676,0.004862246208034336,-0.0005843946643826947,0.00012367818950902816,0.00162609438480331,0.006852578799940814,0.001903755202160389,0.0028256588453297754,-0.00022308979456710977
2017-07-21,-0.0034049129496067356,-0.005865119452398134,-0.00543972329581821,-0.013021733747822277,-0.009582427327893803,-0.0004657197116876426,-0.005810434562176159,0.0016616067024452972,-0.009193753415007206,-0.013277085551813731,0.003174046043352066,0.01176484157958643,0.00011286044817574028,0.004674465940699397
2017-07-24,0.004281721423141134,0.004611200792804335,0.0015140048312150113,0.001844338405505939,-0.009124983472646418,0.012038774846642139,-0.0025781953354448543,0.004487621415737018,-0.003125197868319901,-0.0004843787936797384,-0.0076583584906808255,-0.01324522675002068,-0.0048645381294194255,-0.004228336109521064
2017-07-25,0.016514934238334722,0.023559676173891996,0.028780037499328868,0.014451911639147842,0.015463287922916234,0.004264678575960771,0.007984344466603963,-0.029768278157313675,0.004995639214187899,0.011465032372744637,-0.00879074323377442,-0.009996892783718772,0.010827987588618044,0.008881053043960486
2017-07-26,-0.009419221916491527,-0.011090686694158173,-0.0007352400889994219,-0.0027280184236800663,0.003019176301486987,0.004702817289281112,-0.0018888294876267908,-0.0038462778891958146,0.0012450200811417178,0.006968669316093436,0.007607311142994247,0.013166467544997885,0.0017933203640435054,0.010991537346715298
2017-07-27,-0.004142146755143699,-0.00413907875688754,-0.005605561219051697,-0.003648973215046648,-0.003470582439247555,-0.019078270912449683,-0.012091717191142846,-0.01334868764123991,0.005707211521125863,0.009373737149198515,0.007079675588061548,0.008821733329147909,0.015335337756875036,0.00827350680622303
2017-07-28,-0.0029535655666994595,-0.003323642444702078,-0.002517960302427694,-0.026110176903935797,0.009571171045288016,-0.007065283006328416,-0.0016415872359517465,0.006091580663013166,-0.015334090895415667,0.018765429522747918,-0.0016474468305987156,-0.006503746831348815,-0.005196539970781021,-0.002387931233481083
2017-07-31,0.005680592072624579,0.003738322110607158,0.015013528987967298,0.011935986539785077,0.007662531365975635,-0.0051638112262346,-0.004665851747239435,-0.0134782981979103,0.005512416865195585,0.009847762617728061,0.0024701535820623385,0.008801397972709995,0.006739240001257646,-0.0037016917608930088
2017-08-01,0.013309724154022439,0.034233171642242176,0.01666101560591593,0.0025921140231246744,0.007384023115372426,0.06418967390600312,-0.0016519827545494927,0.001120471983868018,0.0016228703393276317,0.005388879095768369,0.015851147737618563,0.017783760656205787,0.003078278596107489,-0.005468678181134115
2017-08-02,0.0008595681199710813,-0.014934687273125722,-0.0025895569067336775,-0.008542298926895444,-0.0032210410181663135,-0.009185127762834127,-0.004418676065430067,0.0011403232151096412,0.005349269457722274,0.006175101351298164,-0.008593712161121852,0.020087923111700254,-0.0006588338878917171,0.0
2017-08-03,-0.006572945382058857,-0.00898698859098632,-0.01875736564806348,-0.004111386841664102,-0.010127568461861377,-0.010041336648645385,-0.0015234404996143148,-0.007775710014458728,-0.0013656964069401081,-0.009368389042689686,0.00894055302245201,-0.00847291734231362,-0.0019791100467636603,0.0017532329715576115
2017-08-04,0.012462559237016191,0.024322236654566867,0.012398962723118134,-0.010542266312024545,0.025564440365469825,0.005257096349094167,0.007318958308090466,0.005821583811005449,-0.0034847577268093165,0.006194790695147983,-0.00034684086133014876,-0.0116150057693866,-0.002093318673292499,-0.0037293012400029207
2017-08-07,0.0038363218405887438,-0.00040056079045485744,0.0008694392664777153,-0.005693695396730814,0.0135291986020742,0.01535563167443117,-0.00385994413629977,-4.229358089798824e-05,-0.0006235580422785294,-0.00300150300375662,-0.002547182111255735,0.004294924282880871,0.008456477828590336,0.00307219903697028
2017-08-08,-0.003622806306522439,-0.002406740030565088,-0.0023201866556973095,0.0032304066097216433,-0.0037421812817342716,0.007965171152922716,0.0053722837384959305,-0.0016508464335249875,-0.0024981277043553646,0.005178769581002246,0.0039338243486923795,0.0024459857282604423,0.0015298877423942767,-0.0008768084735344257
2017-08-09,-0.0016024788430023156,-0.006446436506320104,-0.0065545351550688686,0.0015165879684092532,-0.004491866059088213,0.006103276091920859,-0.004405900008976595,-0.004362439053928037,0.0031216857466338957,0.0048815862623792445,-0.004629637898741994,-0.005511905350095251,0.003705726311550948,-0.00021932229499027213
2017-08-10,-0.014430575635956717,-0.02537999510535707,-0.017840502667446915,-0.01604006129028838,-0.024140840685363634,-0.03628946150393237,-0.014734767560171483,-0.01769672780188093,-0.015580161869343563,-0.007058852839624688,0.0022017507011454027,-0.0008191685897356495,-0.0019601443714744008,0.0032847943692850047
2017-08-11,-0.008387391906904625,-0.010837955189214758,-0.006267741754359625,-0.00019251131063410175,-0.006004688341284532,0.01381096121207025,0.0151486462996105,0.007013105434725225,-0.00967051689596961,-0.008024115270047944,-0.008019102767058623,-0.008022258389143758,-0.00436968141217297,-0.003284794369285026
2017-08-14,0.011636257662570376,0.023199052012788768,0.016185667770955616,0.01717927341952237,0.014219193747342119,0.014937409430313778,0.014922585077878471,0.009459573380096804,0.00025568908346932,-0.004771964639542898,0.0048888468924281215,0.004533286147999213,0.003388166528861138,0.0045956968947891835
2017-08-15,0.0025915142459661,0.0020454087720215516,0.0011776830449910425,0.00018923266212202077,0.0010111002070317529,0.010888270581144492,-0.0050405392464175506,-0.0009056958227217091,-0.0024316899420787725,-0.0012886599721482696,0.00890127835495221,0.00655740054615904,0.005983156276834191,0.008479233322374859
2017-08-16,-0.006925685078859008,-0.011508552832644299,-0.0038325518609929003,-0.003032028095052299,-0.008737919673162339,-0.0040303883421779225,0.00585553521654933,0.006576908983698218,-0.007330751111099372,-0.016062738002000528,-0.006697484619548416,0.0006125574464129022,0.0025996548436317433,0.00021647364517923627
2017-08-17,-0.01576042253241557,-0.02299913208403847,-0.016529301951210582,-0.017035534955757083,-0.01874649445133914,-0.019385193464560663,-0.01711784351696857,-0.01774685585704503,-0.015742210214393343,-0.00864829605306203,-0.005110941547172814,-0.022083241843289532,-0.004010628106425519,-0.00738652065793488
2017-08-18,0.0009923370349577015,-0.0008463817686811865,-0.0003003453994645281,-0.0023192897910908937,0.003291478950596782,-0.0022831060145687434,0.0012423219211155413,-0.0015966861373438869,0.004970579233187332,0.005273081898158042,0.005921642848161532,0.007898606851332953,0.004335110289792854,-0.004151650232850779
2017-08-21,-0.0012129901691275806,-0.01021285472529398,-0.009507352983555244,0.002705315659617424,-0.006140805859666236,-0.001842967062265145,-0.00470133609290638,-0.005749724835546286,-0.0033982518652350365,-0.006595708449022335,0.0023126744812795334,-0.00020706077307648137,0.004208715002228388,0.00021893815084705225
2017-08-22,0.010209211017675683,0.019064335066728447,0.013554424384628517,0.007689388137018748,0.012557268319928542,0.01621537785047325,0.013901538302784979,0.020986441296246394,0.004702203021436102,0.005468100736985256,-0.00034656039161630995,-0.00706569855600317,-0.000754107226687642,-0.0017528488274143605
2017-08-23,0.0012006768893183522,-0.0029417966162064617,0.005668272932993184,-0.003645087968770615,-0.0037641198772255906,0.0012509383667799843,-0.006032373653441512,0.0023154796906987843,-0.0016954682900766893,0.0023477495875646693,0.0038055745634070605,0.0018751958823355404,-0.0037790899589080053,-0.0013166558847468963
2017-08-24,-0.0016376443421965542,0.0033613477027047063,0.0068188820395707565,0.0024954423161851966,0.001121755440357679,-0.00444793215698585,-0.0004126263726793019,-0.006054916954138096,-0.0036615707183505096,0.007755236252598455,0.007110937177943515,-0.0004164064186755298,-0.0018407238157155373,-0.002858715525733833
2017-08-25,0.004034681881305934,-0.002940560825046444,0.0023609277603618252,-0.007505086704587387,-0.002334666350269643,0.0036975569341831244,0.001786819250743258,-0.006843803320169758,0.005096384764803711,0.007326040092072881,-0.0030904849184415456,0.00602098777320812,0.0025976851927629408,0.003517260165931488
2017-08-28,-0.003160937832709108,-0.0021057072425778867,-0.0005897095851272858,-0.002707932022252286,-0.009575069767046272,0.010020934695656616,0.0001373154825363987,-0.0025502669003647648,-0.0032639235190489693,-0.004352060204946438,0.0021757809900413054,0.000827643332988016,-0.00043247919368008016,-0.003297068598378756
2017-08-29,-0.005473467414171931,-0.005919679020299842,-0.004878419017983121,-0.004075697053814357,-0.0017714796483820044,0.00887853418454832,0.0030161799668847805,0.008176537602597721,-0.000261574681062423,0.0009275578069724683,0.0009147039284003022,-0.0035222247125780534,-0.0016234648297578395,0.0006602839460755097
2017-08-30,0.0023025063623360914,0.012223545241513995,0.007823495509779739,-0.0011675424560377012,0.011121774751081821,0.0026972369690011593,0.01305608101266655,0.008385793376273964,-0.004588667507431279,-0.0012059930029797,-0.002517451838753343,0.0006224712308056063,-0.004886268476414281,-0.0013210041551136365
2017-08-31,-0.004610326497569786,0.0008375209869793744,0.000294031169421978,-0.005662418722153214,0.005917177028088739,0.003971289777119306,0.010216515802448986,0.012228477647649253,0.0030177809427389944,-0.0010215928448275209,0.00022912132074104347,0.0010365917793547816,0.004344527307089305,0.003518807237593068
2017-09-01,0.008872395131740256,0.008336855289061789,0.008052162677804798,-0.0019600163076022212,0.009519221385851425,0.00030483158291238273,-0.011162781503338298,-0.0034080872739464733,0.0031393093146529607,0.010537115702996275,-0.0024083961409081854,0.0,0.002813854670474405,0.0050366908184535045
2017-09-05,-0.02417202837957158,-0.03291436357911425,-0.02092311482543425,-0.017216216261131175,-0.036518505886721044,-0.01208121890673741,-0.004473067437871285,-0.01110142536075995,0.007935000984440808,0.0062328341099702885,0.0036676258877483435,0.018477224500948432,0.002051282770557361,0.003053437486890248
2017-09-06,0.006680795364098236,0.0042808284551536,0.002379537113265216,-0.004400887278983418,0.004809793748353859,-0.001049415201712258,-0.0028569504501445428,0.0005734005997297681,0.020518801433287062,0.021245657407994202,-0.0048165230729471905,0.0024380345274302557,0.0,0.000870700969243891
2017-09-07,-0.01768966862398816,-0.01897426480181255,-0.018893949359961512,-0.0040176831866124176,-0.013757780206822895,-0.004022656041785126,0.012725229248636095,0.00831968264329885,0.003168369674124143,8.944943876429834e-05,0.00401537853796562,0.013504185869298224,0.0026926614362703287,0.006938449344920854
2017-09-08,-0.0012432892248605463,-0.00348888273653147,0.001663768061324558,-0.002014911018178889,0.006327235056156339,-0.016443522836512098,-0.004854378464798088,-0.008967437028998224,-0.0026607554500264015,-0.009165308116040903,0.0050251362026729795,0.004992521603120985,-0.0013992790615302325,0.0004320587667124038
2017-09-11,0.015375422134620067,0.020325023995550837,0.023006691473585843,0.02154911796648472,0.017569530367207077,0.017930696242347288,0.01048819618305418,0.0019950131305197915,0.005440640990532353,0.015584731016698111,0.0063593219082924216,0.008134158528302973,0.012310812225973659,0.0047403665582754235
2017-09-12,0.01217637359796181,0.024943165896897882,0.01582450604036886,0.0178034634893384,0.021879577974479286,-0.003970721186788175,-0.0010706639138401758,0.003555672180052873,0.0031496089028962013,-0.0002666548169216178,-0.012071664643565017,-0.02096512846504485,-0.005120011184854518,0.004290010869507913
2017-09-13,0.0028565169939929933,0.015741832938506877,0.008684379373534569,-0.002135301209269411,0.002696074648066205,-0.007550502315131924,0.007071882164789678,0.003995598566454159,0.003390472262751764,0.014911821731378722,-0.005860401719417076,-0.0028288562004777137,0.0004276702727431145,0.0032054734146430472
2017-09-14,-0.0019767192907016286,-0.003705995594317536,-0.0021640346034491045,-0.003309005452421103,0.0012791956046178633,-0.008618302643567523,-0.0058674658264874936,-0.010906871690691412,0.004003508412552764,0.0023618958624626314,0.008377853558170412,0.019635974516858935,0.0,-0.016347965716000563
2017-09-15,0.007119806624625618,0.005758962852011695,-0.002892683532835788,0.007187986266517238,-0.007211303841093383,0.0100579173258993,0.007196193101436257,-0.005161521947428422,-0.0002497502510486103,0.0015715037283425546,-0.0022883305180122736,0.004750602758597799,-0.002997539981326487,0.0015169577077351517
2017-09-18,0.014089319443612228,0.013040119580806062,0.022344097724023657,0.020121403199421243,0.010204395560155944,-0.007596960097124603,-0.0019937535679958656,-0.005940908821512942,0.00024975025104851295,0.004873388811496691,-0.014305735435102891,-0.011319751494067396,-0.0012874156911745736,-0.0015169577077351719
2017-09-19,0.010917372696640504,0.006456842448633647,0.007760180036665202,0.012256210740252784,0.006046815374878263,0.0003780718381517252,0.0037184637799374627,0.007618125249727999,0.0016218580063159461,0.009933999544200493,-0.0009300163423180363,-0.004002406783822248,0.010890562474374286,-0.002823326883578702
2017-09-20,0.007001195458983561,0.008012863385357201,0.0043475280594022486,0.0072822654004039596,0.0038369351629313725,-0.016900021029687743,-0.006649844959660782,0.011335294369427686,0.004105249281076614,0.0002578316373699647,-0.009113277232865492,-0.008457561489309904,0.002439413629483248,-0.004359204810614813
2017-09-21,0.004535155165391363,0.003982482364317568,0.004189365155277146,0.005750873840529434,0.006506486040562801,-0.017320926794444726,-0.009788881383499221,1.0553588483928157e-05,-0.008227421129032823,0.0008589589945748917,-0.00046959380999139945,-0.003646681512849428,-0.01882005932676993,-0.008335209477118341
2017-09-22,-0.0021068163275878935,-0.005579926793474761,-0.005029348405001973,0.0035084515722673517,-0.001124762188139288,-0.009827123110090066,0.0026914294271277355,-0.004537745581341529,0.0003754458463475333,0.0070157714188532035,-0.010743270792807569,-0.009175311591057759,-0.004327137863881616,0.001980416534610467
2017-09-25,-0.007515251036474201,-0.010446057222369626,-0.007874056430905996,-0.004063544564594522,-0.003338466973750129,-0.008861319722184522,-0.01557558405850144,-0.009565781262201634,0.013176076263716936,0.0059503745784139925,0.010508391167535148,0.00429229069832797,0.005190323070692638,0.004386933993267241
2017-09-26,-0.004472374614785248,0.0020173498873142536,0.0014106364308428781,-0.004265980688235778,-0.0013906999199242206,0.017057280757234353,0.0,0.0033659092209289763,-0.0011120035741538623,-0.003991343246206004,-0.0037655963535617415,-0.004906981835396115,-0.0007552463001274432,-0.002629850299388869
2017-09-27,0.01567164644858801,0.023895999628363168,0.018713016378552084,0.00759192610450806,0.020745310364539596,0.007092459050545608,0.00802125162672024,0.023687023979286417,0.006653548449178799,-0.0005958207606999789,-0.010429106140999766,-0.005549289751896355,-0.01939903902411313,-0.020619287202735703
2017-09-28,0.00209907717711378,0.0015729456644590803,0.0051059242922642705,0.0007375991483220427,0.0030198011166983605,-0.006178680512972482,0.00027078256325768427,0.005102078392169452,0.009289884681368507,0.0014463779268880882,0.0038049986454256756,0.008618973938676094,0.0002200704234232876,0.006030169026591011
2017-09-29,0.0013620411765680874,-0.004331568103538748,0.0012380495425508577,0.01645375327894243,0.0072779909120229145,0.005465205535406491,0.008358096647538471,0.009192597219558814,-0.0025583250842170623,-0.0010207554475963473,-0.004043292462828811,0.004078309078507596,0.000989718011178945,0.0022242002051947696
2017-10-02,0.013829178023211439,0.010989121575595165,0.014467292047583923,0.005785588367631671,0.014482088030263445,-0.00201344529423797,0.0016096582952380247,-0.0064393713099707905,-0.004278473612926988,-0.0005959222072238066,0.005229391522532144,0.0,0.008645744689063562,-0.0046765478839019044
2017-10-03,0.00525259974835096,0.009324076875123244,0.004461577062201514,0.001981090247214421,0.004022648342299525,0.004346563656540006,-0.0047020977344889026,0.004753688929107653,0.0015912849921298233,0.00331562471655128,-0.006063867341356056,-0.007147993265287284,0.003806628121562767,0.008667684002248944
2017-10-04,-0.010221554071538028,-0.0058173520659132024,-0.0009447331831616363,-0.011217776400263696,-0.005436487566503831,-0.006494372741507417,0.005773765620041227,-0.005467143786823682,0.0003668602914884174,-0.0020390831194323365,0.007366953470187422,0.0063336609727291,0.0032513304896359336,0.006836502533716403
2017-10-05,0.007547205635382904,0.016204058254722972,0.02216675085565543,0.0077934241309186,0.023645652107108915,0.012367820419891035,0.016992311146154963,0.0188635541580315,0.002808133217030392,0.008468885305112743,-0.0021332077300144354,0.005281344796657453,-0.004228794591354825,0.00043946386117092544
2017-10-06,-0.0017524874337285989,0.0030569378027939425,-0.001057082550865361,0.003424352269345057,-0.0001625751913838658,-0.0005793556440012383,0.00039481477120084136,0.008540452046285996,-0.0037867265672971682,-0.013157526092546817,0.004143734100598306,0.004648820903910263,0.003254504933771004,-0.0006592682361627995
2017-10-09,-0.005275965272036025,-0.013830416380876835,-0.003310603566646206,-0.007948018718706939,-0.013174774255295807,0.0034711097395836,0.0038085278158069974,-0.0013394095509323013,0.0039086406180425335,0.005793660237714322,0.0021243959364553406,0.0012091899901389553,-0.002277040832052003,-0.0017601764720530674
2017-10-10,0.007440356737950154,0.003089998596134904,-0.0027894020875785254,0.00848763560382181,-0.0008240626753935378,0.00038493616950590253,0.0,-0.004555310360393417,0.0027999287876194867,0.009217434504155247,0.011371085538429339,0.011813131668761663,-0.005442486493888403,0.010078963499220921
2017-10-11,-0.0029901553443813715,-0.0038639924428239833,-0.0031974447704907656,0.0008987148982720303,-0.0008247423147902726,0.00416067170868391,0.0017025739166158457,0.01790912949270549,0.0041247177246542715,0.004451357453019827,0.006969478785918912,0.004765696073014425,-0.0017478702286871032,0.00500164139352236
2017-10-12,-0.008816112694412268,-0.014820864111217327,-0.03489594448750487,-0.008117659801791443,-0.010784011601745452,-0.0035194405228776925,0.009118208283536364,0.0,-0.0020602322017960637,-0.0015934921810229188,0.006691303230881055,0.005137335938178173,0.007515965885923325,0.0002168962160112133
2017-10-13,-0.0013552256439602949,0.014820864111217327,-0.0035991179493682886,-0.027917331861475197,-0.005310154011912139,0.006326101802689246,0.004786245473568513,0.0022050944609953264,-0.00024265954984408703,0.00016785564454016203,-0.002071823945520363,0.003933915380175077,0.009611824094576674,0.0015169577077351517
2017-10-16,0.020444697647431766,0.015748356968139112,-0.004726169486687668,0.002046702733260578,0.016135418888142006,0.01824142479089647,0.0020626538188372933,0.0014673662422113921,0.004842038270316511,0.008107361888202217,0.003909848587041803,0.003918500311729566,0.0010742293438220489,0.009482829681261823
2017-10-17,-0.0022511009199155272,-0.0015255533088370686,0.005834970709089227,-0.011403058413512504,-0.02641741920952199,0.003683475368145587,-0.0007729966888381692,0.0016333807180346819,0.0018097368756630078,0.0007489078777322993,0.004351816304544333,0.0,-0.0036570977620762916,-0.0021473059571472703
2017-10-18,0.00378304218872554,0.01063032030175633,0.012800394994824946,0.00412758559745275,0.024848597155446888,-0.004434320103708715,0.00025773196018939786,0.0017195889084199517,-0.002413711043929486,-0.01736839397809911,-0.005385289440107287,0.002538815932568609,-0.000323328126974718,-0.002582868418254189
2017-10-19,0.0012238655275724783,0.003769322216291696,-0.0032876741941918605,0.006345672656093384,-0.008464429608323812,-0.023944895205207848,0.0038580294767193127,-0.010821219673114403,-0.0002416918440769055,0.00042310133908102915,0.009263031525473454,0.014137932785818168,-0.01280121625028389,0.004086466596495855
2017-10-20,0.014168843451771397,0.02195437015315732,0.008879233256428119,0.0215339138919982,0.019558306227665263,0.0017294947141589226,0.0114855780227914,0.003218881553122695,0.004461870531669624,0.0037155928576787177,0.0009102287578046769,0.004030328841033761,-0.03714839960149008,-0.004517594001319765
2017-10-23,-0.0017098319478663047,-0.00036812074776109853,0.0,-0.00018209960898909908,-0.010680790030519633,-0.0005121311167564976,0.0002537427062586808,-0.01962275550607793,0.0015629699604985726,0.002441386909477407,-0.004445211628161488,-0.00019155253386790114,-0.010823232967849641,-0.0012944985626458082
2017-10-24,0.015779814093652464,0.01896482805897337,0.009609602269814098,0.009245058144051209,0.011130163978478361,0.0059373877618210304,0.00038049337766423775,0.002988811918793713,0.002759284337211644,0.0025193160788866986,0.0051273398947198935,0.0032514134028031067,-0.003672255676064054,-0.0030270293383904785
2017-10-25,0.0011883542693787133,-0.0016270454642425217,-0.008386360527069965,-0.0029817053940868463,-0.012742167551558157,-0.004401780575425286,-0.0029208224460565047,0.0030000780096623085,-0.003300035995174769,-0.006057055617683341,-0.002503415053443112,-0.0028683450204135,-0.0016108621594012958,-0.0028190412250334914
2017-10-26,0.006904061352383223,0.003792329601459163,0.0023064931194002815,0.006584014765073054,-8.273693795321365e-05,0.006373101680579941,0.0016519477675002278,-4.034535625504161e-05,0.0033000359951746994,-0.0005908419669667696,-0.004682244607431231,-0.0030686637045633934,0.007571448353477503,0.003901175298818268
2017-10-27,0.00029482580922127367,0.0021606058099059074,0.0010835704703710796,0.004484714665238609,-4.1371036143492944e-05,0.03520303586859823,0.06214707833988994,0.041732596318321456,0.002871158809319715,-0.04225130549081025,0.006730959186972351,0.0005760921906807872,-0.005271010255936128,-0.003466959052308402
2017-10-30,-0.0035436595799351743,-0.00722024797348702,-0.0012190993721168937,-0.00035803795584763776,-0.0033982626984092245,0.022258856329673924,0.0009540847473883224,-0.0005225469443463381,-0.002032885602935585,0.007458464795001874,0.0018175626950711966,0.0,-0.008885870019145257,-0.004568701518067261
2017-10-31,-0.007920049319945598,-0.007637789448117538,-0.0038022859497385706,0.0051790454185266215,0.006578834990742684,0.01381961474279905,-0.008499482543437525,-8.711771060183249e-05,-0.002276949872226366,0.013027802808717627,0.0022673176020723785,0.002109503131492914,0.0008110770388441047,0.0026132419052770114
2017-11-01,0.003076467468897674,0.005098335879529238,0.007185010236216001,0.0012461060802471558,0.00731399899339471,-0.012800460552489778,0.0,0.009211681795609251,0.00621937179951722,8.628499940643477e-05,-0.005108712933077325,-0.0023014969882792745,0.0063499607237830855,-0.003922428214896226
2017-11-02,0.006616981330596552,0.012274522339340973,0.009545007602330763,0.004791916171002952,0.010669156871908269,0.007283614289655858,0.010404925539858945,0.00035481906997315263,-0.004062132228505276,-0.004930166107858721,0.00793564985274801,0.022216806689220717,-0.004382936658831682,0.0017452011410308043
2017-11-03,-0.0017733994795486846,-0.0017956549985599628,-0.00927488334352998,-0.002304352699201238,-0.010096161317410366,0.025778709426447093,0.0010702183077502233,0.006708227892714816,-0.004198914453049201,-0.0029524161772739267,-0.0004517732175325501,-0.015328145694035449,0.0008088278215514055,0.0019597175569666097
2017-11-06,-0.00623178237145295,-0.0025193463028533383,-0.003381809107380968,-0.0030214188096877098,-0.0037303533799063677,0.010093813169218906,0.003914363577030524,-0.006986318657578514,0.006829236390410188,0.017670588651295557,-0.0073700656750970645,-0.015179463329851518,-0.00614031935628604,-0.01093624198121743
2017-11-07,-0.020348519471220843,-0.020754431469445875,-0.014879804944461426,-0.020318958507408662,-0.015228930775751829,0.003208620182459215,-0.002370511955143281,0.009269446391417618,-0.0020319136854065386,0.001707359130822735,0.016814705253193455,0.00135435833800929,0.01074968451194397,0.010283429424033014
2017-11-08,-0.011304158256471892,-0.014452725166480357,-0.00510170013801341,-0.014454555937903273,0.005986797077313205,0.008147032670995103,0.0034354117777202976,0.00559062990799527,-0.0013169711571240136,-0.004873679006926002,-0.0014558488488851165,0.0009662770101534412,0.00687445420376,0.005210606665397258
2017-11-09,-0.00010242228717920995,-0.011261380272539073,0.0012433516832829527,-0.0048032606665112665,-0.001908555885953263,-0.0020447581814783686,-0.0055736877171755446,-0.010038023327811355,0.005972306332826462,0.004873679006926066,0.00447277945721009,0.004625176871171032,0.0022810228868356255,0.00108213407378469
2017-11-10,-0.0012298863905523204,0.000754717016955996,-0.0024882512146932713,-0.0035247230629460646,-0.002661456222308708,-0.006903464872307936,-0.0026196728484864946,-0.00341321732793133,-0.012342137377236563,-0.0005119017260490618,-0.00829043511568672,-0.012576348403275322,0.00431966114451638,0.006683219874011603
2017-11-13,0.0035829490139497075,-0.004158010148663788,-0.0036051065113300797,-0.0016739518462915524,0.0004995628928672952,-0.004015608883842537,0.0007151370984160353,-0.0028292631623748968,-0.0006030272148004049,0.0004266029670942615,0.011075797063544748,0.008916515752258304,0.009483024327535613,0.0038601806458259612
2017-11-14,-0.006047268979628566,-0.006079046076382226,-0.0064102783609189425,0.0059391414369611975,-0.01269100403317472,-0.01523298402056097,0.001428741759888358,0.00042250005429628836,-0.00787262589657996,-0.002647876840691688,0.013372581439590176,0.009411382248555821,-0.0014617419817559638,0.015082601369518734
2017-11-15,0.009413760299849838,0.02074371948062911,0.002792128018050579,-0.005380846084225884,0.0015583871743957943,-0.013277910837308645,-0.012812244949902676,-0.005033575749047721,-0.012603409412535538,-0.004027943912695221,-0.005614590628650674,-0.007483484986685199,-0.0072275865163704866,-0.013158084577511088
2017-11-16,0.0028475560785119498,-0.0011204482964896065,-0.0008368201325152779,0.015690215743087196,0.00737979784337768,0.011876205199558534,0.0026477329224410436,0.01156914020368554,-0.008036143884012522,-0.016276006424815557,-0.015240297202375798,0.00038513383876772895,0.011494379425734991,-0.005569851588903194
2017-11-17,-0.0033569025979533203,-0.00524542229306218,-0.004755253715881142,-0.008275909303859822,-0.005655768234005516,-0.005567779951233018,-0.009661910911736859,-0.01207099805333468,-0.003980104756626809,0.0012212143876418387,-0.0077646257428431445,-0.018851981882651976,-0.009230142072104637,-0.018209911379423054
2017-11-20,0.008825824472665944,0.00449775870683139,0.010043326155584243,-0.001848429361782316,0.00046203928155785047,-0.0009996178764346481,0.001576426689166865,-0.0011880902607372958,0.0038559659693033557,8.717255813403675e-05,0.0015803141340586446,0.004111606379692326,-0.001810979555502397,-0.005484273919255879
2017-11-21,-0.000808325799292081,-0.0003740415229694193,0.004569695690065268,0.008658062743114751,-0.00046203928155791443,0.018419732717147565,0.014316033973206082,0.015002967313457183,0.003964817484747386,0.003914920829505761,0.0016904269535054134,0.0023419214450811246,0.0050850440099700816,0.007014496100023442
2017-11-22,-0.002935670479042409,-0.00262221540026501,-0.0016592924161021058,-0.00847306598003029,-0.0067025227206259,0.010456860580884804,-0.007312866012864007,0.0015412281499338238,0.0028400340136363346,0.0064047302198374815,-0.0020288555201061664,0.0011689072049819618,-0.004405542285070752,0.00130975788206351
2017-11-24,-0.00324939359830951,-0.0026291094956341454,-0.003326867498765069,0.0005547850350340533,-0.0020322628612713875,5.715428801592133e-05,0.001803210201894393,0.004363422528936806,0.00393798195346559,0.005163078331196139,0.0016909986555825492,0.0005839416224324764,0.0013576198487533985,0.0008722198546856974
2017-11-27,-0.003974527525076113,0.0,-0.008786054706359916,-0.0025916341791918885,-0.003566428439513475,-0.005042123785901842,0.007299739229490766,0.014554902637846949,-0.003814684992579451,-0.00792765892567389,0.001125745925485298,0.003302577066848331,0.005749409896477808,0.00043582480532943895
2017-11-28,0.0344255982801804,0.038728793644540675,0.03184499568092184,0.029585795587686155,0.01812407361300451,-0.0058762699337189415,0.01197051330940752,-0.008167516016163692,0.006880479287930885,0.00741254902417404,0.0011244800465212948,-0.0013585640129366518,0.004933851677196347,-0.001526218545466813
2017-11-29,0.023112833430853092,0.0228908421289029,0.01801850550267843,0.01977792753064981,0.008112031504918083,-0.02096121117854932,-0.0183098683114202,-0.02466957116447291,0.007319783810654451,0.0062492177862925975,0.0002247443542441273,-0.007798830715343412,-0.00022373867416308218,-0.007226572564127917
2017-11-30,0.007587071208674986,-0.003897259140090715,0.006111351557009704,-0.0037118911377344026,0.02568648380022557,0.013887077537484522,0.009909937229177213,-0.0011670807430183819,0.01232197276641039,0.015328241850419332,0.0020204294671909056,0.0021507487027554355,0.006801609540551637,0.0059165287086461425
2017-12-01,0.002579906834438755,-0.002488005548581121,0.00013244156035531091,-0.004792766785099883,0.005275994437160345,-0.004666091872229057,0.0010686933273857061,-0.010770320098196352,0.002038981216157282,0.004360593911727657,-0.005058748352084214,-0.0017593592652739693,0.004103138553945433,0.004360155152585858
2017-12-04,0.02040308804156427,0.03359308180243657,0.020838182753949563,0.020953315220625757,0.006805470621320798,-0.007334637546366721,-0.03847093496707122,-0.012960798825708594,0.001317128849938156,0.011067306639681532,-0.0012404850759029674,-0.015378851991919582,0.011553190065924836,0.005639928181997458
2017-12-05,-0.011567345792326189,-0.004483539154093044,-0.007289800571727465,0.02001101792345518,-0.009299036906941317,-0.000942729270857073,0.006270383856909707,0.00761028940407279,-0.008170176409909854,-0.003730883571536231,-0.007475400084783141,0.0005958883878777244,-0.00010940320562288948,0.0006487188031591277
2017-12-06,-0.007500628566268769,-0.010074776895598846,-0.014475841672354234,0.00034153005796464577,-0.009630243561222369,-0.0037206598362532375,0.014479780879877557,0.012785704696493531,-0.007386362818678481,-0.006500022885561719,0.003971185794150615,0.010469231424595006,-0.0016424859975035261,0.004098808456554608
2017-12-07,-0.002958723227354604,0.0048763593667769355,-0.0061162270174359825,0.01339797875743403,0.010556001843443106,0.0018325308825863187,-0.003509412447946067,0.011409219264403758,0.0032761055813804586,0.00016719612143952943,-0.004653546789579519,0.008608935971470435,-0.012682827848308691,-0.014529150735426944
2017-12-08,0.012443760665939791,0.009337781838698366,0.009688840807449238,-0.0008426730084897132,0.00717567369116187,0.0002952552503069363,0.02004267511675941,0.004594196098513575,0.001331638717449235,0.002421207611529384,0.0017050302510837475,-0.0052739647588739115,0.0029921892995723293,-0.010319555845373736
2017-12-11,-0.002930751329617699,-0.0037937620945823745,0.0018474536793259841,-0.007446302810465371,-0.0008791560668562736,0.01929658752130894,0.01263373554480655,0.002465083219397307,0.004466179190352956,0.004160778241959509,0.0036277105876979564,0.012069447661008577,-0.0015503879074550858,0.000441306273711074
2017-12-12,0.011578234486369491,0.013045155815112806,0.003947373546629781,0.0244978694125004,0.02973772231384597,-0.0056334905209090005,0.004098126454464552,-0.003046547859377238,-0.0032571353965969154,-0.0061641178101346505,-0.014131289286717743,-0.009526659004854582,-0.004220352776841427,-0.0008828073846353274
2017-12-13,-0.012620246611155765,-0.01650656460170241,-0.013352039195348032,-0.015535266084071152,-0.00826128928880092,0.003314245554848113,-0.0026911617482211605,0.0024950492907055578,0.0043404939136295765,0.0020867250174626734,0.004923016411466706,0.00952665900485459,0.011398341743273185,0.01337885949837689
2017-12-14,-0.008088734209939058,-0.0038214394255501405,-0.01636961281239412,-0.003034903695154047,-0.000313087040754157,-0.00029028419025872184,-0.007762918306941891,0.005766164511607955,-0.0026502846497226803,-0.0033408533537401582,0.0,-0.0031007776782481593,0.0013195515440088063,0.0028282407626507356
2017-12-15,0.014041976455687237,0.010732316965397016,0.011433307678395465,0.010916222263815516,0.006593216120514411,0.010110141288439746,0.025184961753606322,0.013646799907042276,0.001566926132689826,0.0016718218388625638,0.0031927051065583347,-0.004084416842224736,0.00973270299594345,0.0034699666133638945
2017-12-18,0.0076959553939387314,0.015037877364540502,0.011965045694606175,0.017385983089700352,0.01102120632011981,0.013984645274161846,-0.00542632515455891,0.012136870212464604,-0.00108453345570409,-0.0002505951648247663,-0.014910242964481684,-0.014922719487393122,-0.00010883169189616867,-0.0056448261048119295
2017-12-19,-0.004216055338613279,-0.0010181572235402208,-0.012901688567658593,-0.009234894127313004,-0.01370786227277967,-0.010713574095455545,-0.00638757180242639,-0.004905616179067709,-0.006046698795977016,0.0011689072049819618,-0.01783783816747123,-0.014747178381288271,-0.0021791248544679458,0.004344999232027197
2017-12-20,-0.0034799000553254757,0.0010181572235401738,-0.0005356186523338683,-0.0036514563392651303,-0.005081510367645745,-0.0010891686135050998,-0.003618329013338787,-0.005777087964959881,0.0052023588386928814,0.008723521444991103,-0.006135712464514121,0.002606517766435155,-0.001637465569741577,-0.0010844811820934985
2017-12-21,0.015796935494232098,0.011467242015456508,0.015417636601750846,0.02414901746609637,0.02258954227137215,0.0037783420264058997,-0.00023389077407525593,-0.0025275030826051015,0.011756373408266565,0.03199165829199633,-0.002251319156943661,-0.009051655887832384,0.0015283845769963622,-0.010471299867295366
2017-12-22,-0.003530289805461487,0.0020100509280241,-0.004361912936655243,-0.0009743423960168939,-0.00784649589008751,0.0,0.00011695222514941521,-0.0018600656853101998,0.0014301039262540809,0.0012810249950388271,-0.001543301784325004,-0.020206831020357238,0.005005451147156301,-0.00021932229499027213
2017-12-26,-0.004009890205361018,-0.003352333008753561,-0.009449727602565714,-0.006847108589828387,-0.004838500604439979,-0.0256973454952844,-0.00128722737333971,-0.002820057052065599,0.00011908306057533504,0.007969439692847368,-0.006795043132828913,-0.009321662527136093,0.003791781803226839,0.004814013673300591
2017-12-27,0.0018670655162331604,-0.0016803902458566332,0.0014699007123079575,-0.0029488881133534544,-0.006891611366849623,0.00017586540479718152,0.0036234041162670765,-0.005315033325497725,-0.000953061782886727,-0.0034190785901890273,0.004535155165391363,0.0,-0.004117461662806255,0.002616090439051288
2017-12-28,0.0053020913941455,0.0023517565013524023,0.002533841457032413,0.0057259870148851635,0.0021465517072319913,0.0028096483011293425,0.00011666569458487321,-0.0040167338933223195,0.0014292522680752866,0.0002389200823694007,0.00011906888148838132,0.004775260813029441,-0.0003257859615066872,-0.00458265941109224
2017-12-29,-0.00791696027295167,-0.009440393779087073,-0.008963870309138186,-0.010330500987959162,-0.00680673910765926,-0.010872546938713586,-0.002102067806613587,-0.002417807611094385,-0.004532991180803121,-0.003110422414392391,0.0014277218368101805,-0.003943140939759411,-0.002065779478857017,0.0034934533345601267
2018-01-02,0.009400227440230982,0.012790480664368983,-0.0006721785559265358,0.0068988447074691045,0.003565624920637894,0.01774622694103316,0.0047816290300956715,0.018631129386461293,0.016482260837268295,0.018911035542238396,-0.010517606216342078,-0.01931615799340103,-0.013477440620037357,-0.007438231625576512
2018-01-03,0.0010184714551033651,-0.003350086885281863,0.003088287113828662,0.0076641223090028,-0.009352473074284743,-0.00017417051337248623,0.004643072763829302,0.016917062794530598,0.01944974838879495,0.007263103505240527,-0.003128763081809947,-0.005740421843936711,-0.0012141951930475091,-0.0021982862226976488
2018-01-04,0.009028158972357455,0.0130023502073886,0.01225864784826223,0.012430541850080731,0.013879310072985714,0.004634197020902014,0.008762883238112994,0.0038769661962849565,0.0013831260849511257,-0.003117452450707231,-0.007865005150399833,-0.004273510777381938,0.007043832777482762,0.01398624197473987
2018-01-05,-0.0064403571585243385,0.004626577981742123,-0.0013252056007786622,0.006715727191134002,-0.005113702955801574,0.011320984054957106,0.0123218900692888,0.013173056018295088,-0.0008065910444787972,-0.0016405612835453632,-0.004626819407069083,0.0017115964811813525,0.0006578226308917023,-0.00021703743981013786
2018-01-08,0.001475742750761462,-0.006947918768796779,-0.011738163320953128,-0.011379239703555234,-0.014625849586261123,-0.0037212008018539565,0.0010200034884462292,0.0035243911509415587,0.004485601862327561,0.004913631537243353,0.0031680299434092038,0.008938131435476776,0.005247060573516485,-0.001520582458730585
2018-01-09,0.005056319667123811,0.004967720101934447,0.010411199219658008,0.003539826705123987,0.00842318376120414,-0.00011471836653621983,-0.0006798867117419655,-0.001275258367708759,-0.004255080883897769,-0.00538285810407587,-0.011747565349950417,-0.012578782206860185,-0.0073316518160867015,0.004987541511038968
2018-01-10,0.01094402167931743,0.00920756258397717,0.004504512121104729,0.01371851152415677,0.0015346177289204724,-0.00022947622153374797,-0.004544429543222346,-0.0023842417488188043,-0.007983843391924072,0.006393783964889643,-0.014007046485158454,-0.014043657404094611,-0.006390502135966654,-0.003466959052308402
2018-01-11,0.005337205667822379,0.0035941878260637343,-0.001190397601056133,-0.0017442325836546876,0.0031405828035589887,0.005664116753620801,0.0029562272808531845,0.0017190253491781442,0.009826100677498804,0.029937541827903924,-0.01041480020529292,-0.015568782834619837,-0.0035433543883239575,-0.0006513950941437218
2018-01-12,0.016375472181296882,0.01713865717604385,0.01679829526704715,-0.0073272070410439925,0.00741959042601136,0.010273382633496518,0.017109827566460185,0.016587529740550146,0.006764141582697948,0.0077394532917871685,-0.004804662169903903,-0.009102071941975903,-0.006008028753198218,0.002386377095179289
2018-01-16,-0.0035565077053864784,0.0016017943517732773,0.003507635944513239,-0.0007996801705642901,0.005548133496909303,-0.005095119718169932,-0.014049121215179431,4.422137219640541e-05,-0.006304107071997219,-0.011972583809877193,-0.0061022309876430526,-0.004022351791947462,0.006784211084121802,0.008200304907696123
2018-01-17,0.00639263475046672,-0.0019224613418547427,0.00465779079894178,0.021839766604455968,-0.018785579084346225,0.016381350864128324,0.020057818496796803,0.0074015669646667025,0.01177358287653266,0.002647805760743385,-0.00012752662135503745,0.008694737642335188,0.010803765100035972,0.0062131962062075404
2018-01-18,0.0023867414645040892,0.009575559919572131,-0.0010331913614434075,0.0010952046780400378,-0.010621953936578664,0.0008929568625495602,-0.0004438526482101093,-0.0027515654241830395,-0.006498341285406741,-0.0058344548913622845,-0.013740184063679476,-0.003335189306138239,-0.01124722408734759,0.001280683205992564
2018-01-19,-0.002209750313599598,0.007594973217444768,0.011690029714389674,0.004213160636516014,0.020312674574481236,-0.004472779457210183,-0.0011104942840270652,0.00660682298115257,-0.003207701226769731,-0.0022062468532986065,-0.006746263261392388,-0.010297829976779426,0.009820768586788944,0.005954930400412815
2018-01-22,0.011612693181819057,0.006911746020219224,0.0036968618813262026,0.00791008389605105,0.0208646777653536,-0.008214753898176243,0.017730765696852172,0.017906062426867087,0.012542923847376252,0.00955059180955686,0.0016908373671296675,-0.00904165291695001,0.008963767933066358,0.00465412306146946
2018-01-23,-0.0010501444913628834,-0.0006263702052583255,-0.0005091001764534922,-0.0037145995351329317,-0.005483037451694155,0.00022596316896499895,0.0031605933345242566,0.01026359994452341,0.0005664117965082575,-0.011685389814577122,0.009828088936262473,0.009716492668125926,-0.03139419977712297,0.0014763263252975357
2018-01-24,0.01270245024479448,0.0053116825401574785,0.011392528281094839,0.015234579480648228,0.02126485210423011,-0.016056827352048247,-0.0008708905405654899,-0.004157691317253119,0.002601370013043529,0.002820016350000208,-0.0060664916608371405,-0.008808639677945995,-0.00834465825495975,0.007976532636268466
2018-01-25,0.0002593248923206598,0.0,-0.00012587324580792727,0.002592848245871043,0.012530320478559348,-0.018012243846866838,0.005538976963460634,0.009220649751627483,-0.0018089320930446589,-0.00564800768710914,0.02126377029151495,0.012176024159727388,0.0003396546876695516,0.0002090519501709795
2018-01-26,0.0053443795855782125,0.0034219974285970723,0.008024115270048,0.0042559723764032135,-0.0033136653736355226,0.002334949400110534,0.018563760732365372,0.004574426679573764,0.007103824202226798,0.004124662126317435,-0.0008875927800117702,-0.0069718037929882275,-0.0069290900280879275,0.014320053774748471
2018-01-29,-0.0010321693673983512,0.002481390851385476,-0.0014996253747658359,-0.0016698296100146515,0.016055984740963192,-0.020915718127997005,-0.0014895204371156482,-0.000909841514467285,-0.011185925346419422,-0.020873403894487476,-0.01972905395303716,-0.007248049850769756,-0.0099662890336167,-0.017250765522829288
2018-01-30,-0.009424651490840145,-0.012468989479733836,-0.016900389638484913,-0.008238032859342178,-0.013076910518654306,-0.005911700255126828,-0.01264347711647157,-0.007707803035065629,-0.014074264015515748,-0.02562120362251035,0.004775743184741426,0.018245804060310962,0.0010356136936163622,-0.006098220980268754
2018-01-31,0.004853116380339408,0.0037570488777123423,-0.001782304736606666,0.0076301301050592605,-0.0039118579027996895,0.0027511979075863237,0.024182270255343384,0.0041108894597597315,0.005974282475351743,0.0009577780283611249,0.010758300484841504,0.0068958119993651965,-0.00704025067296058,0.0037894782189922802
2018-02-01,0.01032089663775561,0.015504186535965254,0.009132483563272474,-0.004113038017125845,0.016070848730045186,0.002088243949696684,-0.007925227723073275,-0.0005330377779236557,0.020072114598221533,0.0017535473965700167,-0.0213732868880068,-0.016315033915856675,-0.005691402783847011,-0.0029461300770822017
2018-02-02,-0.022410628582493396,-0.017067908512147997,-0.027911170433617436,-0.02222656709285501,-0.04581183188670119,-0.04435965484807803,-0.026662512528897377,-0.05424684472920608,-0.05231607650294177,-0.05727553372165086,-0.0040425170785261776,-0.004743091896012737,-0.01881301811101337,-0.015290168343602197
2018-02-05,-0.04914024294073009,-0.05434547246333389,-0.049913880214890315,-0.09677840242566628,-0.04294089935363001,-0.025301832394989912,-0.042057594488480926,-0.052093057324003676,-0.05858600559624232,-0.051568518452749186,-0.00945261075361713,-0.010240162300097326,-0.03859894803230854,-0.04017130391849396
2018-02-06,0.02996919774366005,0.030591386455226795,0.020933980748127634,-0.015246310572873638,0.03777452320934539,0.0409421227764823,0.0371425062253811,0.020533416282812272,-0.01733452654256417,0.039691894290170136,-0.01756532188002777,-0.005274636698790691,0.016153067807772217,-0.0049129174298134
2018-02-07,0.006756181802032828,0.0016012813669738276,0.002269542393297967,0.0045288354710116075,-0.006203974920139472,-0.021639558468579508,-0.019012399807459425,-0.027125186302862654,-0.018160071477880686,-0.01626052087178029,-0.0012089463491385597,-0.0034550305013340632,-0.00657656736456349,-0.0024655397449987186
